configuration,dataset,representation,qubits,fold,repeat,mode,test_position,source_id,truth,prediction,decision_score,job_id
clamp_native10,clamp,native,10,0,0,exact,0,clamp:240,0,0,-0.33584466585764294,
clamp_native10,clamp,native,10,0,0,exact,1,clamp:369,0,1,0.6181661792265346,
clamp_native10,clamp,native,10,0,0,exact,2,clamp:719,0,0,-0.5878498010609695,
clamp_native10,clamp,native,10,0,0,exact,3,clamp:1336,0,0,-1.013802314152362,
clamp_native10,clamp,native,10,0,0,exact,4,clamp:1605,0,0,-0.9939535925479533,
clamp_native10,clamp,native,10,0,0,exact,5,clamp:1417,0,0,-0.4350163089192766,
clamp_native10,clamp,native,10,0,0,exact,6,clamp:2339,0,0,-0.2948183844016068,
clamp_native10,clamp,native,10,0,0,exact,7,clamp:2379,0,0,-0.23898554311094922,
clamp_native10,clamp,native,10,0,0,exact,8,clamp:102,0,0,-1.0011928257086875,
clamp_native10,clamp,native,10,0,0,exact,9,clamp:1859,0,0,-0.7433569420304958,
clamp_native10,clamp,native,10,0,0,exact,10,clamp:1158,0,0,-1.0043600194749984,
clamp_native10,clamp,native,10,0,0,exact,11,clamp:1610,0,0,-0.9997277596564146,
clamp_native10,clamp,native,10,0,0,exact,12,clamp:862,0,0,-0.566306182083212,
clamp_native10,clamp,native,10,0,0,exact,13,clamp:607,0,0,-0.6372620782665159,
clamp_native10,clamp,native,10,0,0,exact,14,clamp:139,0,0,-0.3471699056569751,
clamp_native10,clamp,native,10,0,0,exact,15,clamp:1856,0,0,-0.7188399392141518,
clamp_native10,clamp,native,10,0,0,exact,16,clamp:2028,0,0,-0.21593648996795914,
clamp_native10,clamp,native,10,0,0,exact,17,clamp:1312,0,0,-0.7645526415656532,
clamp_native10,clamp,native,10,0,0,exact,18,clamp:950,0,0,-0.16752374886524515,
clamp_native10,clamp,native,10,0,0,exact,19,clamp:1568,0,0,-1.00140906920292,
clamp_native10,clamp,native,10,0,0,exact,20,clamp:922,0,1,0.7323876410854696,
clamp_native10,clamp,native,10,0,0,exact,21,clamp:958,0,0,-0.5558319901941924,
clamp_native10,clamp,native,10,0,0,exact,22,clamp:2073,0,0,-0.22398715399819286,
clamp_native10,clamp,native,10,0,0,exact,23,clamp:109,0,1,0.22623102305692355,
clamp_native10,clamp,native,10,0,0,exact,24,clamp:1291,0,0,-0.6506738018449983,
clamp_native10,clamp,native,10,0,0,exact,25,clamp:1197,0,0,-0.5872896150162431,
clamp_native10,clamp,native,10,0,0,exact,26,clamp:2459,0,0,-0.634261830927632,
clamp_native10,clamp,native,10,0,0,exact,27,clamp:1683,0,1,0.736776516804105,
clamp_native10,clamp,native,10,0,0,exact,28,clamp:320,0,0,-0.13047211025644945,
clamp_native10,clamp,native,10,0,0,exact,29,clamp:927,0,0,-0.7338028195190347,
clamp_native10,clamp,native,10,0,0,exact,30,clamp:1424,0,0,-0.33910224128757693,
clamp_native10,clamp,native,10,0,0,exact,31,clamp:1832,0,0,-1.1595943507720865,
clamp_native10,clamp,native,10,0,0,exact,32,clamp:1796,0,0,-1.004618742754682,
clamp_native10,clamp,native,10,0,0,exact,33,clamp:1154,0,0,-0.3438155525762763,
clamp_native10,clamp,native,10,0,0,exact,34,clamp:744,0,0,-0.6389431486080746,
clamp_native10,clamp,native,10,0,0,exact,35,clamp:759,0,0,-0.7183161339370276,
clamp_native10,clamp,native,10,0,0,exact,36,clamp:1082,0,0,-0.8956179562579102,
clamp_native10,clamp,native,10,0,0,exact,37,clamp:1936,0,0,-0.16425811803591914,
clamp_native10,clamp,native,10,0,0,exact,38,clamp:834,0,0,-0.9319999306973545,
clamp_native10,clamp,native,10,0,0,exact,39,clamp:360,0,0,-0.5326240395327472,
clamp_native10,clamp,native,10,0,0,exact,40,clamp:3556,1,1,0.06813835610596514,
clamp_native10,clamp,native,10,0,0,exact,41,clamp:3741,1,1,1.0044427275688343,
clamp_native10,clamp,native,10,0,0,exact,42,clamp:3085,1,1,1.080004866733303,
clamp_native10,clamp,native,10,0,0,exact,43,clamp:4967,1,1,0.5327141270940086,
clamp_native10,clamp,native,10,0,0,exact,44,clamp:5000,1,1,1.1899612841257554,
clamp_native10,clamp,native,10,0,0,exact,45,clamp:3359,1,0,-0.571859992495235,
clamp_native10,clamp,native,10,0,0,exact,46,clamp:3832,1,1,0.9525525070132879,
clamp_native10,clamp,native,10,0,0,exact,47,clamp:2609,1,0,-0.05196742756502305,
clamp_native10,clamp,native,10,0,0,exact,48,clamp:3804,1,1,0.9879820862920694,
clamp_native10,clamp,native,10,0,0,exact,49,clamp:4549,1,0,-0.4872632902200049,
clamp_native10,clamp,native,10,0,0,exact,50,clamp:2965,1,1,0.3572613873348106,
clamp_native10,clamp,native,10,0,0,exact,51,clamp:4655,1,1,0.3506969088620782,
clamp_native10,clamp,native,10,0,0,exact,52,clamp:3567,1,1,1.0605157968842212,
clamp_native10,clamp,native,10,0,0,exact,53,clamp:2683,1,1,0.04972042345415231,
clamp_native10,clamp,native,10,0,0,exact,54,clamp:3472,1,1,0.5410097407408058,
clamp_native10,clamp,native,10,0,0,exact,55,clamp:3277,1,0,-0.5718755350420103,
clamp_native10,clamp,native,10,0,0,exact,56,clamp:3562,1,1,0.7986092466854376,
clamp_native10,clamp,native,10,0,0,exact,57,clamp:4226,1,1,0.36137764686760265,
clamp_native10,clamp,native,10,0,0,exact,58,clamp:2539,1,1,1.1966434917771995,
clamp_native10,clamp,native,10,0,0,exact,59,clamp:5043,1,1,0.8183429934568224,
clamp_native10,clamp,native,10,0,0,exact,60,clamp:3041,1,1,0.5285277823950706,
clamp_native10,clamp,native,10,0,0,exact,61,clamp:2790,1,0,-0.0029989289827998256,
clamp_native10,clamp,native,10,0,0,exact,62,clamp:4513,1,1,1.112243847150536,
clamp_native10,clamp,native,10,0,0,exact,63,clamp:2800,1,1,1.050628364876581,
clamp_native10,clamp,native,10,0,0,exact,64,clamp:4086,1,1,0.9907651638045978,
clamp_native10,clamp,native,10,0,0,exact,65,clamp:3323,1,1,0.9997996939644984,
clamp_native10,clamp,native,10,0,0,exact,66,clamp:4083,1,1,0.04562835048502695,
clamp_native10,clamp,native,10,0,0,exact,67,clamp:3502,1,1,0.1690707812784606,
clamp_native10,clamp,native,10,0,0,exact,68,clamp:2942,1,1,1.0787046366743795,
clamp_native10,clamp,native,10,0,0,exact,69,clamp:2736,1,1,0.8786256408592017,
clamp_native10,clamp,native,10,0,0,exact,70,clamp:3934,1,0,-0.30613428627826433,
clamp_native10,clamp,native,10,0,0,exact,71,clamp:3604,1,0,-0.12652708018674497,
clamp_native10,clamp,native,10,0,0,exact,72,clamp:3106,1,1,0.954093811126026,
clamp_native10,clamp,native,10,0,0,exact,73,clamp:2810,1,1,0.8025248207495133,
clamp_native10,clamp,native,10,0,0,exact,74,clamp:4020,1,1,0.30107038880762077,
clamp_native10,clamp,native,10,0,0,exact,75,clamp:3687,1,0,-0.1387847371766738,
clamp_native10,clamp,native,10,0,0,exact,76,clamp:4062,1,1,0.8217184087782748,
clamp_native10,clamp,native,10,0,0,exact,77,clamp:3438,1,1,1.1446989946651265,
clamp_native10,clamp,native,10,0,0,exact,78,clamp:3533,1,1,0.1279040412314732,
clamp_native10,clamp,native,10,0,0,exact,79,clamp:4210,1,1,1.0193876991749145,
clamp_native10,clamp,native,10,0,0,ideal_aer,0,clamp:240,0,0,-0.31265706094687895,
clamp_native10,clamp,native,10,0,0,ideal_aer,1,clamp:369,0,1,0.686444743506283,
clamp_native10,clamp,native,10,0,0,ideal_aer,2,clamp:719,0,0,-0.643336468759198,
clamp_native10,clamp,native,10,0,0,ideal_aer,3,clamp:1336,0,0,-1.0806577892097797,
clamp_native10,clamp,native,10,0,0,ideal_aer,4,clamp:1605,0,0,-0.9390602071862777,
clamp_native10,clamp,native,10,0,0,ideal_aer,5,clamp:1417,0,0,-0.43776054247590424,
clamp_native10,clamp,native,10,0,0,ideal_aer,6,clamp:2339,0,0,-0.2952585626790719,
clamp_native10,clamp,native,10,0,0,ideal_aer,7,clamp:2379,0,0,-0.26047485432035206,
clamp_native10,clamp,native,10,0,0,ideal_aer,8,clamp:102,0,0,-1.0714775897321924,
clamp_native10,clamp,native,10,0,0,ideal_aer,9,clamp:1859,0,0,-0.7598382432569388,
clamp_native10,clamp,native,10,0,0,ideal_aer,10,clamp:1158,0,0,-0.9241779836516758,
clamp_native10,clamp,native,10,0,0,ideal_aer,11,clamp:1610,0,0,-1.0010833847518437,
clamp_native10,clamp,native,10,0,0,ideal_aer,12,clamp:862,0,0,-0.5914903704764395,
clamp_native10,clamp,native,10,0,0,ideal_aer,13,clamp:607,0,0,-0.6164869618706811,
clamp_native10,clamp,native,10,0,0,ideal_aer,14,clamp:139,0,0,-0.400696086933766,
clamp_native10,clamp,native,10,0,0,ideal_aer,15,clamp:1856,0,0,-0.7477035995114668,
clamp_native10,clamp,native,10,0,0,ideal_aer,16,clamp:2028,0,0,-0.22827761535236954,
clamp_native10,clamp,native,10,0,0,ideal_aer,17,clamp:1312,0,0,-0.8154158469070869,
clamp_native10,clamp,native,10,0,0,ideal_aer,18,clamp:950,0,0,-0.17424689447808134,
clamp_native10,clamp,native,10,0,0,ideal_aer,19,clamp:1568,0,0,-1.0795302126372222,
clamp_native10,clamp,native,10,0,0,ideal_aer,20,clamp:922,0,1,0.8390626676209373,
clamp_native10,clamp,native,10,0,0,ideal_aer,21,clamp:958,0,0,-0.532143979085018,
clamp_native10,clamp,native,10,0,0,ideal_aer,22,clamp:2073,0,0,-0.31779048822587547,
clamp_native10,clamp,native,10,0,0,ideal_aer,23,clamp:109,0,1,0.2364494194022905,
clamp_native10,clamp,native,10,0,0,ideal_aer,24,clamp:1291,0,0,-0.5696535034793714,
clamp_native10,clamp,native,10,0,0,ideal_aer,25,clamp:1197,0,0,-0.5186529699869963,
clamp_native10,clamp,native,10,0,0,ideal_aer,26,clamp:2459,0,0,-0.6867733253193012,
clamp_native10,clamp,native,10,0,0,ideal_aer,27,clamp:1683,0,1,0.8555716735124923,
clamp_native10,clamp,native,10,0,0,ideal_aer,28,clamp:320,0,0,-0.1435486358498408,
clamp_native10,clamp,native,10,0,0,ideal_aer,29,clamp:927,0,0,-0.7193682003652626,
clamp_native10,clamp,native,10,0,0,ideal_aer,30,clamp:1424,0,0,-0.3369763850055914,
clamp_native10,clamp,native,10,0,0,ideal_aer,31,clamp:1832,0,0,-1.2120413379572303,
clamp_native10,clamp,native,10,0,0,ideal_aer,32,clamp:1796,0,0,-0.9418646384156024,
clamp_native10,clamp,native,10,0,0,ideal_aer,33,clamp:1154,0,0,-0.3356116507265091,
clamp_native10,clamp,native,10,0,0,ideal_aer,34,clamp:744,0,0,-0.6512729499192957,
clamp_native10,clamp,native,10,0,0,ideal_aer,35,clamp:759,0,0,-0.7598210113988529,
clamp_native10,clamp,native,10,0,0,ideal_aer,36,clamp:1082,0,0,-0.8485047034848202,
clamp_native10,clamp,native,10,0,0,ideal_aer,37,clamp:1936,0,0,-0.1682123603401398,
clamp_native10,clamp,native,10,0,0,ideal_aer,38,clamp:834,0,0,-0.9364071564773296,
clamp_native10,clamp,native,10,0,0,ideal_aer,39,clamp:360,0,0,-0.46884517012659577,
clamp_native10,clamp,native,10,0,0,ideal_aer,40,clamp:3556,1,1,0.050543718540680765,
clamp_native10,clamp,native,10,0,0,ideal_aer,41,clamp:3741,1,1,0.9443501861281799,
clamp_native10,clamp,native,10,0,0,ideal_aer,42,clamp:3085,1,1,1.0556039935494808,
clamp_native10,clamp,native,10,0,0,ideal_aer,43,clamp:4967,1,1,0.5759328291330926,
clamp_native10,clamp,native,10,0,0,ideal_aer,44,clamp:5000,1,1,1.2057791389516568,
clamp_native10,clamp,native,10,0,0,ideal_aer,45,clamp:3359,1,0,-0.5344951891154018,
clamp_native10,clamp,native,10,0,0,ideal_aer,46,clamp:3832,1,1,0.9442643992382705,
clamp_native10,clamp,native,10,0,0,ideal_aer,47,clamp:2609,1,0,-0.03598504009094973,
clamp_native10,clamp,native,10,0,0,ideal_aer,48,clamp:3804,1,1,1.0085723439252692,
clamp_native10,clamp,native,10,0,0,ideal_aer,49,clamp:4549,1,0,-0.487389483359586,
clamp_native10,clamp,native,10,0,0,ideal_aer,50,clamp:2965,1,1,0.38976169861089216,
clamp_native10,clamp,native,10,0,0,ideal_aer,51,clamp:4655,1,1,0.3259781800552246,
clamp_native10,clamp,native,10,0,0,ideal_aer,52,clamp:3567,1,1,1.1292441963296007,
clamp_native10,clamp,native,10,0,0,ideal_aer,53,clamp:2683,1,1,0.0001685789954255501,
clamp_native10,clamp,native,10,0,0,ideal_aer,54,clamp:3472,1,1,0.5828787019365265,
clamp_native10,clamp,native,10,0,0,ideal_aer,55,clamp:3277,1,0,-0.5399752654627158,
clamp_native10,clamp,native,10,0,0,ideal_aer,56,clamp:3562,1,1,0.8443395984284994,
clamp_native10,clamp,native,10,0,0,ideal_aer,57,clamp:4226,1,1,0.33157497598496743,
clamp_native10,clamp,native,10,0,0,ideal_aer,58,clamp:2539,1,1,1.2707303117031417,
clamp_native10,clamp,native,10,0,0,ideal_aer,59,clamp:5043,1,1,0.8902052905923526,
clamp_native10,clamp,native,10,0,0,ideal_aer,60,clamp:3041,1,1,0.4961696951454846,
clamp_native10,clamp,native,10,0,0,ideal_aer,61,clamp:2790,1,0,-0.020706035952059706,
clamp_native10,clamp,native,10,0,0,ideal_aer,62,clamp:4513,1,1,1.1362056937791711,
clamp_native10,clamp,native,10,0,0,ideal_aer,63,clamp:2800,1,1,1.2010753607682219,
clamp_native10,clamp,native,10,0,0,ideal_aer,64,clamp:4086,1,1,0.939772193923149,
clamp_native10,clamp,native,10,0,0,ideal_aer,65,clamp:3323,1,1,1.0282004857792792,
clamp_native10,clamp,native,10,0,0,ideal_aer,66,clamp:4083,1,1,0.08060094916915383,
clamp_native10,clamp,native,10,0,0,ideal_aer,67,clamp:3502,1,1,0.16062786342834387,
clamp_native10,clamp,native,10,0,0,ideal_aer,68,clamp:2942,1,1,1.130375014623535,
clamp_native10,clamp,native,10,0,0,ideal_aer,69,clamp:2736,1,1,0.9301085854476802,
clamp_native10,clamp,native,10,0,0,ideal_aer,70,clamp:3934,1,0,-0.3317173294049729,
clamp_native10,clamp,native,10,0,0,ideal_aer,71,clamp:3604,1,0,-0.13142939223108427,
clamp_native10,clamp,native,10,0,0,ideal_aer,72,clamp:3106,1,1,0.9321451775177781,
clamp_native10,clamp,native,10,0,0,ideal_aer,73,clamp:2810,1,1,0.8136652641087506,
clamp_native10,clamp,native,10,0,0,ideal_aer,74,clamp:4020,1,1,0.32210554897576327,
clamp_native10,clamp,native,10,0,0,ideal_aer,75,clamp:3687,1,0,-0.15616546054141825,
clamp_native10,clamp,native,10,0,0,ideal_aer,76,clamp:4062,1,1,0.8698362090172785,
clamp_native10,clamp,native,10,0,0,ideal_aer,77,clamp:3438,1,1,1.2382759183478895,
clamp_native10,clamp,native,10,0,0,ideal_aer,78,clamp:3533,1,1,0.20958877719748772,
clamp_native10,clamp,native,10,0,0,ideal_aer,79,clamp:4210,1,1,1.192290489756806,
clamp_native10,clamp,native,10,0,0,noisy_aer,0,clamp:240,0,0,-0.3267328305140805,
clamp_native10,clamp,native,10,0,0,noisy_aer,1,clamp:369,0,1,0.7081919649395826,
clamp_native10,clamp,native,10,0,0,noisy_aer,2,clamp:719,0,0,-0.4744243697288646,
clamp_native10,clamp,native,10,0,0,noisy_aer,3,clamp:1336,0,0,-0.9074796273554065,
clamp_native10,clamp,native,10,0,0,noisy_aer,4,clamp:1605,0,0,-0.8616233292689576,
clamp_native10,clamp,native,10,0,0,noisy_aer,5,clamp:1417,0,0,-0.3884867022290025,
clamp_native10,clamp,native,10,0,0,noisy_aer,6,clamp:2339,0,0,-0.2985915007105694,
clamp_native10,clamp,native,10,0,0,noisy_aer,7,clamp:2379,0,0,-0.2037439976691665,
clamp_native10,clamp,native,10,0,0,noisy_aer,8,clamp:102,0,0,-0.7810097439752415,
clamp_native10,clamp,native,10,0,0,noisy_aer,9,clamp:1859,0,0,-0.6664610598670717,
clamp_native10,clamp,native,10,0,0,noisy_aer,10,clamp:1158,0,0,-0.7755315273646857,
clamp_native10,clamp,native,10,0,0,noisy_aer,11,clamp:1610,0,0,-0.8708080115817919,
clamp_native10,clamp,native,10,0,0,noisy_aer,12,clamp:862,0,0,-0.4453844358956339,
clamp_native10,clamp,native,10,0,0,noisy_aer,13,clamp:607,0,0,-0.49549323163124737,
clamp_native10,clamp,native,10,0,0,noisy_aer,14,clamp:139,0,0,-0.31529883333257624,
clamp_native10,clamp,native,10,0,0,noisy_aer,15,clamp:1856,0,0,-0.6205927954965789,
clamp_native10,clamp,native,10,0,0,noisy_aer,16,clamp:2028,0,0,-0.19143692048658123,
clamp_native10,clamp,native,10,0,0,noisy_aer,17,clamp:1312,0,0,-0.6172723311173438,
clamp_native10,clamp,native,10,0,0,noisy_aer,18,clamp:950,0,0,-0.14005210326835105,
clamp_native10,clamp,native,10,0,0,noisy_aer,19,clamp:1568,0,0,-1.0313784652515492,
clamp_native10,clamp,native,10,0,0,noisy_aer,20,clamp:922,0,1,0.4940316906199286,
clamp_native10,clamp,native,10,0,0,noisy_aer,21,clamp:958,0,0,-0.481023250846248,
clamp_native10,clamp,native,10,0,0,noisy_aer,22,clamp:2073,0,0,-0.11904000151779746,
clamp_native10,clamp,native,10,0,0,noisy_aer,23,clamp:109,0,1,0.18017209827832312,
clamp_native10,clamp,native,10,0,0,noisy_aer,24,clamp:1291,0,0,-0.6158671163118634,
clamp_native10,clamp,native,10,0,0,noisy_aer,25,clamp:1197,0,0,-0.5381236282308027,
clamp_native10,clamp,native,10,0,0,noisy_aer,26,clamp:2459,0,0,-0.5339183401356262,
clamp_native10,clamp,native,10,0,0,noisy_aer,27,clamp:1683,0,1,0.4082377576951999,
clamp_native10,clamp,native,10,0,0,noisy_aer,28,clamp:320,0,0,-0.10327067334281051,
clamp_native10,clamp,native,10,0,0,noisy_aer,29,clamp:927,0,0,-0.7240524897121061,
clamp_native10,clamp,native,10,0,0,noisy_aer,30,clamp:1424,0,0,-0.27328117792443507,
clamp_native10,clamp,native,10,0,0,noisy_aer,31,clamp:1832,0,0,-1.0518033217053075,
clamp_native10,clamp,native,10,0,0,noisy_aer,32,clamp:1796,0,0,-1.0869638809655202,
clamp_native10,clamp,native,10,0,0,noisy_aer,33,clamp:1154,0,0,-0.313956991572975,
clamp_native10,clamp,native,10,0,0,noisy_aer,34,clamp:744,0,0,-0.5252466693241143,
clamp_native10,clamp,native,10,0,0,noisy_aer,35,clamp:759,0,0,-0.6706391503317158,
clamp_native10,clamp,native,10,0,0,noisy_aer,36,clamp:1082,0,0,-0.7897890983320854,
clamp_native10,clamp,native,10,0,0,noisy_aer,37,clamp:1936,0,0,-0.12510849309603667,
clamp_native10,clamp,native,10,0,0,noisy_aer,38,clamp:834,0,0,-0.8098776659216393,
clamp_native10,clamp,native,10,0,0,noisy_aer,39,clamp:360,0,0,-0.4495149041770291,
clamp_native10,clamp,native,10,0,0,noisy_aer,40,clamp:3556,1,1,0.07143221620581602,
clamp_native10,clamp,native,10,0,0,noisy_aer,41,clamp:3741,1,1,0.8762780176579451,
clamp_native10,clamp,native,10,0,0,noisy_aer,42,clamp:3085,1,1,0.9747317962299379,
clamp_native10,clamp,native,10,0,0,noisy_aer,43,clamp:4967,1,1,0.6361425217391637,
clamp_native10,clamp,native,10,0,0,noisy_aer,44,clamp:5000,1,1,1.1821012184081185,
clamp_native10,clamp,native,10,0,0,noisy_aer,45,clamp:3359,1,0,-0.5278183805723657,
clamp_native10,clamp,native,10,0,0,noisy_aer,46,clamp:3832,1,1,0.6627569547767198,
clamp_native10,clamp,native,10,0,0,noisy_aer,47,clamp:2609,1,0,-0.04093520068412086,
clamp_native10,clamp,native,10,0,0,noisy_aer,48,clamp:3804,1,1,0.5504307375064462,
clamp_native10,clamp,native,10,0,0,noisy_aer,49,clamp:4549,1,0,-0.34913419312527566,
clamp_native10,clamp,native,10,0,0,noisy_aer,50,clamp:2965,1,1,0.3430934886630359,
clamp_native10,clamp,native,10,0,0,noisy_aer,51,clamp:4655,1,1,0.3145251013310686,
clamp_native10,clamp,native,10,0,0,noisy_aer,52,clamp:3567,1,1,1.1005664459284255,
clamp_native10,clamp,native,10,0,0,noisy_aer,53,clamp:2683,1,1,0.01094804038955921,
clamp_native10,clamp,native,10,0,0,noisy_aer,54,clamp:3472,1,1,0.3913664439232599,
clamp_native10,clamp,native,10,0,0,noisy_aer,55,clamp:3277,1,0,-0.5802457860097717,
clamp_native10,clamp,native,10,0,0,noisy_aer,56,clamp:3562,1,1,0.6668430867171858,
clamp_native10,clamp,native,10,0,0,noisy_aer,57,clamp:4226,1,1,0.35050104661821857,
clamp_native10,clamp,native,10,0,0,noisy_aer,58,clamp:2539,1,1,0.9736267299582154,
clamp_native10,clamp,native,10,0,0,noisy_aer,59,clamp:5043,1,1,0.6050271318960588,
clamp_native10,clamp,native,10,0,0,noisy_aer,60,clamp:3041,1,1,0.2127170522320597,
clamp_native10,clamp,native,10,0,0,noisy_aer,61,clamp:2790,1,1,0.03971117910588065,
clamp_native10,clamp,native,10,0,0,noisy_aer,62,clamp:4513,1,1,0.9503183330040427,
clamp_native10,clamp,native,10,0,0,noisy_aer,63,clamp:2800,1,1,1.070484253523072,
clamp_native10,clamp,native,10,0,0,noisy_aer,64,clamp:4086,1,1,0.9016903943930682,
clamp_native10,clamp,native,10,0,0,noisy_aer,65,clamp:3323,1,1,0.9230173501927587,
clamp_native10,clamp,native,10,0,0,noisy_aer,66,clamp:4083,1,1,0.0254407401958123,
clamp_native10,clamp,native,10,0,0,noisy_aer,67,clamp:3502,1,1,0.1194882544869845,
clamp_native10,clamp,native,10,0,0,noisy_aer,68,clamp:2942,1,1,1.0012003429967125,
clamp_native10,clamp,native,10,0,0,noisy_aer,69,clamp:2736,1,1,0.7039728139281075,
clamp_native10,clamp,native,10,0,0,noisy_aer,70,clamp:3934,1,0,-0.2688915238618744,
clamp_native10,clamp,native,10,0,0,noisy_aer,71,clamp:3604,1,0,-0.13924935052929244,
clamp_native10,clamp,native,10,0,0,noisy_aer,72,clamp:3106,1,1,0.8518248148799837,
clamp_native10,clamp,native,10,0,0,noisy_aer,73,clamp:2810,1,1,0.9791044598020057,
clamp_native10,clamp,native,10,0,0,noisy_aer,74,clamp:4020,1,1,0.4518196115495178,
clamp_native10,clamp,native,10,0,0,noisy_aer,75,clamp:3687,1,0,-0.13274566501827326,
clamp_native10,clamp,native,10,0,0,noisy_aer,76,clamp:4062,1,1,0.6146311504305929,
clamp_native10,clamp,native,10,0,0,noisy_aer,77,clamp:3438,1,1,1.1513041023935957,
clamp_native10,clamp,native,10,0,0,noisy_aer,78,clamp:3533,1,1,0.11970611465711531,
clamp_native10,clamp,native,10,0,0,noisy_aer,79,clamp:4210,1,1,1.0009074391651043,
clamp_native10,clamp,native,10,1,0,exact,0,clamp:1689,0,0,-1.1350885172433038,
clamp_native10,clamp,native,10,1,0,exact,1,clamp:1105,0,0,-0.5976381186106702,
clamp_native10,clamp,native,10,1,0,exact,2,clamp:1060,0,0,-0.9494439753883377,
clamp_native10,clamp,native,10,1,0,exact,3,clamp:531,0,0,-1.0156778056353237,
clamp_native10,clamp,native,10,1,0,exact,4,clamp:1101,0,0,-0.1474432122742013,
clamp_native10,clamp,native,10,1,0,exact,5,clamp:489,0,0,-0.06692030472658816,
clamp_native10,clamp,native,10,1,0,exact,6,clamp:232,0,0,-0.9560316903944683,
clamp_native10,clamp,native,10,1,0,exact,7,clamp:1543,0,1,0.38988515133229884,
clamp_native10,clamp,native,10,1,0,exact,8,clamp:491,0,1,0.02625777086384834,
clamp_native10,clamp,native,10,1,0,exact,9,clamp:1868,0,0,-0.9989407767832555,
clamp_native10,clamp,native,10,1,0,exact,10,clamp:1614,0,0,-0.20706911161793876,
clamp_native10,clamp,native,10,1,0,exact,11,clamp:1031,0,0,-0.9513858468447375,
clamp_native10,clamp,native,10,1,0,exact,12,clamp:2247,0,0,-0.9635034906607644,
clamp_native10,clamp,native,10,1,0,exact,13,clamp:991,0,0,-0.24818750440906995,
clamp_native10,clamp,native,10,1,0,exact,14,clamp:319,0,0,-0.579507521914425,
clamp_native10,clamp,native,10,1,0,exact,15,clamp:1977,0,0,-0.11000056767480533,
clamp_native10,clamp,native,10,1,0,exact,16,clamp:2233,0,0,-0.4581334596569485,
clamp_native10,clamp,native,10,1,0,exact,17,clamp:1721,0,0,-1.0505560292451233,
clamp_native10,clamp,native,10,1,0,exact,18,clamp:2025,0,0,-1.0019892890941438,
clamp_native10,clamp,native,10,1,0,exact,19,clamp:1173,0,0,-0.7910726997382185,
clamp_native10,clamp,native,10,1,0,exact,20,clamp:1266,0,0,-0.9834702770659747,
clamp_native10,clamp,native,10,1,0,exact,21,clamp:17,0,0,-1.0308992244529647,
clamp_native10,clamp,native,10,1,0,exact,22,clamp:1192,0,0,-0.12235730335159153,
clamp_native10,clamp,native,10,1,0,exact,23,clamp:1344,0,0,-0.9503954597637888,
clamp_native10,clamp,native,10,1,0,exact,24,clamp:1067,0,0,-1.0731062925273478,
clamp_native10,clamp,native,10,1,0,exact,25,clamp:2306,0,0,-0.7170028841807845,
clamp_native10,clamp,native,10,1,0,exact,26,clamp:1743,0,0,-1.0140187178734916,
clamp_native10,clamp,native,10,1,0,exact,27,clamp:1269,0,0,-0.10792278796727808,
clamp_native10,clamp,native,10,1,0,exact,28,clamp:151,0,0,-0.7112444691193646,
clamp_native10,clamp,native,10,1,0,exact,29,clamp:173,0,0,-0.9685536888806319,
clamp_native10,clamp,native,10,1,0,exact,30,clamp:190,0,0,-0.9768743119190455,
clamp_native10,clamp,native,10,1,0,exact,31,clamp:1290,0,0,-0.3779585992482539,
clamp_native10,clamp,native,10,1,0,exact,32,clamp:396,0,0,-0.9976933886056324,
clamp_native10,clamp,native,10,1,0,exact,33,clamp:648,0,0,-0.7629338919606484,
clamp_native10,clamp,native,10,1,0,exact,34,clamp:335,0,0,-1.0726733533593777,
clamp_native10,clamp,native,10,1,0,exact,35,clamp:1165,0,1,0.13143380927291917,
clamp_native10,clamp,native,10,1,0,exact,36,clamp:2010,0,0,-0.9764550467239465,
clamp_native10,clamp,native,10,1,0,exact,37,clamp:2298,0,0,-0.6278628299087323,
clamp_native10,clamp,native,10,1,0,exact,38,clamp:9,0,0,-0.13557454024736076,
clamp_native10,clamp,native,10,1,0,exact,39,clamp:767,0,0,-0.9590837604544653,
clamp_native10,clamp,native,10,1,0,exact,40,clamp:3063,1,1,0.4821607163201025,
clamp_native10,clamp,native,10,1,0,exact,41,clamp:4446,1,1,1.1071296117505056,
clamp_native10,clamp,native,10,1,0,exact,42,clamp:3605,1,1,0.7699607341524304,
clamp_native10,clamp,native,10,1,0,exact,43,clamp:4626,1,1,0.7351440012960406,
clamp_native10,clamp,native,10,1,0,exact,44,clamp:3962,1,1,1.1800862801147114,
clamp_native10,clamp,native,10,1,0,exact,45,clamp:3334,1,1,0.9127213991486383,
clamp_native10,clamp,native,10,1,0,exact,46,clamp:4743,1,0,-0.5228302083816476,
clamp_native10,clamp,native,10,1,0,exact,47,clamp:4693,1,1,0.7459059940638518,
clamp_native10,clamp,native,10,1,0,exact,48,clamp:2697,1,1,1.0402326792047714,
clamp_native10,clamp,native,10,1,0,exact,49,clamp:5134,1,1,1.1859339833060274,
clamp_native10,clamp,native,10,1,0,exact,50,clamp:4302,1,1,0.9009013035639688,
clamp_native10,clamp,native,10,1,0,exact,51,clamp:4568,1,1,0.020777244510651688,
clamp_native10,clamp,native,10,1,0,exact,52,clamp:4271,1,1,1.0137041123186223,
clamp_native10,clamp,native,10,1,0,exact,53,clamp:4139,1,0,-0.9424720678868962,
clamp_native10,clamp,native,10,1,0,exact,54,clamp:2895,1,1,1.0136743712501834,
clamp_native10,clamp,native,10,1,0,exact,55,clamp:4786,1,1,0.8809007089875402,
clamp_native10,clamp,native,10,1,0,exact,56,clamp:4253,1,1,1.1803111380116944,
clamp_native10,clamp,native,10,1,0,exact,57,clamp:3234,1,1,0.9360306335425106,
clamp_native10,clamp,native,10,1,0,exact,58,clamp:2870,1,0,-0.11639671721180887,
clamp_native10,clamp,native,10,1,0,exact,59,clamp:4604,1,1,0.3037558067957402,
clamp_native10,clamp,native,10,1,0,exact,60,clamp:3968,1,1,0.9641210521557688,
clamp_native10,clamp,native,10,1,0,exact,61,clamp:4188,1,1,0.3905706199383472,
clamp_native10,clamp,native,10,1,0,exact,62,clamp:4212,1,1,0.9426553396902406,
clamp_native10,clamp,native,10,1,0,exact,63,clamp:4352,1,1,0.2885114737233243,
clamp_native10,clamp,native,10,1,0,exact,64,clamp:2979,1,0,-0.6263372128304084,
clamp_native10,clamp,native,10,1,0,exact,65,clamp:4563,1,1,1.0699653672347378,
clamp_native10,clamp,native,10,1,0,exact,66,clamp:3718,1,1,0.8231982882714464,
clamp_native10,clamp,native,10,1,0,exact,67,clamp:3088,1,1,1.0414180414184258,
clamp_native10,clamp,native,10,1,0,exact,68,clamp:3471,1,1,1.136055134923366,
clamp_native10,clamp,native,10,1,0,exact,69,clamp:3338,1,1,0.9808904269539229,
clamp_native10,clamp,native,10,1,0,exact,70,clamp:3936,1,1,0.8840340260472412,
clamp_native10,clamp,native,10,1,0,exact,71,clamp:5007,1,1,1.0923745987569184,
clamp_native10,clamp,native,10,1,0,exact,72,clamp:2574,1,1,0.5671787229413019,
clamp_native10,clamp,native,10,1,0,exact,73,clamp:3925,1,1,0.10468041513017781,
clamp_native10,clamp,native,10,1,0,exact,74,clamp:3039,1,1,0.8008867597954885,
clamp_native10,clamp,native,10,1,0,exact,75,clamp:3624,1,1,0.8567113276244267,
clamp_native10,clamp,native,10,1,0,exact,76,clamp:3541,1,0,-0.047068437990503115,
clamp_native10,clamp,native,10,1,0,exact,77,clamp:5031,1,0,-0.05034118295125839,
clamp_native10,clamp,native,10,1,0,exact,78,clamp:2648,1,1,0.002929981197310666,
clamp_native10,clamp,native,10,1,0,exact,79,clamp:3278,1,1,0.7570654276494925,
clamp_native10,clamp,native,10,1,0,ideal_aer,0,clamp:1689,0,0,-1.216121260289122,
clamp_native10,clamp,native,10,1,0,ideal_aer,1,clamp:1105,0,0,-0.5438054189852524,
clamp_native10,clamp,native,10,1,0,ideal_aer,2,clamp:1060,0,0,-0.8988657148975057,
clamp_native10,clamp,native,10,1,0,ideal_aer,3,clamp:531,0,0,-0.8680013082339068,
clamp_native10,clamp,native,10,1,0,ideal_aer,4,clamp:1101,0,0,-0.11683336237020388,
clamp_native10,clamp,native,10,1,0,ideal_aer,5,clamp:489,0,1,0.024685412403156665,
clamp_native10,clamp,native,10,1,0,ideal_aer,6,clamp:232,0,0,-1.091996426811871,
clamp_native10,clamp,native,10,1,0,ideal_aer,7,clamp:1543,0,1,0.4384453807126829,
clamp_native10,clamp,native,10,1,0,ideal_aer,8,clamp:491,0,1,0.07932949564929784,
clamp_native10,clamp,native,10,1,0,ideal_aer,9,clamp:1868,0,0,-0.861216281583341,
clamp_native10,clamp,native,10,1,0,ideal_aer,10,clamp:1614,0,0,-0.18685660637485693,
clamp_native10,clamp,native,10,1,0,ideal_aer,11,clamp:1031,0,0,-1.0503546763762763,
clamp_native10,clamp,native,10,1,0,ideal_aer,12,clamp:2247,0,0,-1.1018574816168327,
clamp_native10,clamp,native,10,1,0,ideal_aer,13,clamp:991,0,0,-0.27461507980880273,
clamp_native10,clamp,native,10,1,0,ideal_aer,14,clamp:319,0,0,-0.5341510598392231,
clamp_native10,clamp,native,10,1,0,ideal_aer,15,clamp:1977,0,0,-0.001695362204988976,
clamp_native10,clamp,native,10,1,0,ideal_aer,16,clamp:2233,0,0,-0.47472610584716246,
clamp_native10,clamp,native,10,1,0,ideal_aer,17,clamp:1721,0,0,-1.126548924131618,
clamp_native10,clamp,native,10,1,0,ideal_aer,18,clamp:2025,0,0,-1.0197915648913192,
clamp_native10,clamp,native,10,1,0,ideal_aer,19,clamp:1173,0,0,-0.7937460954469057,
clamp_native10,clamp,native,10,1,0,ideal_aer,20,clamp:1266,0,0,-1.014896817423871,
clamp_native10,clamp,native,10,1,0,ideal_aer,21,clamp:17,0,0,-0.9403180163286164,
clamp_native10,clamp,native,10,1,0,ideal_aer,22,clamp:1192,0,0,-0.19327610593877664,
clamp_native10,clamp,native,10,1,0,ideal_aer,23,clamp:1344,0,0,-0.9643416364488391,
clamp_native10,clamp,native,10,1,0,ideal_aer,24,clamp:1067,0,0,-1.0606685460947134,
clamp_native10,clamp,native,10,1,0,ideal_aer,25,clamp:2306,0,0,-0.8469882598738956,
clamp_native10,clamp,native,10,1,0,ideal_aer,26,clamp:1743,0,0,-1.1514552399401259,
clamp_native10,clamp,native,10,1,0,ideal_aer,27,clamp:1269,0,0,-0.037733368575960824,
clamp_native10,clamp,native,10,1,0,ideal_aer,28,clamp:151,0,0,-0.7381903461678951,
clamp_native10,clamp,native,10,1,0,ideal_aer,29,clamp:173,0,0,-0.9565325874725216,
clamp_native10,clamp,native,10,1,0,ideal_aer,30,clamp:190,0,0,-0.867872666500356,
clamp_native10,clamp,native,10,1,0,ideal_aer,31,clamp:1290,0,0,-0.36542027806325694,
clamp_native10,clamp,native,10,1,0,ideal_aer,32,clamp:396,0,0,-1.0059591319200123,
clamp_native10,clamp,native,10,1,0,ideal_aer,33,clamp:648,0,0,-0.7710611984083422,
clamp_native10,clamp,native,10,1,0,ideal_aer,34,clamp:335,0,0,-1.0765798674683846,
clamp_native10,clamp,native,10,1,0,ideal_aer,35,clamp:1165,0,1,0.1642868781291086,
clamp_native10,clamp,native,10,1,0,ideal_aer,36,clamp:2010,0,0,-0.888444614462614,
clamp_native10,clamp,native,10,1,0,ideal_aer,37,clamp:2298,0,0,-0.6646746261557197,
clamp_native10,clamp,native,10,1,0,ideal_aer,38,clamp:9,0,0,-0.1501757282645882,
clamp_native10,clamp,native,10,1,0,ideal_aer,39,clamp:767,0,0,-0.946858892220801,
clamp_native10,clamp,native,10,1,0,ideal_aer,40,clamp:3063,1,1,0.457467431096213,
clamp_native10,clamp,native,10,1,0,ideal_aer,41,clamp:4446,1,1,1.097874188380714,
clamp_native10,clamp,native,10,1,0,ideal_aer,42,clamp:3605,1,1,0.8882648257508508,
clamp_native10,clamp,native,10,1,0,ideal_aer,43,clamp:4626,1,1,0.6086441935887402,
clamp_native10,clamp,native,10,1,0,ideal_aer,44,clamp:3962,1,1,1.2530684094492983,
clamp_native10,clamp,native,10,1,0,ideal_aer,45,clamp:3334,1,1,0.97437325243662,
clamp_native10,clamp,native,10,1,0,ideal_aer,46,clamp:4743,1,0,-0.49092853764967737,
clamp_native10,clamp,native,10,1,0,ideal_aer,47,clamp:4693,1,1,0.7515530823345066,
clamp_native10,clamp,native,10,1,0,ideal_aer,48,clamp:2697,1,1,0.9496832197071512,
clamp_native10,clamp,native,10,1,0,ideal_aer,49,clamp:5134,1,1,1.2226032664028945,
clamp_native10,clamp,native,10,1,0,ideal_aer,50,clamp:4302,1,1,0.7975767194211973,
clamp_native10,clamp,native,10,1,0,ideal_aer,51,clamp:4568,1,1,0.07398409318036667,
clamp_native10,clamp,native,10,1,0,ideal_aer,52,clamp:4271,1,1,0.9964171368010579,
clamp_native10,clamp,native,10,1,0,ideal_aer,53,clamp:4139,1,0,-1.0087307308686386,
clamp_native10,clamp,native,10,1,0,ideal_aer,54,clamp:2895,1,1,1.0672027432308195,
clamp_native10,clamp,native,10,1,0,ideal_aer,55,clamp:4786,1,1,0.9495223498836354,
clamp_native10,clamp,native,10,1,0,ideal_aer,56,clamp:4253,1,1,1.2903080462015029,
clamp_native10,clamp,native,10,1,0,ideal_aer,57,clamp:3234,1,1,0.8505703095281332,
clamp_native10,clamp,native,10,1,0,ideal_aer,58,clamp:2870,1,0,-0.16715024444804125,
clamp_native10,clamp,native,10,1,0,ideal_aer,59,clamp:4604,1,1,0.365513848252769,
clamp_native10,clamp,native,10,1,0,ideal_aer,60,clamp:3968,1,1,0.9277088522260439,
clamp_native10,clamp,native,10,1,0,ideal_aer,61,clamp:4188,1,1,0.40098745658957513,
clamp_native10,clamp,native,10,1,0,ideal_aer,62,clamp:4212,1,1,0.9135111950745367,
clamp_native10,clamp,native,10,1,0,ideal_aer,63,clamp:4352,1,1,0.41671872980564906,
clamp_native10,clamp,native,10,1,0,ideal_aer,64,clamp:2979,1,0,-0.62850985106537,
clamp_native10,clamp,native,10,1,0,ideal_aer,65,clamp:4563,1,1,0.7878896194973065,
clamp_native10,clamp,native,10,1,0,ideal_aer,66,clamp:3718,1,1,0.8680306320318545,
clamp_native10,clamp,native,10,1,0,ideal_aer,67,clamp:3088,1,1,1.0012263354579705,
clamp_native10,clamp,native,10,1,0,ideal_aer,68,clamp:3471,1,1,1.158518315424994,
clamp_native10,clamp,native,10,1,0,ideal_aer,69,clamp:3338,1,1,0.9076672311249021,
clamp_native10,clamp,native,10,1,0,ideal_aer,70,clamp:3936,1,1,0.8973716329635111,
clamp_native10,clamp,native,10,1,0,ideal_aer,71,clamp:5007,1,1,1.2466595871849822,
clamp_native10,clamp,native,10,1,0,ideal_aer,72,clamp:2574,1,1,0.5412296560718651,
clamp_native10,clamp,native,10,1,0,ideal_aer,73,clamp:3925,1,1,0.17864135943192758,
clamp_native10,clamp,native,10,1,0,ideal_aer,74,clamp:3039,1,1,0.5054159119406478,
clamp_native10,clamp,native,10,1,0,ideal_aer,75,clamp:3624,1,1,0.8428302316323684,
clamp_native10,clamp,native,10,1,0,ideal_aer,76,clamp:3541,1,0,-0.045487760094696655,
clamp_native10,clamp,native,10,1,0,ideal_aer,77,clamp:5031,1,0,-0.056397652511670865,
clamp_native10,clamp,native,10,1,0,ideal_aer,78,clamp:2648,1,1,0.05601107578331632,
clamp_native10,clamp,native,10,1,0,ideal_aer,79,clamp:3278,1,1,0.7316793881695889,
clamp_native10,clamp,native,10,1,0,noisy_aer,0,clamp:1689,0,0,-0.8155844197704676,
clamp_native10,clamp,native,10,1,0,noisy_aer,1,clamp:1105,0,0,-0.4670908618488301,
clamp_native10,clamp,native,10,1,0,noisy_aer,2,clamp:1060,0,0,-0.9156448530699143,
clamp_native10,clamp,native,10,1,0,noisy_aer,3,clamp:531,0,0,-0.850166198468619,
clamp_native10,clamp,native,10,1,0,noisy_aer,4,clamp:1101,0,0,-0.14559070157183424,
clamp_native10,clamp,native,10,1,0,noisy_aer,5,clamp:489,0,0,-0.2954277637548325,
clamp_native10,clamp,native,10,1,0,noisy_aer,6,clamp:232,0,0,-0.9105884578109089,
clamp_native10,clamp,native,10,1,0,noisy_aer,7,clamp:1543,0,1,0.22821328502645008,
clamp_native10,clamp,native,10,1,0,noisy_aer,8,clamp:491,0,0,-0.07886553568720595,
clamp_native10,clamp,native,10,1,0,noisy_aer,9,clamp:1868,0,0,-0.8727676812584898,
clamp_native10,clamp,native,10,1,0,noisy_aer,10,clamp:1614,0,0,-0.18411430471826967,
clamp_native10,clamp,native,10,1,0,noisy_aer,11,clamp:1031,0,0,-0.8004590265209847,
clamp_native10,clamp,native,10,1,0,noisy_aer,12,clamp:2247,0,0,-0.9846838278846338,
clamp_native10,clamp,native,10,1,0,noisy_aer,13,clamp:991,0,0,-0.18989090534301037,
clamp_native10,clamp,native,10,1,0,noisy_aer,14,clamp:319,0,0,-0.5151769573653817,
clamp_native10,clamp,native,10,1,0,noisy_aer,15,clamp:1977,0,0,-0.08195847955640047,
clamp_native10,clamp,native,10,1,0,noisy_aer,16,clamp:2233,0,0,-0.34435857071522863,
clamp_native10,clamp,native,10,1,0,noisy_aer,17,clamp:1721,0,0,-1.1039851631707365,
clamp_native10,clamp,native,10,1,0,noisy_aer,18,clamp:2025,0,0,-0.8803564659629934,
clamp_native10,clamp,native,10,1,0,noisy_aer,19,clamp:1173,0,0,-0.5691047770749372,
clamp_native10,clamp,native,10,1,0,noisy_aer,20,clamp:1266,0,0,-0.8952869483788162,
clamp_native10,clamp,native,10,1,0,noisy_aer,21,clamp:17,0,0,-1.0715214852667954,
clamp_native10,clamp,native,10,1,0,noisy_aer,22,clamp:1192,0,0,-0.28075688741639754,
clamp_native10,clamp,native,10,1,0,noisy_aer,23,clamp:1344,0,0,-0.662064637742118,
clamp_native10,clamp,native,10,1,0,noisy_aer,24,clamp:1067,0,0,-0.8717424612188671,
clamp_native10,clamp,native,10,1,0,noisy_aer,25,clamp:2306,0,0,-0.5644273258499233,
clamp_native10,clamp,native,10,1,0,noisy_aer,26,clamp:1743,0,0,-0.8150675414775931,
clamp_native10,clamp,native,10,1,0,noisy_aer,27,clamp:1269,0,0,-0.1293864011872748,
clamp_native10,clamp,native,10,1,0,noisy_aer,28,clamp:151,0,0,-0.6733998368550806,
clamp_native10,clamp,native,10,1,0,noisy_aer,29,clamp:173,0,0,-1.1035409553117326,
clamp_native10,clamp,native,10,1,0,noisy_aer,30,clamp:190,0,0,-0.71500459152195,
clamp_native10,clamp,native,10,1,0,noisy_aer,31,clamp:1290,0,0,-0.2716323825314639,
clamp_native10,clamp,native,10,1,0,noisy_aer,32,clamp:396,0,0,-0.8922460259096416,
clamp_native10,clamp,native,10,1,0,noisy_aer,33,clamp:648,0,0,-0.641802030887371,
clamp_native10,clamp,native,10,1,0,noisy_aer,34,clamp:335,0,0,-0.8585281550661563,
clamp_native10,clamp,native,10,1,0,noisy_aer,35,clamp:1165,0,1,0.060671745263670085,
clamp_native10,clamp,native,10,1,0,noisy_aer,36,clamp:2010,0,0,-0.7902807980098879,
clamp_native10,clamp,native,10,1,0,noisy_aer,37,clamp:2298,0,0,-0.7396109868888358,
clamp_native10,clamp,native,10,1,0,noisy_aer,38,clamp:9,0,0,-0.13852555737610653,
clamp_native10,clamp,native,10,1,0,noisy_aer,39,clamp:767,0,0,-0.7107938675622468,
clamp_native10,clamp,native,10,1,0,noisy_aer,40,clamp:3063,1,1,0.24173785570385534,
clamp_native10,clamp,native,10,1,0,noisy_aer,41,clamp:4446,1,1,0.9225608695847018,
clamp_native10,clamp,native,10,1,0,noisy_aer,42,clamp:3605,1,1,0.6371254639852683,
clamp_native10,clamp,native,10,1,0,noisy_aer,43,clamp:4626,1,1,0.770536619829601,
clamp_native10,clamp,native,10,1,0,noisy_aer,44,clamp:3962,1,1,1.1108771016205266,
clamp_native10,clamp,native,10,1,0,noisy_aer,45,clamp:3334,1,1,1.1498980492338087,
clamp_native10,clamp,native,10,1,0,noisy_aer,46,clamp:4743,1,0,-0.28601591249457436,
clamp_native10,clamp,native,10,1,0,noisy_aer,47,clamp:4693,1,1,0.5417224472000044,
clamp_native10,clamp,native,10,1,0,noisy_aer,48,clamp:2697,1,1,1.0335778718922262,
clamp_native10,clamp,native,10,1,0,noisy_aer,49,clamp:5134,1,1,0.7819104749875938,
clamp_native10,clamp,native,10,1,0,noisy_aer,50,clamp:4302,1,1,1.0483840335729244,
clamp_native10,clamp,native,10,1,0,noisy_aer,51,clamp:4568,1,1,0.009447400309663012,
clamp_native10,clamp,native,10,1,0,noisy_aer,52,clamp:4271,1,1,0.6486760646209985,
clamp_native10,clamp,native,10,1,0,noisy_aer,53,clamp:4139,1,0,-0.9875883344785455,
clamp_native10,clamp,native,10,1,0,noisy_aer,54,clamp:2895,1,1,0.8066505068398656,
clamp_native10,clamp,native,10,1,0,noisy_aer,55,clamp:4786,1,1,0.7922600018884678,
clamp_native10,clamp,native,10,1,0,noisy_aer,56,clamp:4253,1,1,1.2348864964894986,
clamp_native10,clamp,native,10,1,0,noisy_aer,57,clamp:3234,1,1,0.7579895496560538,
clamp_native10,clamp,native,10,1,0,noisy_aer,58,clamp:2870,1,0,-0.1298514634600523,
clamp_native10,clamp,native,10,1,0,noisy_aer,59,clamp:4604,1,1,0.32091950559042826,
clamp_native10,clamp,native,10,1,0,noisy_aer,60,clamp:3968,1,1,0.9840675070643601,
clamp_native10,clamp,native,10,1,0,noisy_aer,61,clamp:4188,1,1,0.5402383474709901,
clamp_native10,clamp,native,10,1,0,noisy_aer,62,clamp:4212,1,1,1.0676074825999906,
clamp_native10,clamp,native,10,1,0,noisy_aer,63,clamp:4352,1,1,0.2320856479899205,
clamp_native10,clamp,native,10,1,0,noisy_aer,64,clamp:2979,1,0,-0.5712863509478098,
clamp_native10,clamp,native,10,1,0,noisy_aer,65,clamp:4563,1,1,0.8810825695311264,
clamp_native10,clamp,native,10,1,0,noisy_aer,66,clamp:3718,1,1,0.8197033904161684,
clamp_native10,clamp,native,10,1,0,noisy_aer,67,clamp:3088,1,1,0.8106417987945377,
clamp_native10,clamp,native,10,1,0,noisy_aer,68,clamp:3471,1,1,1.0834817163637507,
clamp_native10,clamp,native,10,1,0,noisy_aer,69,clamp:3338,1,1,1.2021401181675593,
clamp_native10,clamp,native,10,1,0,noisy_aer,70,clamp:3936,1,1,0.8636919931622937,
clamp_native10,clamp,native,10,1,0,noisy_aer,71,clamp:5007,1,1,1.0207742689337607,
clamp_native10,clamp,native,10,1,0,noisy_aer,72,clamp:2574,1,1,0.5839877346609814,
clamp_native10,clamp,native,10,1,0,noisy_aer,73,clamp:3925,1,1,0.0861499386102677,
clamp_native10,clamp,native,10,1,0,noisy_aer,74,clamp:3039,1,1,0.5487117038440074,
clamp_native10,clamp,native,10,1,0,noisy_aer,75,clamp:3624,1,1,0.9299491247776972,
clamp_native10,clamp,native,10,1,0,noisy_aer,76,clamp:3541,1,0,-0.12959736310268058,
clamp_native10,clamp,native,10,1,0,noisy_aer,77,clamp:5031,1,0,-0.013735003813793195,
clamp_native10,clamp,native,10,1,0,noisy_aer,78,clamp:2648,1,1,0.11274726681008965,
clamp_native10,clamp,native,10,1,0,noisy_aer,79,clamp:3278,1,1,0.7979985862053403,
clamp_native10,clamp,native,10,2,0,exact,0,clamp:1919,0,0,-1.014876323530809,
clamp_native10,clamp,native,10,2,0,exact,1,clamp:1226,0,0,-1.1092332657895088,
clamp_native10,clamp,native,10,2,0,exact,2,clamp:2139,0,0,-0.4673615608798858,
clamp_native10,clamp,native,10,2,0,exact,3,clamp:1685,0,0,-1.0133265495251866,
clamp_native10,clamp,native,10,2,0,exact,4,clamp:2261,0,0,-0.48908413640948356,
clamp_native10,clamp,native,10,2,0,exact,5,clamp:2479,0,0,-0.9967557629276814,
clamp_native10,clamp,native,10,2,0,exact,6,clamp:2288,0,1,1.000168332313336,
clamp_native10,clamp,native,10,2,0,exact,7,clamp:783,0,0,-0.5161642712676459,
clamp_native10,clamp,native,10,2,0,exact,8,clamp:1503,0,0,-0.9615162424958905,
clamp_native10,clamp,native,10,2,0,exact,9,clamp:1324,0,0,-0.4010923351264271,
clamp_native10,clamp,native,10,2,0,exact,10,clamp:1196,0,0,-0.227533494382547,
clamp_native10,clamp,native,10,2,0,exact,11,clamp:147,0,0,-1.0382461974680737,
clamp_native10,clamp,native,10,2,0,exact,12,clamp:2029,0,0,-1.0037417994045883,
clamp_native10,clamp,native,10,2,0,exact,13,clamp:1133,0,0,-0.3846335247053839,
clamp_native10,clamp,native,10,2,0,exact,14,clamp:812,0,1,0.673607059744171,
clamp_native10,clamp,native,10,2,0,exact,15,clamp:1820,0,0,-0.446377354457051,
clamp_native10,clamp,native,10,2,0,exact,16,clamp:313,0,0,-0.4955740983688709,
clamp_native10,clamp,native,10,2,0,exact,17,clamp:1358,0,0,-0.886788763021259,
clamp_native10,clamp,native,10,2,0,exact,18,clamp:1436,0,0,-0.9955511695873888,
clamp_native10,clamp,native,10,2,0,exact,19,clamp:2326,0,0,-0.3388975530709494,
clamp_native10,clamp,native,10,2,0,exact,20,clamp:1390,0,0,-0.9491692863100053,
clamp_native10,clamp,native,10,2,0,exact,21,clamp:473,0,0,-0.478139856993656,
clamp_native10,clamp,native,10,2,0,exact,22,clamp:2473,0,0,-0.840810802727895,
clamp_native10,clamp,native,10,2,0,exact,23,clamp:377,0,0,-0.2756108069870198,
clamp_native10,clamp,native,10,2,0,exact,24,clamp:2303,0,1,0.07976743250781373,
clamp_native10,clamp,native,10,2,0,exact,25,clamp:1962,0,0,-1.096246635804193,
clamp_native10,clamp,native,10,2,0,exact,26,clamp:2371,0,0,-0.35450125791175113,
clamp_native10,clamp,native,10,2,0,exact,27,clamp:2289,0,0,-0.3908646494610027,
clamp_native10,clamp,native,10,2,0,exact,28,clamp:565,0,0,-0.37262490846922025,
clamp_native10,clamp,native,10,2,0,exact,29,clamp:993,0,0,-0.7276208678375309,
clamp_native10,clamp,native,10,2,0,exact,30,clamp:2110,0,0,-0.21911271205973437,
clamp_native10,clamp,native,10,2,0,exact,31,clamp:628,0,0,-0.4916775046211983,
clamp_native10,clamp,native,10,2,0,exact,32,clamp:1205,0,0,-0.7842346568275776,
clamp_native10,clamp,native,10,2,0,exact,33,clamp:949,0,0,-1.001325326135566,
clamp_native10,clamp,native,10,2,0,exact,34,clamp:1305,0,0,-0.4291811750222674,
clamp_native10,clamp,native,10,2,0,exact,35,clamp:1007,0,0,-0.04547970936620427,
clamp_native10,clamp,native,10,2,0,exact,36,clamp:682,0,0,-0.11511540727834098,
clamp_native10,clamp,native,10,2,0,exact,37,clamp:1306,0,0,-1.0164163507950994,
clamp_native10,clamp,native,10,2,0,exact,38,clamp:1167,0,0,-0.6777632200936604,
clamp_native10,clamp,native,10,2,0,exact,39,clamp:1976,0,0,-0.21625505304065062,
clamp_native10,clamp,native,10,2,0,exact,40,clamp:2991,1,0,-0.07835792958269838,
clamp_native10,clamp,native,10,2,0,exact,41,clamp:2689,1,0,-0.08842743612007832,
clamp_native10,clamp,native,10,2,0,exact,42,clamp:3406,1,1,1.0754998200934511,
clamp_native10,clamp,native,10,2,0,exact,43,clamp:2590,1,1,0.5594691694361197,
clamp_native10,clamp,native,10,2,0,exact,44,clamp:4971,1,1,0.6616585386349535,
clamp_native10,clamp,native,10,2,0,exact,45,clamp:3117,1,1,0.49570490712251103,
clamp_native10,clamp,native,10,2,0,exact,46,clamp:4736,1,1,1.007191464042382,
clamp_native10,clamp,native,10,2,0,exact,47,clamp:3201,1,1,0.673577254765443,
clamp_native10,clamp,native,10,2,0,exact,48,clamp:2732,1,0,-0.1269124561489608,
clamp_native10,clamp,native,10,2,0,exact,49,clamp:2652,1,0,-0.38991789618432926,
clamp_native10,clamp,native,10,2,0,exact,50,clamp:4072,1,0,-0.03683807090583541,
clamp_native10,clamp,native,10,2,0,exact,51,clamp:4932,1,1,1.030104932827899,
clamp_native10,clamp,native,10,2,0,exact,52,clamp:3120,1,1,0.22783074755075264,
clamp_native10,clamp,native,10,2,0,exact,53,clamp:2905,1,0,-0.2307990569426223,
clamp_native10,clamp,native,10,2,0,exact,54,clamp:5130,1,1,1.0293054588279298,
clamp_native10,clamp,native,10,2,0,exact,55,clamp:4303,1,1,0.6232066346976639,
clamp_native10,clamp,native,10,2,0,exact,56,clamp:4231,1,1,1.0560057304674126,
clamp_native10,clamp,native,10,2,0,exact,57,clamp:3847,1,1,0.9940325269985232,
clamp_native10,clamp,native,10,2,0,exact,58,clamp:3294,1,1,0.9978809443988784,
clamp_native10,clamp,native,10,2,0,exact,59,clamp:5046,1,1,0.4225885080652606,
clamp_native10,clamp,native,10,2,0,exact,60,clamp:2548,1,1,0.2917131612645115,
clamp_native10,clamp,native,10,2,0,exact,61,clamp:5033,1,0,-0.23071323401843405,
clamp_native10,clamp,native,10,2,0,exact,62,clamp:2879,1,1,0.9947909930604325,
clamp_native10,clamp,native,10,2,0,exact,63,clamp:3647,1,1,0.9753159247581297,
clamp_native10,clamp,native,10,2,0,exact,64,clamp:3575,1,0,-1.0241825523461243,
clamp_native10,clamp,native,10,2,0,exact,65,clamp:4297,1,0,-0.15960054132161594,
clamp_native10,clamp,native,10,2,0,exact,66,clamp:4628,1,1,0.16696151770919246,
clamp_native10,clamp,native,10,2,0,exact,67,clamp:3621,1,1,0.18686724847896605,
clamp_native10,clamp,native,10,2,0,exact,68,clamp:5136,1,1,0.3601874821839377,
clamp_native10,clamp,native,10,2,0,exact,69,clamp:4556,1,0,-0.0003684757035154751,
clamp_native10,clamp,native,10,2,0,exact,70,clamp:4535,1,1,1.0691365238969546,
clamp_native10,clamp,native,10,2,0,exact,71,clamp:2956,1,1,0.6536008763627342,
clamp_native10,clamp,native,10,2,0,exact,72,clamp:2685,1,1,0.317777922973582,
clamp_native10,clamp,native,10,2,0,exact,73,clamp:3300,1,1,0.60668553626997,
clamp_native10,clamp,native,10,2,0,exact,74,clamp:2856,1,0,-0.37032842105912867,
clamp_native10,clamp,native,10,2,0,exact,75,clamp:2782,1,0,-0.35233002722679707,
clamp_native10,clamp,native,10,2,0,exact,76,clamp:4877,1,0,-0.12923007929544328,
clamp_native10,clamp,native,10,2,0,exact,77,clamp:2749,1,0,-0.3621948892738307,
clamp_native10,clamp,native,10,2,0,exact,78,clamp:3653,1,1,0.9697600026088674,
clamp_native10,clamp,native,10,2,0,exact,79,clamp:4010,1,1,0.18291381959101513,
clamp_native10,clamp,native,10,2,0,ideal_aer,0,clamp:1919,0,0,-1.0527291059015125,
clamp_native10,clamp,native,10,2,0,ideal_aer,1,clamp:1226,0,0,-1.1089888342327203,
clamp_native10,clamp,native,10,2,0,ideal_aer,2,clamp:2139,0,0,-0.4630948434872741,
clamp_native10,clamp,native,10,2,0,ideal_aer,3,clamp:1685,0,0,-1.0894651443208507,
clamp_native10,clamp,native,10,2,0,ideal_aer,4,clamp:2261,0,0,-0.46475354429059007,
clamp_native10,clamp,native,10,2,0,ideal_aer,5,clamp:2479,0,0,-1.040739949847315,
clamp_native10,clamp,native,10,2,0,ideal_aer,6,clamp:2288,0,1,1.0266525936875421,
clamp_native10,clamp,native,10,2,0,ideal_aer,7,clamp:783,0,0,-0.5352251766851156,
clamp_native10,clamp,native,10,2,0,ideal_aer,8,clamp:1503,0,0,-0.9842627389399674,
clamp_native10,clamp,native,10,2,0,ideal_aer,9,clamp:1324,0,0,-0.32791383513867745,
clamp_native10,clamp,native,10,2,0,ideal_aer,10,clamp:1196,0,0,-0.21069618910579757,
clamp_native10,clamp,native,10,2,0,ideal_aer,11,clamp:147,0,0,-1.07110568412258,
clamp_native10,clamp,native,10,2,0,ideal_aer,12,clamp:2029,0,0,-0.980272786677117,
clamp_native10,clamp,native,10,2,0,ideal_aer,13,clamp:1133,0,0,-0.34280721584610385,
clamp_native10,clamp,native,10,2,0,ideal_aer,14,clamp:812,0,1,0.8121297266700978,
clamp_native10,clamp,native,10,2,0,ideal_aer,15,clamp:1820,0,0,-0.47063642864777244,
clamp_native10,clamp,native,10,2,0,ideal_aer,16,clamp:313,0,0,-0.5077834813927016,
clamp_native10,clamp,native,10,2,0,ideal_aer,17,clamp:1358,0,0,-0.9983075259150893,
clamp_native10,clamp,native,10,2,0,ideal_aer,18,clamp:1436,0,0,-1.1089555573361616,
clamp_native10,clamp,native,10,2,0,ideal_aer,19,clamp:2326,0,0,-0.33998918980929016,
clamp_native10,clamp,native,10,2,0,ideal_aer,20,clamp:1390,0,0,-1.0353977694175114,
clamp_native10,clamp,native,10,2,0,ideal_aer,21,clamp:473,0,0,-0.46370454696963187,
clamp_native10,clamp,native,10,2,0,ideal_aer,22,clamp:2473,0,0,-1.0027122794857217,
clamp_native10,clamp,native,10,2,0,ideal_aer,23,clamp:377,0,0,-0.30969854875203257,
clamp_native10,clamp,native,10,2,0,ideal_aer,24,clamp:2303,0,1,0.027098672728046752,
clamp_native10,clamp,native,10,2,0,ideal_aer,25,clamp:1962,0,0,-1.0941991994352667,
clamp_native10,clamp,native,10,2,0,ideal_aer,26,clamp:2371,0,0,-0.3051151332506625,
clamp_native10,clamp,native,10,2,0,ideal_aer,27,clamp:2289,0,0,-0.41299579742755216,
clamp_native10,clamp,native,10,2,0,ideal_aer,28,clamp:565,0,0,-0.4333901685691149,
clamp_native10,clamp,native,10,2,0,ideal_aer,29,clamp:993,0,0,-0.7344734988701926,
clamp_native10,clamp,native,10,2,0,ideal_aer,30,clamp:2110,0,0,-0.25018643339783575,
clamp_native10,clamp,native,10,2,0,ideal_aer,31,clamp:628,0,0,-0.47490456071020043,
clamp_native10,clamp,native,10,2,0,ideal_aer,32,clamp:1205,0,0,-0.7620413431475008,
clamp_native10,clamp,native,10,2,0,ideal_aer,33,clamp:949,0,0,-0.9165418119703745,
clamp_native10,clamp,native,10,2,0,ideal_aer,34,clamp:1305,0,0,-0.39987659266527353,
clamp_native10,clamp,native,10,2,0,ideal_aer,35,clamp:1007,0,1,0.023497602141497625,
clamp_native10,clamp,native,10,2,0,ideal_aer,36,clamp:682,0,0,-0.22140749749717523,
clamp_native10,clamp,native,10,2,0,ideal_aer,37,clamp:1306,0,0,-1.0929840040772623,
clamp_native10,clamp,native,10,2,0,ideal_aer,38,clamp:1167,0,0,-0.6460196556459443,
clamp_native10,clamp,native,10,2,0,ideal_aer,39,clamp:1976,0,0,-0.2329951099962206,
clamp_native10,clamp,native,10,2,0,ideal_aer,40,clamp:2991,1,1,0.05893979444951786,
clamp_native10,clamp,native,10,2,0,ideal_aer,41,clamp:2689,1,0,-0.0991376355487331,
clamp_native10,clamp,native,10,2,0,ideal_aer,42,clamp:3406,1,1,1.1326345423027186,
clamp_native10,clamp,native,10,2,0,ideal_aer,43,clamp:2590,1,1,0.674730824483182,
clamp_native10,clamp,native,10,2,0,ideal_aer,44,clamp:4971,1,1,0.7529409377832759,
clamp_native10,clamp,native,10,2,0,ideal_aer,45,clamp:3117,1,1,0.6305764915105343,
clamp_native10,clamp,native,10,2,0,ideal_aer,46,clamp:4736,1,1,1.1090990368050753,
clamp_native10,clamp,native,10,2,0,ideal_aer,47,clamp:3201,1,1,0.7521954157842552,
clamp_native10,clamp,native,10,2,0,ideal_aer,48,clamp:2732,1,0,-0.12499698528502688,
clamp_native10,clamp,native,10,2,0,ideal_aer,49,clamp:2652,1,0,-0.3836565009367211,
clamp_native10,clamp,native,10,2,0,ideal_aer,50,clamp:4072,1,0,-0.031136847946726887,
clamp_native10,clamp,native,10,2,0,ideal_aer,51,clamp:4932,1,1,1.0279727283462898,
clamp_native10,clamp,native,10,2,0,ideal_aer,52,clamp:3120,1,1,0.3094829186400477,
clamp_native10,clamp,native,10,2,0,ideal_aer,53,clamp:2905,1,0,-0.1865251902330731,
clamp_native10,clamp,native,10,2,0,ideal_aer,54,clamp:5130,1,1,1.0810786238382375,
clamp_native10,clamp,native,10,2,0,ideal_aer,55,clamp:4303,1,1,0.6555754458876244,
clamp_native10,clamp,native,10,2,0,ideal_aer,56,clamp:4231,1,1,1.1237323799987708,
clamp_native10,clamp,native,10,2,0,ideal_aer,57,clamp:3847,1,1,1.0757555417753843,
clamp_native10,clamp,native,10,2,0,ideal_aer,58,clamp:3294,1,1,1.0184260974376607,
clamp_native10,clamp,native,10,2,0,ideal_aer,59,clamp:5046,1,1,0.5104006850121177,
clamp_native10,clamp,native,10,2,0,ideal_aer,60,clamp:2548,1,1,0.259417864132573,
clamp_native10,clamp,native,10,2,0,ideal_aer,61,clamp:5033,1,0,-0.28226835378254334,
clamp_native10,clamp,native,10,2,0,ideal_aer,62,clamp:2879,1,1,0.9757060658097605,
clamp_native10,clamp,native,10,2,0,ideal_aer,63,clamp:3647,1,1,0.9580187994296505,
clamp_native10,clamp,native,10,2,0,ideal_aer,64,clamp:3575,1,0,-0.981612911061984,
clamp_native10,clamp,native,10,2,0,ideal_aer,65,clamp:4297,1,0,-0.17976611011107002,
clamp_native10,clamp,native,10,2,0,ideal_aer,66,clamp:4628,1,1,0.1714783667133445,
clamp_native10,clamp,native,10,2,0,ideal_aer,67,clamp:3621,1,1,0.24696839750151522,
clamp_native10,clamp,native,10,2,0,ideal_aer,68,clamp:5136,1,1,0.338189567181487,
clamp_native10,clamp,native,10,2,0,ideal_aer,69,clamp:4556,1,1,0.01204964348134746,
clamp_native10,clamp,native,10,2,0,ideal_aer,70,clamp:4535,1,1,1.132525413670765,
clamp_native10,clamp,native,10,2,0,ideal_aer,71,clamp:2956,1,1,0.7796412917478008,
clamp_native10,clamp,native,10,2,0,ideal_aer,72,clamp:2685,1,1,0.3348730837456068,
clamp_native10,clamp,native,10,2,0,ideal_aer,73,clamp:3300,1,1,0.574431386212501,
clamp_native10,clamp,native,10,2,0,ideal_aer,74,clamp:2856,1,0,-0.3418490700817072,
clamp_native10,clamp,native,10,2,0,ideal_aer,75,clamp:2782,1,0,-0.38232108940957155,
clamp_native10,clamp,native,10,2,0,ideal_aer,76,clamp:4877,1,0,-0.13248484873013666,
clamp_native10,clamp,native,10,2,0,ideal_aer,77,clamp:2749,1,0,-0.4072439594023571,
clamp_native10,clamp,native,10,2,0,ideal_aer,78,clamp:3653,1,1,0.9668352892731491,
clamp_native10,clamp,native,10,2,0,ideal_aer,79,clamp:4010,1,1,0.20811946201836307,
clamp_native10,clamp,native,10,2,0,noisy_aer,0,clamp:1919,0,0,-0.8082455629925436,
clamp_native10,clamp,native,10,2,0,noisy_aer,1,clamp:1226,0,0,-1.1395898384097363,
clamp_native10,clamp,native,10,2,0,noisy_aer,2,clamp:2139,0,0,-0.48939531657029567,
clamp_native10,clamp,native,10,2,0,noisy_aer,3,clamp:1685,0,0,-0.9451071268149573,
clamp_native10,clamp,native,10,2,0,noisy_aer,4,clamp:2261,0,0,-0.4137282638795564,
clamp_native10,clamp,native,10,2,0,noisy_aer,5,clamp:2479,0,0,-0.9290933222316491,
clamp_native10,clamp,native,10,2,0,noisy_aer,6,clamp:2288,0,1,1.0089357874129596,
clamp_native10,clamp,native,10,2,0,noisy_aer,7,clamp:783,0,0,-0.5093957299123114,
clamp_native10,clamp,native,10,2,0,noisy_aer,8,clamp:1503,0,0,-0.9932330750929195,
clamp_native10,clamp,native,10,2,0,noisy_aer,9,clamp:1324,0,0,-0.38331781300871226,
clamp_native10,clamp,native,10,2,0,noisy_aer,10,clamp:1196,0,0,-0.2241051375338018,
clamp_native10,clamp,native,10,2,0,noisy_aer,11,clamp:147,0,0,-1.0972966641452842,
clamp_native10,clamp,native,10,2,0,noisy_aer,12,clamp:2029,0,0,-0.9410979827797381,
clamp_native10,clamp,native,10,2,0,noisy_aer,13,clamp:1133,0,0,-0.3621551976861559,
clamp_native10,clamp,native,10,2,0,noisy_aer,14,clamp:812,0,1,0.6525525632882291,
clamp_native10,clamp,native,10,2,0,noisy_aer,15,clamp:1820,0,0,-0.44650031866133677,
clamp_native10,clamp,native,10,2,0,noisy_aer,16,clamp:313,0,0,-0.4762681323111363,
clamp_native10,clamp,native,10,2,0,noisy_aer,17,clamp:1358,0,0,-0.8239178586711275,
clamp_native10,clamp,native,10,2,0,noisy_aer,18,clamp:1436,0,0,-1.0640941914513646,
clamp_native10,clamp,native,10,2,0,noisy_aer,19,clamp:2326,0,0,-0.3056549117134153,
clamp_native10,clamp,native,10,2,0,noisy_aer,20,clamp:1390,0,0,-0.7160270599294307,
clamp_native10,clamp,native,10,2,0,noisy_aer,21,clamp:473,0,0,-0.5022073389292244,
clamp_native10,clamp,native,10,2,0,noisy_aer,22,clamp:2473,0,0,-0.9374662036410093,
clamp_native10,clamp,native,10,2,0,noisy_aer,23,clamp:377,0,0,-0.2388242049520997,
clamp_native10,clamp,native,10,2,0,noisy_aer,24,clamp:2303,0,1,0.05423501031559175,
clamp_native10,clamp,native,10,2,0,noisy_aer,25,clamp:1962,0,0,-1.064005582856172,
clamp_native10,clamp,native,10,2,0,noisy_aer,26,clamp:2371,0,0,-0.1545837866321569,
clamp_native10,clamp,native,10,2,0,noisy_aer,27,clamp:2289,0,0,-0.38131591484031047,
clamp_native10,clamp,native,10,2,0,noisy_aer,28,clamp:565,0,0,-0.2999719613882049,
clamp_native10,clamp,native,10,2,0,noisy_aer,29,clamp:993,0,0,-0.6424504387948767,
clamp_native10,clamp,native,10,2,0,noisy_aer,30,clamp:2110,0,0,-0.1759485148897287,
clamp_native10,clamp,native,10,2,0,noisy_aer,31,clamp:628,0,0,-0.37408766520635683,
clamp_native10,clamp,native,10,2,0,noisy_aer,32,clamp:1205,0,0,-0.8061846406008351,
clamp_native10,clamp,native,10,2,0,noisy_aer,33,clamp:949,0,0,-0.780470711111832,
clamp_native10,clamp,native,10,2,0,noisy_aer,34,clamp:1305,0,0,-0.3177137081691276,
clamp_native10,clamp,native,10,2,0,noisy_aer,35,clamp:1007,0,0,-0.05283500343445119,
clamp_native10,clamp,native,10,2,0,noisy_aer,36,clamp:682,0,0,-0.0032318970980118877,
clamp_native10,clamp,native,10,2,0,noisy_aer,37,clamp:1306,0,0,-0.7586519580360579,
clamp_native10,clamp,native,10,2,0,noisy_aer,38,clamp:1167,0,0,-0.5191514154191372,
clamp_native10,clamp,native,10,2,0,noisy_aer,39,clamp:1976,0,0,-0.20301938001557848,
clamp_native10,clamp,native,10,2,0,noisy_aer,40,clamp:2991,1,0,-0.10182192189005666,
clamp_native10,clamp,native,10,2,0,noisy_aer,41,clamp:2689,1,0,-0.008916979042177753,
clamp_native10,clamp,native,10,2,0,noisy_aer,42,clamp:3406,1,1,1.072349940028229,
clamp_native10,clamp,native,10,2,0,noisy_aer,43,clamp:2590,1,1,0.5337477957781055,
clamp_native10,clamp,native,10,2,0,noisy_aer,44,clamp:4971,1,1,0.6713645006082654,
clamp_native10,clamp,native,10,2,0,noisy_aer,45,clamp:3117,1,1,0.5238489469251256,
clamp_native10,clamp,native,10,2,0,noisy_aer,46,clamp:4736,1,1,1.1132793327194792,
clamp_native10,clamp,native,10,2,0,noisy_aer,47,clamp:3201,1,1,0.7470232134415052,
clamp_native10,clamp,native,10,2,0,noisy_aer,48,clamp:2732,1,0,-0.032808297425339195,
clamp_native10,clamp,native,10,2,0,noisy_aer,49,clamp:2652,1,0,-0.17284062672473197,
clamp_native10,clamp,native,10,2,0,noisy_aer,50,clamp:4072,1,0,-0.025458494664547804,
clamp_native10,clamp,native,10,2,0,noisy_aer,51,clamp:4932,1,1,0.8915440670809649,
clamp_native10,clamp,native,10,2,0,noisy_aer,52,clamp:3120,1,1,0.22261013784269904,
clamp_native10,clamp,native,10,2,0,noisy_aer,53,clamp:2905,1,0,-0.23049623652397022,
clamp_native10,clamp,native,10,2,0,noisy_aer,54,clamp:5130,1,1,0.8959263692675781,
clamp_native10,clamp,native,10,2,0,noisy_aer,55,clamp:4303,1,1,0.5566425731139887,
clamp_native10,clamp,native,10,2,0,noisy_aer,56,clamp:4231,1,1,1.0964399048099114,
clamp_native10,clamp,native,10,2,0,noisy_aer,57,clamp:3847,1,1,0.7742036470551488,
clamp_native10,clamp,native,10,2,0,noisy_aer,58,clamp:3294,1,1,0.8249967072390383,
clamp_native10,clamp,native,10,2,0,noisy_aer,59,clamp:5046,1,1,0.4135987928196103,
clamp_native10,clamp,native,10,2,0,noisy_aer,60,clamp:2548,1,1,0.24003298350507454,
clamp_native10,clamp,native,10,2,0,noisy_aer,61,clamp:5033,1,0,-0.24961344369670307,
clamp_native10,clamp,native,10,2,0,noisy_aer,62,clamp:2879,1,1,0.9636421693906598,
clamp_native10,clamp,native,10,2,0,noisy_aer,63,clamp:3647,1,1,0.9468022923921826,
clamp_native10,clamp,native,10,2,0,noisy_aer,64,clamp:3575,1,0,-0.9185955406409548,
clamp_native10,clamp,native,10,2,0,noisy_aer,65,clamp:4297,1,0,-0.24401303337591418,
clamp_native10,clamp,native,10,2,0,noisy_aer,66,clamp:4628,1,1,0.13238716474638498,
clamp_native10,clamp,native,10,2,0,noisy_aer,67,clamp:3621,1,1,0.06011012282321915,
clamp_native10,clamp,native,10,2,0,noisy_aer,68,clamp:5136,1,1,0.27741670876904445,
clamp_native10,clamp,native,10,2,0,noisy_aer,69,clamp:4556,1,0,-0.0116943558118221,
clamp_native10,clamp,native,10,2,0,noisy_aer,70,clamp:4535,1,1,1.1374044164038313,
clamp_native10,clamp,native,10,2,0,noisy_aer,71,clamp:2956,1,1,0.6657675457031766,
clamp_native10,clamp,native,10,2,0,noisy_aer,72,clamp:2685,1,1,0.20106954808046248,
clamp_native10,clamp,native,10,2,0,noisy_aer,73,clamp:3300,1,1,0.5372110499303889,
clamp_native10,clamp,native,10,2,0,noisy_aer,74,clamp:2856,1,0,-0.30953527450789403,
clamp_native10,clamp,native,10,2,0,noisy_aer,75,clamp:2782,1,0,-0.09384076995093668,
clamp_native10,clamp,native,10,2,0,noisy_aer,76,clamp:4877,1,0,-0.17292835411172203,
clamp_native10,clamp,native,10,2,0,noisy_aer,77,clamp:2749,1,0,-0.3728957633074631,
clamp_native10,clamp,native,10,2,0,noisy_aer,78,clamp:3653,1,1,0.8433182888534199,
clamp_native10,clamp,native,10,2,0,noisy_aer,79,clamp:4010,1,1,0.09043670073315743,
clamp_pca4,clamp,pca,4,0,0,exact,0,clamp:240,0,0,-0.25563520780041293,
clamp_pca4,clamp,pca,4,0,0,exact,1,clamp:369,0,1,1.2867724237138474,
clamp_pca4,clamp,pca,4,0,0,exact,2,clamp:719,0,0,-0.39994151564074415,
clamp_pca4,clamp,pca,4,0,0,exact,3,clamp:1336,0,0,-1.1046272843592717,
clamp_pca4,clamp,pca,4,0,0,exact,4,clamp:1605,0,0,-1.2762314760702003,
clamp_pca4,clamp,pca,4,0,0,exact,5,clamp:1417,0,0,-1.0957789602313013,
clamp_pca4,clamp,pca,4,0,0,exact,6,clamp:2339,0,0,-1.1106135498130298,
clamp_pca4,clamp,pca,4,0,0,exact,7,clamp:2379,0,0,-0.544832213018176,
clamp_pca4,clamp,pca,4,0,0,exact,8,clamp:102,0,0,-1.004254414136862,
clamp_pca4,clamp,pca,4,0,0,exact,9,clamp:1859,0,0,-0.8696599167079788,
clamp_pca4,clamp,pca,4,0,0,exact,10,clamp:1158,0,0,-1.129832931329512,
clamp_pca4,clamp,pca,4,0,0,exact,11,clamp:1610,0,0,-0.7259651230497852,
clamp_pca4,clamp,pca,4,0,0,exact,12,clamp:862,0,0,-1.1287280336884467,
clamp_pca4,clamp,pca,4,0,0,exact,13,clamp:607,0,0,-0.5164531275948241,
clamp_pca4,clamp,pca,4,0,0,exact,14,clamp:139,0,0,-0.4166580229230778,
clamp_pca4,clamp,pca,4,0,0,exact,15,clamp:1856,0,1,0.15392765057929617,
clamp_pca4,clamp,pca,4,0,0,exact,16,clamp:2028,0,0,-0.3912887871184511,
clamp_pca4,clamp,pca,4,0,0,exact,17,clamp:1312,0,0,-0.14761490258615248,
clamp_pca4,clamp,pca,4,0,0,exact,18,clamp:950,0,0,-0.3157061205057787,
clamp_pca4,clamp,pca,4,0,0,exact,19,clamp:1568,0,0,-1.0069564813910492,
clamp_pca4,clamp,pca,4,0,0,exact,20,clamp:922,0,0,-0.24624920981417905,
clamp_pca4,clamp,pca,4,0,0,exact,21,clamp:958,0,0,-1.1413847548600868,
clamp_pca4,clamp,pca,4,0,0,exact,22,clamp:2073,0,1,0.0896304424854371,
clamp_pca4,clamp,pca,4,0,0,exact,23,clamp:109,0,1,0.9582651640911006,
clamp_pca4,clamp,pca,4,0,0,exact,24,clamp:1291,0,0,-0.4556160550853363,
clamp_pca4,clamp,pca,4,0,0,exact,25,clamp:1197,0,0,-0.09721958494997825,
clamp_pca4,clamp,pca,4,0,0,exact,26,clamp:2459,0,0,-1.604796229028691,
clamp_pca4,clamp,pca,4,0,0,exact,27,clamp:1683,0,0,-0.2878693969176294,
clamp_pca4,clamp,pca,4,0,0,exact,28,clamp:320,0,1,0.011216099226974634,
clamp_pca4,clamp,pca,4,0,0,exact,29,clamp:927,0,1,0.1642261623610797,
clamp_pca4,clamp,pca,4,0,0,exact,30,clamp:1424,0,0,-0.5086954455696493,
clamp_pca4,clamp,pca,4,0,0,exact,31,clamp:1832,0,0,-0.6880691404005339,
clamp_pca4,clamp,pca,4,0,0,exact,32,clamp:1796,0,0,-1.235085526524796,
clamp_pca4,clamp,pca,4,0,0,exact,33,clamp:1154,0,0,-1.4269280717672492,
clamp_pca4,clamp,pca,4,0,0,exact,34,clamp:744,0,0,-1.2419326320550623,
clamp_pca4,clamp,pca,4,0,0,exact,35,clamp:759,0,0,-0.9228889753472798,
clamp_pca4,clamp,pca,4,0,0,exact,36,clamp:1082,0,0,-1.1808975856056998,
clamp_pca4,clamp,pca,4,0,0,exact,37,clamp:1936,0,0,-0.042801792587842745,
clamp_pca4,clamp,pca,4,0,0,exact,38,clamp:834,0,0,-0.6697849572636956,
clamp_pca4,clamp,pca,4,0,0,exact,39,clamp:360,0,0,-0.2130057720674046,
clamp_pca4,clamp,pca,4,0,0,exact,40,clamp:3556,1,0,-0.6891353288510457,
clamp_pca4,clamp,pca,4,0,0,exact,41,clamp:3741,1,1,0.9650078122388386,
clamp_pca4,clamp,pca,4,0,0,exact,42,clamp:3085,1,1,0.8816837647600332,
clamp_pca4,clamp,pca,4,0,0,exact,43,clamp:4967,1,1,0.7553869159146273,
clamp_pca4,clamp,pca,4,0,0,exact,44,clamp:5000,1,1,1.1333703998954003,
clamp_pca4,clamp,pca,4,0,0,exact,45,clamp:3359,1,0,-0.27368571081875,
clamp_pca4,clamp,pca,4,0,0,exact,46,clamp:3832,1,0,-0.005403960676361178,
clamp_pca4,clamp,pca,4,0,0,exact,47,clamp:2609,1,0,-0.07710101648928742,
clamp_pca4,clamp,pca,4,0,0,exact,48,clamp:3804,1,1,0.8430758709461766,
clamp_pca4,clamp,pca,4,0,0,exact,49,clamp:4549,1,0,-0.6209007601300116,
clamp_pca4,clamp,pca,4,0,0,exact,50,clamp:2965,1,1,0.14036833317017297,
clamp_pca4,clamp,pca,4,0,0,exact,51,clamp:4655,1,1,0.1663481473684977,
clamp_pca4,clamp,pca,4,0,0,exact,52,clamp:3567,1,1,0.9596377185731048,
clamp_pca4,clamp,pca,4,0,0,exact,53,clamp:2683,1,0,-1.0911544371214406,
clamp_pca4,clamp,pca,4,0,0,exact,54,clamp:3472,1,1,0.07734720416287759,
clamp_pca4,clamp,pca,4,0,0,exact,55,clamp:3277,1,0,-0.5467697053214171,
clamp_pca4,clamp,pca,4,0,0,exact,56,clamp:3562,1,1,0.03345678986607673,
clamp_pca4,clamp,pca,4,0,0,exact,57,clamp:4226,1,1,0.08753246442240163,
clamp_pca4,clamp,pca,4,0,0,exact,58,clamp:2539,1,1,0.9769783889581933,
clamp_pca4,clamp,pca,4,0,0,exact,59,clamp:5043,1,1,0.20299697570630426,
clamp_pca4,clamp,pca,4,0,0,exact,60,clamp:3041,1,1,0.09068965910319964,
clamp_pca4,clamp,pca,4,0,0,exact,61,clamp:2790,1,1,0.18269592016766034,
clamp_pca4,clamp,pca,4,0,0,exact,62,clamp:4513,1,1,1.0220224042444352,
clamp_pca4,clamp,pca,4,0,0,exact,63,clamp:2800,1,1,1.0537140866241599,
clamp_pca4,clamp,pca,4,0,0,exact,64,clamp:4086,1,1,1.2783382627402828,
clamp_pca4,clamp,pca,4,0,0,exact,65,clamp:3323,1,1,1.2711911236330435,
clamp_pca4,clamp,pca,4,0,0,exact,66,clamp:4083,1,0,-1.06415844135063,
clamp_pca4,clamp,pca,4,0,0,exact,67,clamp:3502,1,0,-0.34875832974607485,
clamp_pca4,clamp,pca,4,0,0,exact,68,clamp:2942,1,1,0.7769995434694343,
clamp_pca4,clamp,pca,4,0,0,exact,69,clamp:2736,1,1,0.6197866763041087,
clamp_pca4,clamp,pca,4,0,0,exact,70,clamp:3934,1,0,-0.417328471057593,
clamp_pca4,clamp,pca,4,0,0,exact,71,clamp:3604,1,1,0.7086239969994163,
clamp_pca4,clamp,pca,4,0,0,exact,72,clamp:3106,1,1,0.9754763104211258,
clamp_pca4,clamp,pca,4,0,0,exact,73,clamp:2810,1,1,0.2355247027378973,
clamp_pca4,clamp,pca,4,0,0,exact,74,clamp:4020,1,1,1.1660260339078146,
clamp_pca4,clamp,pca,4,0,0,exact,75,clamp:3687,1,1,0.005325533999430373,
clamp_pca4,clamp,pca,4,0,0,exact,76,clamp:4062,1,1,0.9398309675584915,
clamp_pca4,clamp,pca,4,0,0,exact,77,clamp:3438,1,1,1.1746882649714312,
clamp_pca4,clamp,pca,4,0,0,exact,78,clamp:3533,1,0,-0.32409321653516493,
clamp_pca4,clamp,pca,4,0,0,exact,79,clamp:4210,1,1,1.0010287903133468,
clamp_pca4,clamp,pca,4,0,0,ideal_aer,0,clamp:240,0,0,-0.4227488965847624,
clamp_pca4,clamp,pca,4,0,0,ideal_aer,1,clamp:369,0,1,1.3044710811334488,
clamp_pca4,clamp,pca,4,0,0,ideal_aer,2,clamp:719,0,0,-0.5353050869294973,
clamp_pca4,clamp,pca,4,0,0,ideal_aer,3,clamp:1336,0,0,-1.0586434550716923,
clamp_pca4,clamp,pca,4,0,0,ideal_aer,4,clamp:1605,0,0,-1.312345351121588,
clamp_pca4,clamp,pca,4,0,0,ideal_aer,5,clamp:1417,0,0,-1.166259175806499,
clamp_pca4,clamp,pca,4,0,0,ideal_aer,6,clamp:2339,0,0,-1.4420712570816423,
clamp_pca4,clamp,pca,4,0,0,ideal_aer,7,clamp:2379,0,0,-0.595953766474157,
clamp_pca4,clamp,pca,4,0,0,ideal_aer,8,clamp:102,0,0,-1.1991662542527886,
clamp_pca4,clamp,pca,4,0,0,ideal_aer,9,clamp:1859,0,0,-1.0676003480869865,
clamp_pca4,clamp,pca,4,0,0,ideal_aer,10,clamp:1158,0,0,-1.3327097920860846,
clamp_pca4,clamp,pca,4,0,0,ideal_aer,11,clamp:1610,0,0,-0.9620793443990281,
clamp_pca4,clamp,pca,4,0,0,ideal_aer,12,clamp:862,0,0,-1.201313397532085,
clamp_pca4,clamp,pca,4,0,0,ideal_aer,13,clamp:607,0,0,-0.7708783624331674,
clamp_pca4,clamp,pca,4,0,0,ideal_aer,14,clamp:139,0,0,-0.39571242550722513,
clamp_pca4,clamp,pca,4,0,0,ideal_aer,15,clamp:1856,0,1,0.3292453416574887,
clamp_pca4,clamp,pca,4,0,0,ideal_aer,16,clamp:2028,0,0,-0.620233945364806,
clamp_pca4,clamp,pca,4,0,0,ideal_aer,17,clamp:1312,0,0,-0.27701120385179095,
clamp_pca4,clamp,pca,4,0,0,ideal_aer,18,clamp:950,0,0,-0.3277694298587513,
clamp_pca4,clamp,pca,4,0,0,ideal_aer,19,clamp:1568,0,0,-0.9178905087847782,
clamp_pca4,clamp,pca,4,0,0,ideal_aer,20,clamp:922,0,0,-0.19588330391584347,
clamp_pca4,clamp,pca,4,0,0,ideal_aer,21,clamp:958,0,0,-1.3526649200245575,
clamp_pca4,clamp,pca,4,0,0,ideal_aer,22,clamp:2073,0,1,0.1417761137110118,
clamp_pca4,clamp,pca,4,0,0,ideal_aer,23,clamp:109,0,1,1.0229662071015735,
clamp_pca4,clamp,pca,4,0,0,ideal_aer,24,clamp:1291,0,0,-0.3758495801996418,
clamp_pca4,clamp,pca,4,0,0,ideal_aer,25,clamp:1197,0,0,-0.027309211364842823,
clamp_pca4,clamp,pca,4,0,0,ideal_aer,26,clamp:2459,0,0,-1.9597403452681204,
clamp_pca4,clamp,pca,4,0,0,ideal_aer,27,clamp:1683,0,0,-0.3152807820227204,
clamp_pca4,clamp,pca,4,0,0,ideal_aer,28,clamp:320,0,0,-0.06364864766328449,
clamp_pca4,clamp,pca,4,0,0,ideal_aer,29,clamp:927,0,1,0.19831358865753218,
clamp_pca4,clamp,pca,4,0,0,ideal_aer,30,clamp:1424,0,0,-0.6646392626281861,
clamp_pca4,clamp,pca,4,0,0,ideal_aer,31,clamp:1832,0,0,-1.0289087432192505,
clamp_pca4,clamp,pca,4,0,0,ideal_aer,32,clamp:1796,0,0,-1.5020114339201744,
clamp_pca4,clamp,pca,4,0,0,ideal_aer,33,clamp:1154,0,0,-1.741862308782772,
clamp_pca4,clamp,pca,4,0,0,ideal_aer,34,clamp:744,0,0,-1.4967959814187808,
clamp_pca4,clamp,pca,4,0,0,ideal_aer,35,clamp:759,0,0,-0.8414372272163368,
clamp_pca4,clamp,pca,4,0,0,ideal_aer,36,clamp:1082,0,0,-1.387038336495174,
clamp_pca4,clamp,pca,4,0,0,ideal_aer,37,clamp:1936,0,0,-0.09449897886656436,
clamp_pca4,clamp,pca,4,0,0,ideal_aer,38,clamp:834,0,0,-1.00638293656107,
clamp_pca4,clamp,pca,4,0,0,ideal_aer,39,clamp:360,0,0,-0.22025336202115403,
clamp_pca4,clamp,pca,4,0,0,ideal_aer,40,clamp:3556,1,0,-0.7957624739143103,
clamp_pca4,clamp,pca,4,0,0,ideal_aer,41,clamp:3741,1,1,1.0353915071210118,
clamp_pca4,clamp,pca,4,0,0,ideal_aer,42,clamp:3085,1,1,0.9440090777711663,
clamp_pca4,clamp,pca,4,0,0,ideal_aer,43,clamp:4967,1,1,0.7518792558995022,
clamp_pca4,clamp,pca,4,0,0,ideal_aer,44,clamp:5000,1,1,1.2293159552209771,
clamp_pca4,clamp,pca,4,0,0,ideal_aer,45,clamp:3359,1,0,-0.44089787836551825,
clamp_pca4,clamp,pca,4,0,0,ideal_aer,46,clamp:3832,1,0,-0.2613710462001418,
clamp_pca4,clamp,pca,4,0,0,ideal_aer,47,clamp:2609,1,0,-0.11039475643370555,
clamp_pca4,clamp,pca,4,0,0,ideal_aer,48,clamp:3804,1,1,1.1039595967948972,
clamp_pca4,clamp,pca,4,0,0,ideal_aer,49,clamp:4549,1,0,-0.638552464495084,
clamp_pca4,clamp,pca,4,0,0,ideal_aer,50,clamp:2965,1,1,0.1627944560037204,
clamp_pca4,clamp,pca,4,0,0,ideal_aer,51,clamp:4655,1,1,0.16192500112614366,
clamp_pca4,clamp,pca,4,0,0,ideal_aer,52,clamp:3567,1,1,0.9308114656117006,
clamp_pca4,clamp,pca,4,0,0,ideal_aer,53,clamp:2683,1,0,-1.5251484359909067,
clamp_pca4,clamp,pca,4,0,0,ideal_aer,54,clamp:3472,1,1,0.10586771098030251,
clamp_pca4,clamp,pca,4,0,0,ideal_aer,55,clamp:3277,1,0,-0.6188346285079098,
clamp_pca4,clamp,pca,4,0,0,ideal_aer,56,clamp:3562,1,0,-0.14234061449253638,
clamp_pca4,clamp,pca,4,0,0,ideal_aer,57,clamp:4226,1,1,0.009733884180089303,
clamp_pca4,clamp,pca,4,0,0,ideal_aer,58,clamp:2539,1,1,0.9023219072063147,
clamp_pca4,clamp,pca,4,0,0,ideal_aer,59,clamp:5043,1,1,0.18724152361570695,
clamp_pca4,clamp,pca,4,0,0,ideal_aer,60,clamp:3041,1,1,0.20004694580478016,
clamp_pca4,clamp,pca,4,0,0,ideal_aer,61,clamp:2790,1,1,0.279050261226529,
clamp_pca4,clamp,pca,4,0,0,ideal_aer,62,clamp:4513,1,1,0.9164017952719155,
clamp_pca4,clamp,pca,4,0,0,ideal_aer,63,clamp:2800,1,1,1.042660201849905,
clamp_pca4,clamp,pca,4,0,0,ideal_aer,64,clamp:4086,1,1,1.39198675248223,
clamp_pca4,clamp,pca,4,0,0,ideal_aer,65,clamp:3323,1,1,1.4885215519000545,
clamp_pca4,clamp,pca,4,0,0,ideal_aer,66,clamp:4083,1,0,-1.4447719063953524,
clamp_pca4,clamp,pca,4,0,0,ideal_aer,67,clamp:3502,1,0,-0.3662885728702923,
clamp_pca4,clamp,pca,4,0,0,ideal_aer,68,clamp:2942,1,1,0.8276758053447777,
clamp_pca4,clamp,pca,4,0,0,ideal_aer,69,clamp:2736,1,1,0.30156762095922546,
clamp_pca4,clamp,pca,4,0,0,ideal_aer,70,clamp:3934,1,0,-0.34916655706417826,
clamp_pca4,clamp,pca,4,0,0,ideal_aer,71,clamp:3604,1,1,0.5634384209948327,
clamp_pca4,clamp,pca,4,0,0,ideal_aer,72,clamp:3106,1,1,0.9311882770560467,
clamp_pca4,clamp,pca,4,0,0,ideal_aer,73,clamp:2810,1,1,0.2417727163336027,
clamp_pca4,clamp,pca,4,0,0,ideal_aer,74,clamp:4020,1,1,1.1873382787531046,
clamp_pca4,clamp,pca,4,0,0,ideal_aer,75,clamp:3687,1,0,-0.11876727480502958,
clamp_pca4,clamp,pca,4,0,0,ideal_aer,76,clamp:4062,1,1,0.9541444701393171,
clamp_pca4,clamp,pca,4,0,0,ideal_aer,77,clamp:3438,1,1,1.2602577649999978,
clamp_pca4,clamp,pca,4,0,0,ideal_aer,78,clamp:3533,1,0,-0.41950920160816324,
clamp_pca4,clamp,pca,4,0,0,ideal_aer,79,clamp:4210,1,1,1.1849944520696511,
clamp_pca4,clamp,pca,4,0,0,noisy_aer,0,clamp:240,0,0,-0.3310290612259669,
clamp_pca4,clamp,pca,4,0,0,noisy_aer,1,clamp:369,0,1,1.2809674974808887,
clamp_pca4,clamp,pca,4,0,0,noisy_aer,2,clamp:719,0,0,-0.37667729422894697,
clamp_pca4,clamp,pca,4,0,0,noisy_aer,3,clamp:1336,0,0,-1.0945824581236518,
clamp_pca4,clamp,pca,4,0,0,noisy_aer,4,clamp:1605,0,0,-1.4287859359788637,
clamp_pca4,clamp,pca,4,0,0,noisy_aer,5,clamp:1417,0,0,-1.0266387114191389,
clamp_pca4,clamp,pca,4,0,0,noisy_aer,6,clamp:2339,0,0,-1.3047516580255776,
clamp_pca4,clamp,pca,4,0,0,noisy_aer,7,clamp:2379,0,0,-0.40588826518987503,
clamp_pca4,clamp,pca,4,0,0,noisy_aer,8,clamp:102,0,0,-1.031111965393006,
clamp_pca4,clamp,pca,4,0,0,noisy_aer,9,clamp:1859,0,0,-0.8803072399658024,
clamp_pca4,clamp,pca,4,0,0,noisy_aer,10,clamp:1158,0,0,-1.1141292013388795,
clamp_pca4,clamp,pca,4,0,0,noisy_aer,11,clamp:1610,0,0,-0.8006742590517745,
clamp_pca4,clamp,pca,4,0,0,noisy_aer,12,clamp:862,0,0,-0.9845462192529951,
clamp_pca4,clamp,pca,4,0,0,noisy_aer,13,clamp:607,0,0,-0.6253639338208229,
clamp_pca4,clamp,pca,4,0,0,noisy_aer,14,clamp:139,0,0,-0.3836302316940569,
clamp_pca4,clamp,pca,4,0,0,noisy_aer,15,clamp:1856,0,1,0.12012798630577722,
clamp_pca4,clamp,pca,4,0,0,noisy_aer,16,clamp:2028,0,0,-0.40468660725043976,
clamp_pca4,clamp,pca,4,0,0,noisy_aer,17,clamp:1312,0,0,-0.21518900006968203,
clamp_pca4,clamp,pca,4,0,0,noisy_aer,18,clamp:950,0,0,-0.32673513604319754,
clamp_pca4,clamp,pca,4,0,0,noisy_aer,19,clamp:1568,0,0,-1.0162768622863254,
clamp_pca4,clamp,pca,4,0,0,noisy_aer,20,clamp:922,0,0,-0.17459566586669065,
clamp_pca4,clamp,pca,4,0,0,noisy_aer,21,clamp:958,0,0,-1.3422719604017,
clamp_pca4,clamp,pca,4,0,0,noisy_aer,22,clamp:2073,0,1,0.013994640017468711,
clamp_pca4,clamp,pca,4,0,0,noisy_aer,23,clamp:109,0,1,1.0970521484649347,
clamp_pca4,clamp,pca,4,0,0,noisy_aer,24,clamp:1291,0,0,-0.5546844421529679,
clamp_pca4,clamp,pca,4,0,0,noisy_aer,25,clamp:1197,0,0,-0.06492990303312755,
clamp_pca4,clamp,pca,4,0,0,noisy_aer,26,clamp:2459,0,0,-1.3788795955647295,
clamp_pca4,clamp,pca,4,0,0,noisy_aer,27,clamp:1683,0,0,-0.2674680412071861,
clamp_pca4,clamp,pca,4,0,0,noisy_aer,28,clamp:320,0,0,-0.036876802094995234,
clamp_pca4,clamp,pca,4,0,0,noisy_aer,29,clamp:927,0,1,0.15427042540869138,
clamp_pca4,clamp,pca,4,0,0,noisy_aer,30,clamp:1424,0,0,-0.4292871829320101,
clamp_pca4,clamp,pca,4,0,0,noisy_aer,31,clamp:1832,0,0,-0.6936072995603871,
clamp_pca4,clamp,pca,4,0,0,noisy_aer,32,clamp:1796,0,0,-1.396772882323035,
clamp_pca4,clamp,pca,4,0,0,noisy_aer,33,clamp:1154,0,0,-1.2637160240280922,
clamp_pca4,clamp,pca,4,0,0,noisy_aer,34,clamp:744,0,0,-1.0512058963579223,
clamp_pca4,clamp,pca,4,0,0,noisy_aer,35,clamp:759,0,0,-1.0293184386138217,
clamp_pca4,clamp,pca,4,0,0,noisy_aer,36,clamp:1082,0,0,-1.034470582083055,
clamp_pca4,clamp,pca,4,0,0,noisy_aer,37,clamp:1936,0,0,-0.08219415272652665,
clamp_pca4,clamp,pca,4,0,0,noisy_aer,38,clamp:834,0,0,-0.6091407479319043,
clamp_pca4,clamp,pca,4,0,0,noisy_aer,39,clamp:360,0,0,-0.32851675541734154,
clamp_pca4,clamp,pca,4,0,0,noisy_aer,40,clamp:3556,1,0,-0.6258381968072823,
clamp_pca4,clamp,pca,4,0,0,noisy_aer,41,clamp:3741,1,1,0.8742395123490015,
clamp_pca4,clamp,pca,4,0,0,noisy_aer,42,clamp:3085,1,1,0.8155300866511773,
clamp_pca4,clamp,pca,4,0,0,noisy_aer,43,clamp:4967,1,1,0.4722773574874087,
clamp_pca4,clamp,pca,4,0,0,noisy_aer,44,clamp:5000,1,1,1.2089141348430386,
clamp_pca4,clamp,pca,4,0,0,noisy_aer,45,clamp:3359,1,0,-0.06813559788698591,
clamp_pca4,clamp,pca,4,0,0,noisy_aer,46,clamp:3832,1,0,-0.23072774109258157,
clamp_pca4,clamp,pca,4,0,0,noisy_aer,47,clamp:2609,1,0,-0.050953105724366385,
clamp_pca4,clamp,pca,4,0,0,noisy_aer,48,clamp:3804,1,1,0.6754129250925943,
clamp_pca4,clamp,pca,4,0,0,noisy_aer,49,clamp:4549,1,0,-0.7289115214608349,
clamp_pca4,clamp,pca,4,0,0,noisy_aer,50,clamp:2965,1,0,-0.013289814510295468,
clamp_pca4,clamp,pca,4,0,0,noisy_aer,51,clamp:4655,1,1,0.11880861604257704,
clamp_pca4,clamp,pca,4,0,0,noisy_aer,52,clamp:3567,1,1,1.2003893721705947,
clamp_pca4,clamp,pca,4,0,0,noisy_aer,53,clamp:2683,1,0,-1.2811626045264286,
clamp_pca4,clamp,pca,4,0,0,noisy_aer,54,clamp:3472,1,1,0.18344144931224324,
clamp_pca4,clamp,pca,4,0,0,noisy_aer,55,clamp:3277,1,0,-0.6213326935395144,
clamp_pca4,clamp,pca,4,0,0,noisy_aer,56,clamp:3562,1,0,-0.07545162375423768,
clamp_pca4,clamp,pca,4,0,0,noisy_aer,57,clamp:4226,1,1,0.17909269350136156,
clamp_pca4,clamp,pca,4,0,0,noisy_aer,58,clamp:2539,1,1,0.8334047512123798,
clamp_pca4,clamp,pca,4,0,0,noisy_aer,59,clamp:5043,1,1,0.16609713424751069,
clamp_pca4,clamp,pca,4,0,0,noisy_aer,60,clamp:3041,1,1,0.340534684939466,
clamp_pca4,clamp,pca,4,0,0,noisy_aer,61,clamp:2790,1,1,0.22129028368523615,
clamp_pca4,clamp,pca,4,0,0,noisy_aer,62,clamp:4513,1,1,0.9110994836557996,
clamp_pca4,clamp,pca,4,0,0,noisy_aer,63,clamp:2800,1,1,1.133545621737012,
clamp_pca4,clamp,pca,4,0,0,noisy_aer,64,clamp:4086,1,1,1.3754003669023098,
clamp_pca4,clamp,pca,4,0,0,noisy_aer,65,clamp:3323,1,1,1.4972869678916096,
clamp_pca4,clamp,pca,4,0,0,noisy_aer,66,clamp:4083,1,0,-0.9101022323938189,
clamp_pca4,clamp,pca,4,0,0,noisy_aer,67,clamp:3502,1,0,-0.4396273597021549,
clamp_pca4,clamp,pca,4,0,0,noisy_aer,68,clamp:2942,1,1,0.5642781331837782,
clamp_pca4,clamp,pca,4,0,0,noisy_aer,69,clamp:2736,1,1,0.7184680278706114,
clamp_pca4,clamp,pca,4,0,0,noisy_aer,70,clamp:3934,1,0,-0.7016951044883014,
clamp_pca4,clamp,pca,4,0,0,noisy_aer,71,clamp:3604,1,1,0.7130113101459269,
clamp_pca4,clamp,pca,4,0,0,noisy_aer,72,clamp:3106,1,1,0.9879443665718194,
clamp_pca4,clamp,pca,4,0,0,noisy_aer,73,clamp:2810,1,1,0.31863887002705976,
clamp_pca4,clamp,pca,4,0,0,noisy_aer,74,clamp:4020,1,1,1.369578243006439,
clamp_pca4,clamp,pca,4,0,0,noisy_aer,75,clamp:3687,1,0,-0.05966326837691742,
clamp_pca4,clamp,pca,4,0,0,noisy_aer,76,clamp:4062,1,1,0.9699054519618634,
clamp_pca4,clamp,pca,4,0,0,noisy_aer,77,clamp:3438,1,1,1.23615765151691,
clamp_pca4,clamp,pca,4,0,0,noisy_aer,78,clamp:3533,1,0,-0.4466290517404476,
clamp_pca4,clamp,pca,4,0,0,noisy_aer,79,clamp:4210,1,1,0.987774929435164,
clamp_pca4,clamp,pca,4,1,0,exact,0,clamp:1689,0,0,-0.7890891697798434,
clamp_pca4,clamp,pca,4,1,0,exact,1,clamp:1105,0,0,-1.5375248791787381,
clamp_pca4,clamp,pca,4,1,0,exact,2,clamp:1060,0,0,-0.36537595185693256,
clamp_pca4,clamp,pca,4,1,0,exact,3,clamp:531,0,0,-0.46800167432066214,
clamp_pca4,clamp,pca,4,1,0,exact,4,clamp:1101,0,0,-0.9838464738975912,
clamp_pca4,clamp,pca,4,1,0,exact,5,clamp:489,0,1,0.1412212568895514,
clamp_pca4,clamp,pca,4,1,0,exact,6,clamp:232,0,0,-0.5598647704900268,
clamp_pca4,clamp,pca,4,1,0,exact,7,clamp:1543,0,0,-0.5212773560475032,
clamp_pca4,clamp,pca,4,1,0,exact,8,clamp:491,0,0,-0.163687388728812,
clamp_pca4,clamp,pca,4,1,0,exact,9,clamp:1868,0,0,-0.48438255601633984,
clamp_pca4,clamp,pca,4,1,0,exact,10,clamp:1614,0,0,-0.9343123987829018,
clamp_pca4,clamp,pca,4,1,0,exact,11,clamp:1031,0,0,-0.37834435744815076,
clamp_pca4,clamp,pca,4,1,0,exact,12,clamp:2247,0,0,-0.3665036075808156,
clamp_pca4,clamp,pca,4,1,0,exact,13,clamp:991,0,0,-1.0736973187185843,
clamp_pca4,clamp,pca,4,1,0,exact,14,clamp:319,0,0,-0.6595457968583115,
clamp_pca4,clamp,pca,4,1,0,exact,15,clamp:1977,0,0,-0.7314231955225463,
clamp_pca4,clamp,pca,4,1,0,exact,16,clamp:2233,0,0,-0.7420015240435371,
clamp_pca4,clamp,pca,4,1,0,exact,17,clamp:1721,0,0,-0.8056569188857338,
clamp_pca4,clamp,pca,4,1,0,exact,18,clamp:2025,0,0,-0.48034277619709304,
clamp_pca4,clamp,pca,4,1,0,exact,19,clamp:1173,0,0,-1.4118087126133543,
clamp_pca4,clamp,pca,4,1,0,exact,20,clamp:1266,0,0,-0.648024493943098,
clamp_pca4,clamp,pca,4,1,0,exact,21,clamp:17,0,0,-0.721834644497225,
clamp_pca4,clamp,pca,4,1,0,exact,22,clamp:1192,0,0,-0.5479180190226298,
clamp_pca4,clamp,pca,4,1,0,exact,23,clamp:1344,0,0,-0.36573357349514485,
clamp_pca4,clamp,pca,4,1,0,exact,24,clamp:1067,0,0,-0.880288120161316,
clamp_pca4,clamp,pca,4,1,0,exact,25,clamp:2306,0,1,0.24655235934002634,
clamp_pca4,clamp,pca,4,1,0,exact,26,clamp:1743,0,0,-0.2904421077096252,
clamp_pca4,clamp,pca,4,1,0,exact,27,clamp:1269,0,1,1.405894502710719,
clamp_pca4,clamp,pca,4,1,0,exact,28,clamp:151,0,0,-1.0956564225097958,
clamp_pca4,clamp,pca,4,1,0,exact,29,clamp:173,0,0,-0.3808157809808673,
clamp_pca4,clamp,pca,4,1,0,exact,30,clamp:190,0,0,-0.4037560727129808,
clamp_pca4,clamp,pca,4,1,0,exact,31,clamp:1290,0,0,-1.1769061794215006,
clamp_pca4,clamp,pca,4,1,0,exact,32,clamp:396,0,0,-0.7245317978794528,
clamp_pca4,clamp,pca,4,1,0,exact,33,clamp:648,0,0,-1.1171734414678491,
clamp_pca4,clamp,pca,4,1,0,exact,34,clamp:335,0,0,-0.8231764320873651,
clamp_pca4,clamp,pca,4,1,0,exact,35,clamp:1165,0,0,-0.7596477558229999,
clamp_pca4,clamp,pca,4,1,0,exact,36,clamp:2010,0,1,0.06207580113348049,
clamp_pca4,clamp,pca,4,1,0,exact,37,clamp:2298,0,0,-1.119487289680963,
clamp_pca4,clamp,pca,4,1,0,exact,38,clamp:9,0,0,-0.9611888153653458,
clamp_pca4,clamp,pca,4,1,0,exact,39,clamp:767,0,0,-0.35380538891771346,
clamp_pca4,clamp,pca,4,1,0,exact,40,clamp:3063,1,0,-0.11530357379742762,
clamp_pca4,clamp,pca,4,1,0,exact,41,clamp:4446,1,1,0.4016944234538286,
clamp_pca4,clamp,pca,4,1,0,exact,42,clamp:3605,1,0,-1.5994326750157017,
clamp_pca4,clamp,pca,4,1,0,exact,43,clamp:4626,1,1,0.06711194869886122,
clamp_pca4,clamp,pca,4,1,0,exact,44,clamp:3962,1,1,1.0403538853201542,
clamp_pca4,clamp,pca,4,1,0,exact,45,clamp:3334,1,1,0.7523157191642826,
clamp_pca4,clamp,pca,4,1,0,exact,46,clamp:4743,1,0,-0.3067715243087649,
clamp_pca4,clamp,pca,4,1,0,exact,47,clamp:4693,1,1,0.7313031478059295,
clamp_pca4,clamp,pca,4,1,0,exact,48,clamp:2697,1,1,0.14293991905140596,
clamp_pca4,clamp,pca,4,1,0,exact,49,clamp:5134,1,1,1.0886238677277713,
clamp_pca4,clamp,pca,4,1,0,exact,50,clamp:4302,1,1,0.8714915998902526,
clamp_pca4,clamp,pca,4,1,0,exact,51,clamp:4568,1,0,-0.0790467940812985,
clamp_pca4,clamp,pca,4,1,0,exact,52,clamp:4271,1,0,-0.07071943240142287,
clamp_pca4,clamp,pca,4,1,0,exact,53,clamp:4139,1,0,-0.3948987426578713,
clamp_pca4,clamp,pca,4,1,0,exact,54,clamp:2895,1,0,-0.1988663176673155,
clamp_pca4,clamp,pca,4,1,0,exact,55,clamp:4786,1,0,-0.8798088178387033,
clamp_pca4,clamp,pca,4,1,0,exact,56,clamp:4253,1,1,1.0465179766272137,
clamp_pca4,clamp,pca,4,1,0,exact,57,clamp:3234,1,1,0.9431208539426441,
clamp_pca4,clamp,pca,4,1,0,exact,58,clamp:2870,1,0,-0.9995903002913322,
clamp_pca4,clamp,pca,4,1,0,exact,59,clamp:4604,1,1,0.48406564127923074,
clamp_pca4,clamp,pca,4,1,0,exact,60,clamp:3968,1,1,0.8605699760928089,
clamp_pca4,clamp,pca,4,1,0,exact,61,clamp:4188,1,1,0.43780454525789286,
clamp_pca4,clamp,pca,4,1,0,exact,62,clamp:4212,1,1,0.015127332702421115,
clamp_pca4,clamp,pca,4,1,0,exact,63,clamp:4352,1,1,0.4776533196594434,
clamp_pca4,clamp,pca,4,1,0,exact,64,clamp:2979,1,0,-0.5345451150306884,
clamp_pca4,clamp,pca,4,1,0,exact,65,clamp:4563,1,1,1.1325938597585994,
clamp_pca4,clamp,pca,4,1,0,exact,66,clamp:3718,1,1,0.20120908628641038,
clamp_pca4,clamp,pca,4,1,0,exact,67,clamp:3088,1,1,0.776132833057827,
clamp_pca4,clamp,pca,4,1,0,exact,68,clamp:3471,1,1,1.1459006654368193,
clamp_pca4,clamp,pca,4,1,0,exact,69,clamp:3338,1,1,0.9009319299292506,
clamp_pca4,clamp,pca,4,1,0,exact,70,clamp:3936,1,0,-1.2397298620622543,
clamp_pca4,clamp,pca,4,1,0,exact,71,clamp:5007,1,1,0.17708043562339187,
clamp_pca4,clamp,pca,4,1,0,exact,72,clamp:2574,1,0,-0.08043096420555701,
clamp_pca4,clamp,pca,4,1,0,exact,73,clamp:3925,1,0,-0.2843874880394929,
clamp_pca4,clamp,pca,4,1,0,exact,74,clamp:3039,1,1,0.10113138915298764,
clamp_pca4,clamp,pca,4,1,0,exact,75,clamp:3624,1,0,-0.0871178649903867,
clamp_pca4,clamp,pca,4,1,0,exact,76,clamp:3541,1,1,0.45668681155299246,
clamp_pca4,clamp,pca,4,1,0,exact,77,clamp:5031,1,0,-1.2897254790551091,
clamp_pca4,clamp,pca,4,1,0,exact,78,clamp:2648,1,0,-0.546029349406365,
clamp_pca4,clamp,pca,4,1,0,exact,79,clamp:3278,1,1,0.853972683620293,
clamp_pca4,clamp,pca,4,1,0,ideal_aer,0,clamp:1689,0,0,-0.9626596079392145,
clamp_pca4,clamp,pca,4,1,0,ideal_aer,1,clamp:1105,0,0,-1.7400049978993972,
clamp_pca4,clamp,pca,4,1,0,ideal_aer,2,clamp:1060,0,0,-0.3138789789183792,
clamp_pca4,clamp,pca,4,1,0,ideal_aer,3,clamp:531,0,0,-0.6208465655348714,
clamp_pca4,clamp,pca,4,1,0,ideal_aer,4,clamp:1101,0,0,-1.022029795119115,
clamp_pca4,clamp,pca,4,1,0,ideal_aer,5,clamp:489,0,0,-0.20966719437442155,
clamp_pca4,clamp,pca,4,1,0,ideal_aer,6,clamp:232,0,0,-0.6075232490824285,
clamp_pca4,clamp,pca,4,1,0,ideal_aer,7,clamp:1543,0,0,-0.3613520626805227,
clamp_pca4,clamp,pca,4,1,0,ideal_aer,8,clamp:491,0,0,-0.1278876193707264,
clamp_pca4,clamp,pca,4,1,0,ideal_aer,9,clamp:1868,0,0,-0.5229400413196004,
clamp_pca4,clamp,pca,4,1,0,ideal_aer,10,clamp:1614,0,0,-0.8494995953207907,
clamp_pca4,clamp,pca,4,1,0,ideal_aer,11,clamp:1031,0,0,-0.5570312458724189,
clamp_pca4,clamp,pca,4,1,0,ideal_aer,12,clamp:2247,0,0,-0.49980753819090423,
clamp_pca4,clamp,pca,4,1,0,ideal_aer,13,clamp:991,0,0,-1.1149704919464565,
clamp_pca4,clamp,pca,4,1,0,ideal_aer,14,clamp:319,0,0,-0.7973885422963605,
clamp_pca4,clamp,pca,4,1,0,ideal_aer,15,clamp:1977,0,0,-0.6520380010445634,
clamp_pca4,clamp,pca,4,1,0,ideal_aer,16,clamp:2233,0,0,-0.6526024342599412,
clamp_pca4,clamp,pca,4,1,0,ideal_aer,17,clamp:1721,0,0,-0.8674876465897228,
clamp_pca4,clamp,pca,4,1,0,ideal_aer,18,clamp:2025,0,0,-0.533107209421573,
clamp_pca4,clamp,pca,4,1,0,ideal_aer,19,clamp:1173,0,0,-1.5679528366872373,
clamp_pca4,clamp,pca,4,1,0,ideal_aer,20,clamp:1266,0,0,-0.7648655300671554,
clamp_pca4,clamp,pca,4,1,0,ideal_aer,21,clamp:17,0,0,-0.9621292645708936,
clamp_pca4,clamp,pca,4,1,0,ideal_aer,22,clamp:1192,0,0,-0.5037356066273762,
clamp_pca4,clamp,pca,4,1,0,ideal_aer,23,clamp:1344,0,0,-0.5158026198570775,
clamp_pca4,clamp,pca,4,1,0,ideal_aer,24,clamp:1067,0,0,-0.9053118245912528,
clamp_pca4,clamp,pca,4,1,0,ideal_aer,25,clamp:2306,0,1,0.26578668320400073,
clamp_pca4,clamp,pca,4,1,0,ideal_aer,26,clamp:1743,0,1,0.024472072198908845,
clamp_pca4,clamp,pca,4,1,0,ideal_aer,27,clamp:1269,0,1,1.5371374561911093,
clamp_pca4,clamp,pca,4,1,0,ideal_aer,28,clamp:151,0,0,-1.0679563331141346,
clamp_pca4,clamp,pca,4,1,0,ideal_aer,29,clamp:173,0,0,-0.16186062556329067,
clamp_pca4,clamp,pca,4,1,0,ideal_aer,30,clamp:190,0,0,-0.4201462605680382,
clamp_pca4,clamp,pca,4,1,0,ideal_aer,31,clamp:1290,0,0,-1.1462288061818404,
clamp_pca4,clamp,pca,4,1,0,ideal_aer,32,clamp:396,0,0,-0.9467698274125671,
clamp_pca4,clamp,pca,4,1,0,ideal_aer,33,clamp:648,0,0,-1.4324995856732339,
clamp_pca4,clamp,pca,4,1,0,ideal_aer,34,clamp:335,0,0,-0.8791645840654403,
clamp_pca4,clamp,pca,4,1,0,ideal_aer,35,clamp:1165,0,0,-0.7563287686940288,
clamp_pca4,clamp,pca,4,1,0,ideal_aer,36,clamp:2010,0,0,-0.3065999734750458,
clamp_pca4,clamp,pca,4,1,0,ideal_aer,37,clamp:2298,0,0,-0.9953301335305407,
clamp_pca4,clamp,pca,4,1,0,ideal_aer,38,clamp:9,0,0,-0.9925858098948686,
clamp_pca4,clamp,pca,4,1,0,ideal_aer,39,clamp:767,0,0,-0.43801785143464383,
clamp_pca4,clamp,pca,4,1,0,ideal_aer,40,clamp:3063,1,0,-0.18858725039582908,
clamp_pca4,clamp,pca,4,1,0,ideal_aer,41,clamp:4446,1,1,0.10254889524061572,
clamp_pca4,clamp,pca,4,1,0,ideal_aer,42,clamp:3605,1,0,-1.804778373298726,
clamp_pca4,clamp,pca,4,1,0,ideal_aer,43,clamp:4626,1,1,0.0972348143074599,
clamp_pca4,clamp,pca,4,1,0,ideal_aer,44,clamp:3962,1,1,1.1695525606287858,
clamp_pca4,clamp,pca,4,1,0,ideal_aer,45,clamp:3334,1,1,0.5344064507033957,
clamp_pca4,clamp,pca,4,1,0,ideal_aer,46,clamp:4743,1,0,-0.3155983823199902,
clamp_pca4,clamp,pca,4,1,0,ideal_aer,47,clamp:4693,1,1,0.9136001782404486,
clamp_pca4,clamp,pca,4,1,0,ideal_aer,48,clamp:2697,1,1,0.02632651878439235,
clamp_pca4,clamp,pca,4,1,0,ideal_aer,49,clamp:5134,1,1,1.2125262114666862,
clamp_pca4,clamp,pca,4,1,0,ideal_aer,50,clamp:4302,1,1,0.7907593043691423,
clamp_pca4,clamp,pca,4,1,0,ideal_aer,51,clamp:4568,1,0,-0.017974601956214642,
clamp_pca4,clamp,pca,4,1,0,ideal_aer,52,clamp:4271,1,0,-0.14360358755756994,
clamp_pca4,clamp,pca,4,1,0,ideal_aer,53,clamp:4139,1,0,-0.365399838608302,
clamp_pca4,clamp,pca,4,1,0,ideal_aer,54,clamp:2895,1,0,-0.12901172592494065,
clamp_pca4,clamp,pca,4,1,0,ideal_aer,55,clamp:4786,1,0,-0.9163976226806003,
clamp_pca4,clamp,pca,4,1,0,ideal_aer,56,clamp:4253,1,1,1.2518576441334943,
clamp_pca4,clamp,pca,4,1,0,ideal_aer,57,clamp:3234,1,1,0.9359386778830405,
clamp_pca4,clamp,pca,4,1,0,ideal_aer,58,clamp:2870,1,0,-1.1217913627738554,
clamp_pca4,clamp,pca,4,1,0,ideal_aer,59,clamp:4604,1,1,0.7186054767440722,
clamp_pca4,clamp,pca,4,1,0,ideal_aer,60,clamp:3968,1,1,0.7910707385084526,
clamp_pca4,clamp,pca,4,1,0,ideal_aer,61,clamp:4188,1,1,0.6861005183285425,
clamp_pca4,clamp,pca,4,1,0,ideal_aer,62,clamp:4212,1,0,-0.14906222997309243,
clamp_pca4,clamp,pca,4,1,0,ideal_aer,63,clamp:4352,1,1,0.5173338592418004,
clamp_pca4,clamp,pca,4,1,0,ideal_aer,64,clamp:2979,1,0,-0.4524319106674715,
clamp_pca4,clamp,pca,4,1,0,ideal_aer,65,clamp:4563,1,1,1.1590729332819047,
clamp_pca4,clamp,pca,4,1,0,ideal_aer,66,clamp:3718,1,1,0.297104790975571,
clamp_pca4,clamp,pca,4,1,0,ideal_aer,67,clamp:3088,1,1,0.8444581406099567,
clamp_pca4,clamp,pca,4,1,0,ideal_aer,68,clamp:3471,1,1,1.3590023405529892,
clamp_pca4,clamp,pca,4,1,0,ideal_aer,69,clamp:3338,1,1,0.7086798753901933,
clamp_pca4,clamp,pca,4,1,0,ideal_aer,70,clamp:3936,1,0,-1.2012753310839344,
clamp_pca4,clamp,pca,4,1,0,ideal_aer,71,clamp:5007,1,1,0.08493407393265712,
clamp_pca4,clamp,pca,4,1,0,ideal_aer,72,clamp:2574,1,0,-0.07606571133741064,
clamp_pca4,clamp,pca,4,1,0,ideal_aer,73,clamp:3925,1,0,-0.5054706739122861,
clamp_pca4,clamp,pca,4,1,0,ideal_aer,74,clamp:3039,1,1,0.11615078335832635,
clamp_pca4,clamp,pca,4,1,0,ideal_aer,75,clamp:3624,1,0,-0.07861083701251342,
clamp_pca4,clamp,pca,4,1,0,ideal_aer,76,clamp:3541,1,1,0.4869647416145661,
clamp_pca4,clamp,pca,4,1,0,ideal_aer,77,clamp:5031,1,0,-1.4251419864180372,
clamp_pca4,clamp,pca,4,1,0,ideal_aer,78,clamp:2648,1,0,-0.22224300543708236,
clamp_pca4,clamp,pca,4,1,0,ideal_aer,79,clamp:3278,1,1,0.7001323581834813,
clamp_pca4,clamp,pca,4,1,0,noisy_aer,0,clamp:1689,0,0,-0.6186414505130012,
clamp_pca4,clamp,pca,4,1,0,noisy_aer,1,clamp:1105,0,0,-1.4528497190409362,
clamp_pca4,clamp,pca,4,1,0,noisy_aer,2,clamp:1060,0,0,-0.23221170969115035,
clamp_pca4,clamp,pca,4,1,0,noisy_aer,3,clamp:531,0,0,-0.3492759077268487,
clamp_pca4,clamp,pca,4,1,0,noisy_aer,4,clamp:1101,0,0,-0.9058298011856799,
clamp_pca4,clamp,pca,4,1,0,noisy_aer,5,clamp:489,0,1,0.13980791284877514,
clamp_pca4,clamp,pca,4,1,0,noisy_aer,6,clamp:232,0,0,-0.4424290387394766,
clamp_pca4,clamp,pca,4,1,0,noisy_aer,7,clamp:1543,0,0,-0.5225660835724891,
clamp_pca4,clamp,pca,4,1,0,noisy_aer,8,clamp:491,0,0,-0.172126576765662,
clamp_pca4,clamp,pca,4,1,0,noisy_aer,9,clamp:1868,0,0,-0.2591702039418943,
clamp_pca4,clamp,pca,4,1,0,noisy_aer,10,clamp:1614,0,0,-0.9527240881513475,
clamp_pca4,clamp,pca,4,1,0,noisy_aer,11,clamp:1031,0,0,-0.03328254312165868,
clamp_pca4,clamp,pca,4,1,0,noisy_aer,12,clamp:2247,0,0,-0.4012965222568411,
clamp_pca4,clamp,pca,4,1,0,noisy_aer,13,clamp:991,0,0,-0.9700505384377908,
clamp_pca4,clamp,pca,4,1,0,noisy_aer,14,clamp:319,0,0,-0.7585838097991322,
clamp_pca4,clamp,pca,4,1,0,noisy_aer,15,clamp:1977,0,0,-0.7325526736663541,
clamp_pca4,clamp,pca,4,1,0,noisy_aer,16,clamp:2233,0,0,-0.5309085094300244,
clamp_pca4,clamp,pca,4,1,0,noisy_aer,17,clamp:1721,0,0,-0.6833318158105909,
clamp_pca4,clamp,pca,4,1,0,noisy_aer,18,clamp:2025,0,0,-0.15905241944394888,
clamp_pca4,clamp,pca,4,1,0,noisy_aer,19,clamp:1173,0,0,-1.2685670545055645,
clamp_pca4,clamp,pca,4,1,0,noisy_aer,20,clamp:1266,0,0,-0.37294502502897287,
clamp_pca4,clamp,pca,4,1,0,noisy_aer,21,clamp:17,0,0,-0.834524195964374,
clamp_pca4,clamp,pca,4,1,0,noisy_aer,22,clamp:1192,0,0,-0.40757485534233506,
clamp_pca4,clamp,pca,4,1,0,noisy_aer,23,clamp:1344,0,0,-0.5924975053370723,
clamp_pca4,clamp,pca,4,1,0,noisy_aer,24,clamp:1067,0,0,-1.0084250491712408,
clamp_pca4,clamp,pca,4,1,0,noisy_aer,25,clamp:2306,0,0,-0.04096553632854316,
clamp_pca4,clamp,pca,4,1,0,noisy_aer,26,clamp:1743,0,0,-0.27713413638704043,
clamp_pca4,clamp,pca,4,1,0,noisy_aer,27,clamp:1269,0,1,1.4371877576943506,
clamp_pca4,clamp,pca,4,1,0,noisy_aer,28,clamp:151,0,0,-0.8947032751339233,
clamp_pca4,clamp,pca,4,1,0,noisy_aer,29,clamp:173,0,0,-0.34194104542055725,
clamp_pca4,clamp,pca,4,1,0,noisy_aer,30,clamp:190,0,0,-0.2883371395281856,
clamp_pca4,clamp,pca,4,1,0,noisy_aer,31,clamp:1290,0,0,-1.0965671307098914,
clamp_pca4,clamp,pca,4,1,0,noisy_aer,32,clamp:396,0,0,-0.7604137323011949,
clamp_pca4,clamp,pca,4,1,0,noisy_aer,33,clamp:648,0,0,-0.9101721619496675,
clamp_pca4,clamp,pca,4,1,0,noisy_aer,34,clamp:335,0,0,-1.0571744430751302,
clamp_pca4,clamp,pca,4,1,0,noisy_aer,35,clamp:1165,0,0,-0.9176938422323214,
clamp_pca4,clamp,pca,4,1,0,noisy_aer,36,clamp:2010,0,1,0.03465003967233804,
clamp_pca4,clamp,pca,4,1,0,noisy_aer,37,clamp:2298,0,0,-0.9501426166547133,
clamp_pca4,clamp,pca,4,1,0,noisy_aer,38,clamp:9,0,0,-0.8812341878453543,
clamp_pca4,clamp,pca,4,1,0,noisy_aer,39,clamp:767,0,0,-0.3071155645428755,
clamp_pca4,clamp,pca,4,1,0,noisy_aer,40,clamp:3063,1,0,-0.1462551155625057,
clamp_pca4,clamp,pca,4,1,0,noisy_aer,41,clamp:4446,1,1,0.7050343899999064,
clamp_pca4,clamp,pca,4,1,0,noisy_aer,42,clamp:3605,1,0,-1.4953458670222926,
clamp_pca4,clamp,pca,4,1,0,noisy_aer,43,clamp:4626,1,1,0.23982879401510504,
clamp_pca4,clamp,pca,4,1,0,noisy_aer,44,clamp:3962,1,1,0.9260695961111155,
clamp_pca4,clamp,pca,4,1,0,noisy_aer,45,clamp:3334,1,1,0.7936447269704966,
clamp_pca4,clamp,pca,4,1,0,noisy_aer,46,clamp:4743,1,0,-0.32042304013316303,
clamp_pca4,clamp,pca,4,1,0,noisy_aer,47,clamp:4693,1,1,0.9289008341572652,
clamp_pca4,clamp,pca,4,1,0,noisy_aer,48,clamp:2697,1,1,0.07291065792746576,
clamp_pca4,clamp,pca,4,1,0,noisy_aer,49,clamp:5134,1,1,1.2380312053176281,
clamp_pca4,clamp,pca,4,1,0,noisy_aer,50,clamp:4302,1,1,0.8163146990665843,
clamp_pca4,clamp,pca,4,1,0,noisy_aer,51,clamp:4568,1,1,0.11176642574725448,
clamp_pca4,clamp,pca,4,1,0,noisy_aer,52,clamp:4271,1,0,-0.12605585523991558,
clamp_pca4,clamp,pca,4,1,0,noisy_aer,53,clamp:4139,1,0,-0.14248891154082288,
clamp_pca4,clamp,pca,4,1,0,noisy_aer,54,clamp:2895,1,0,-0.15945484437800778,
clamp_pca4,clamp,pca,4,1,0,noisy_aer,55,clamp:4786,1,0,-0.7338099222007143,
clamp_pca4,clamp,pca,4,1,0,noisy_aer,56,clamp:4253,1,1,1.3472817249402,
clamp_pca4,clamp,pca,4,1,0,noisy_aer,57,clamp:3234,1,1,0.8741318820820824,
clamp_pca4,clamp,pca,4,1,0,noisy_aer,58,clamp:2870,1,0,-0.7836349246210247,
clamp_pca4,clamp,pca,4,1,0,noisy_aer,59,clamp:4604,1,1,0.7586413107188407,
clamp_pca4,clamp,pca,4,1,0,noisy_aer,60,clamp:3968,1,1,0.5150803161022678,
clamp_pca4,clamp,pca,4,1,0,noisy_aer,61,clamp:4188,1,1,0.510100624362811,
clamp_pca4,clamp,pca,4,1,0,noisy_aer,62,clamp:4212,1,1,0.05329865806245426,
clamp_pca4,clamp,pca,4,1,0,noisy_aer,63,clamp:4352,1,1,0.5703282457753219,
clamp_pca4,clamp,pca,4,1,0,noisy_aer,64,clamp:2979,1,0,-0.3751058199564604,
clamp_pca4,clamp,pca,4,1,0,noisy_aer,65,clamp:4563,1,1,0.9247597688876871,
clamp_pca4,clamp,pca,4,1,0,noisy_aer,66,clamp:3718,1,1,0.1353724154706034,
clamp_pca4,clamp,pca,4,1,0,noisy_aer,67,clamp:3088,1,1,0.8894564227709162,
clamp_pca4,clamp,pca,4,1,0,noisy_aer,68,clamp:3471,1,1,1.0590129738633047,
clamp_pca4,clamp,pca,4,1,0,noisy_aer,69,clamp:3338,1,1,0.876209587778131,
clamp_pca4,clamp,pca,4,1,0,noisy_aer,70,clamp:3936,1,0,-1.2435928394256974,
clamp_pca4,clamp,pca,4,1,0,noisy_aer,71,clamp:5007,1,1,0.20042006145250724,
clamp_pca4,clamp,pca,4,1,0,noisy_aer,72,clamp:2574,1,0,-0.0006624412216303943,
clamp_pca4,clamp,pca,4,1,0,noisy_aer,73,clamp:3925,1,1,0.03766376337147748,
clamp_pca4,clamp,pca,4,1,0,noisy_aer,74,clamp:3039,1,0,-0.14563205954701608,
clamp_pca4,clamp,pca,4,1,0,noisy_aer,75,clamp:3624,1,1,0.1828201213012145,
clamp_pca4,clamp,pca,4,1,0,noisy_aer,76,clamp:3541,1,1,0.5728506361428952,
clamp_pca4,clamp,pca,4,1,0,noisy_aer,77,clamp:5031,1,0,-1.084239800320217,
clamp_pca4,clamp,pca,4,1,0,noisy_aer,78,clamp:2648,1,0,-0.4902327659637814,
clamp_pca4,clamp,pca,4,1,0,noisy_aer,79,clamp:3278,1,1,0.7845235815879007,
clamp_pca4,clamp,pca,4,2,0,exact,0,clamp:1919,0,0,-0.9464026722473303,
clamp_pca4,clamp,pca,4,2,0,exact,1,clamp:1226,0,0,-1.0726482407043458,
clamp_pca4,clamp,pca,4,2,0,exact,2,clamp:2139,0,0,-0.7324821159270981,
clamp_pca4,clamp,pca,4,2,0,exact,3,clamp:1685,0,0,-0.7025447675871926,
clamp_pca4,clamp,pca,4,2,0,exact,4,clamp:2261,0,0,-1.125807612331541,
clamp_pca4,clamp,pca,4,2,0,exact,5,clamp:2479,0,0,-1.0433834222930058,
clamp_pca4,clamp,pca,4,2,0,exact,6,clamp:2288,0,1,1.129952534883428,
clamp_pca4,clamp,pca,4,2,0,exact,7,clamp:783,0,0,-1.2882156029638034,
clamp_pca4,clamp,pca,4,2,0,exact,8,clamp:1503,0,0,-1.5457645645168685,
clamp_pca4,clamp,pca,4,2,0,exact,9,clamp:1324,0,0,-0.939584225706038,
clamp_pca4,clamp,pca,4,2,0,exact,10,clamp:1196,0,0,-1.2289621780622366,
clamp_pca4,clamp,pca,4,2,0,exact,11,clamp:147,0,0,-1.389664325760097,
clamp_pca4,clamp,pca,4,2,0,exact,12,clamp:2029,0,0,-1.3226693350620948,
clamp_pca4,clamp,pca,4,2,0,exact,13,clamp:1133,0,0,-0.6061218538583438,
clamp_pca4,clamp,pca,4,2,0,exact,14,clamp:812,0,1,0.21679253234592658,
clamp_pca4,clamp,pca,4,2,0,exact,15,clamp:1820,0,1,0.8778530962034746,
clamp_pca4,clamp,pca,4,2,0,exact,16,clamp:313,0,0,-1.0519735647914628,
clamp_pca4,clamp,pca,4,2,0,exact,17,clamp:1358,0,0,-1.5343988081946462,
clamp_pca4,clamp,pca,4,2,0,exact,18,clamp:1436,0,0,-1.3090198398306052,
clamp_pca4,clamp,pca,4,2,0,exact,19,clamp:2326,0,0,-1.3229973676486453,
clamp_pca4,clamp,pca,4,2,0,exact,20,clamp:1390,0,1,0.3531576806094405,
clamp_pca4,clamp,pca,4,2,0,exact,21,clamp:473,0,0,-0.8210194453125735,
clamp_pca4,clamp,pca,4,2,0,exact,22,clamp:2473,0,0,-1.516416346319852,
clamp_pca4,clamp,pca,4,2,0,exact,23,clamp:377,0,0,-1.0426350182211812,
clamp_pca4,clamp,pca,4,2,0,exact,24,clamp:2303,0,1,0.5195613911026972,
clamp_pca4,clamp,pca,4,2,0,exact,25,clamp:1962,0,0,-0.7722864890043449,
clamp_pca4,clamp,pca,4,2,0,exact,26,clamp:2371,0,1,0.7243012413365292,
clamp_pca4,clamp,pca,4,2,0,exact,27,clamp:2289,0,0,-0.6686894513581173,
clamp_pca4,clamp,pca,4,2,0,exact,28,clamp:565,0,0,-0.45329432092881483,
clamp_pca4,clamp,pca,4,2,0,exact,29,clamp:993,0,0,-0.7985966914305681,
clamp_pca4,clamp,pca,4,2,0,exact,30,clamp:2110,0,0,-0.8166584204531088,
clamp_pca4,clamp,pca,4,2,0,exact,31,clamp:628,0,0,-1.0285974817067833,
clamp_pca4,clamp,pca,4,2,0,exact,32,clamp:1205,0,0,-1.4960381132982001,
clamp_pca4,clamp,pca,4,2,0,exact,33,clamp:949,0,1,0.5345626447497339,
clamp_pca4,clamp,pca,4,2,0,exact,34,clamp:1305,0,1,0.6411554113725055,
clamp_pca4,clamp,pca,4,2,0,exact,35,clamp:1007,0,1,0.44391756996538756,
clamp_pca4,clamp,pca,4,2,0,exact,36,clamp:682,0,1,0.33056595264779187,
clamp_pca4,clamp,pca,4,2,0,exact,37,clamp:1306,0,0,-0.012501395097012924,
clamp_pca4,clamp,pca,4,2,0,exact,38,clamp:1167,0,0,-0.8928971277444678,
clamp_pca4,clamp,pca,4,2,0,exact,39,clamp:1976,0,0,-0.7774316880663495,
clamp_pca4,clamp,pca,4,2,0,exact,40,clamp:2991,1,0,-0.4790458067161364,
clamp_pca4,clamp,pca,4,2,0,exact,41,clamp:2689,1,0,-0.6531577951906357,
clamp_pca4,clamp,pca,4,2,0,exact,42,clamp:3406,1,1,0.8204313366722956,
clamp_pca4,clamp,pca,4,2,0,exact,43,clamp:2590,1,0,-0.5832000205194323,
clamp_pca4,clamp,pca,4,2,0,exact,44,clamp:4971,1,1,1.0275825110709156,
clamp_pca4,clamp,pca,4,2,0,exact,45,clamp:3117,1,0,-0.7109757860737426,
clamp_pca4,clamp,pca,4,2,0,exact,46,clamp:4736,1,1,1.148393989606606,
clamp_pca4,clamp,pca,4,2,0,exact,47,clamp:3201,1,1,0.5530851569667659,
clamp_pca4,clamp,pca,4,2,0,exact,48,clamp:2732,1,0,-0.6147249681234012,
clamp_pca4,clamp,pca,4,2,0,exact,49,clamp:2652,1,1,0.934260034020453,
clamp_pca4,clamp,pca,4,2,0,exact,50,clamp:4072,1,1,0.8226608742771891,
clamp_pca4,clamp,pca,4,2,0,exact,51,clamp:4932,1,1,1.07373580882855,
clamp_pca4,clamp,pca,4,2,0,exact,52,clamp:3120,1,1,1.0455181523433745,
clamp_pca4,clamp,pca,4,2,0,exact,53,clamp:2905,1,0,-0.3803313664313942,
clamp_pca4,clamp,pca,4,2,0,exact,54,clamp:5130,1,1,0.9289572356991183,
clamp_pca4,clamp,pca,4,2,0,exact,55,clamp:4303,1,0,-0.30821219937685096,
clamp_pca4,clamp,pca,4,2,0,exact,56,clamp:4231,1,1,0.7499570483239848,
clamp_pca4,clamp,pca,4,2,0,exact,57,clamp:3847,1,1,0.94617885266409,
clamp_pca4,clamp,pca,4,2,0,exact,58,clamp:3294,1,1,0.9867544322090218,
clamp_pca4,clamp,pca,4,2,0,exact,59,clamp:5046,1,0,-0.12204487945402531,
clamp_pca4,clamp,pca,4,2,0,exact,60,clamp:2548,1,0,-0.18360910484981263,
clamp_pca4,clamp,pca,4,2,0,exact,61,clamp:5033,1,1,0.3270105465112341,
clamp_pca4,clamp,pca,4,2,0,exact,62,clamp:2879,1,1,0.9625543620312862,
clamp_pca4,clamp,pca,4,2,0,exact,63,clamp:3647,1,1,0.9700335209264616,
clamp_pca4,clamp,pca,4,2,0,exact,64,clamp:3575,1,0,-0.5850049023607188,
clamp_pca4,clamp,pca,4,2,0,exact,65,clamp:4297,1,1,0.3926366484082877,
clamp_pca4,clamp,pca,4,2,0,exact,66,clamp:4628,1,1,0.9877950579328447,
clamp_pca4,clamp,pca,4,2,0,exact,67,clamp:3621,1,1,0.9911998929600826,
clamp_pca4,clamp,pca,4,2,0,exact,68,clamp:5136,1,1,1.0550615345416134,
clamp_pca4,clamp,pca,4,2,0,exact,69,clamp:4556,1,0,-0.589163750583276,
clamp_pca4,clamp,pca,4,2,0,exact,70,clamp:4535,1,1,0.9963346774141115,
clamp_pca4,clamp,pca,4,2,0,exact,71,clamp:2956,1,1,1.0403770910148191,
clamp_pca4,clamp,pca,4,2,0,exact,72,clamp:2685,1,1,0.399881161104323,
clamp_pca4,clamp,pca,4,2,0,exact,73,clamp:3300,1,1,1.10322005231929,
clamp_pca4,clamp,pca,4,2,0,exact,74,clamp:2856,1,0,-0.8968942154949436,
clamp_pca4,clamp,pca,4,2,0,exact,75,clamp:2782,1,1,0.7101956142983789,
clamp_pca4,clamp,pca,4,2,0,exact,76,clamp:4877,1,1,0.40832458150728257,
clamp_pca4,clamp,pca,4,2,0,exact,77,clamp:2749,1,0,-0.006798246112176165,
clamp_pca4,clamp,pca,4,2,0,exact,78,clamp:3653,1,1,1.024029854405144,
clamp_pca4,clamp,pca,4,2,0,exact,79,clamp:4010,1,1,0.9636707561089629,
clamp_pca4,clamp,pca,4,2,0,ideal_aer,0,clamp:1919,0,0,-1.0617313262404238,
clamp_pca4,clamp,pca,4,2,0,ideal_aer,1,clamp:1226,0,0,-1.1726119821806684,
clamp_pca4,clamp,pca,4,2,0,ideal_aer,2,clamp:2139,0,0,-0.8874461282753645,
clamp_pca4,clamp,pca,4,2,0,ideal_aer,3,clamp:1685,0,0,-0.6138449207691352,
clamp_pca4,clamp,pca,4,2,0,ideal_aer,4,clamp:2261,0,0,-1.1668615187522082,
clamp_pca4,clamp,pca,4,2,0,ideal_aer,5,clamp:2479,0,0,-1.2281071865048252,
clamp_pca4,clamp,pca,4,2,0,ideal_aer,6,clamp:2288,0,1,1.1555264079326695,
clamp_pca4,clamp,pca,4,2,0,ideal_aer,7,clamp:783,0,0,-1.4889196799636035,
clamp_pca4,clamp,pca,4,2,0,ideal_aer,8,clamp:1503,0,0,-1.5247588070123916,
clamp_pca4,clamp,pca,4,2,0,ideal_aer,9,clamp:1324,0,0,-0.8872933100749689,
clamp_pca4,clamp,pca,4,2,0,ideal_aer,10,clamp:1196,0,0,-1.4550092870944267,
clamp_pca4,clamp,pca,4,2,0,ideal_aer,11,clamp:147,0,0,-1.5663695650494744,
clamp_pca4,clamp,pca,4,2,0,ideal_aer,12,clamp:2029,0,0,-1.2844545882974583,
clamp_pca4,clamp,pca,4,2,0,ideal_aer,13,clamp:1133,0,0,-0.6962677959859118,
clamp_pca4,clamp,pca,4,2,0,ideal_aer,14,clamp:812,0,1,0.15996790774805542,
clamp_pca4,clamp,pca,4,2,0,ideal_aer,15,clamp:1820,0,1,0.8101661026395248,
clamp_pca4,clamp,pca,4,2,0,ideal_aer,16,clamp:313,0,0,-1.1984596971773926,
clamp_pca4,clamp,pca,4,2,0,ideal_aer,17,clamp:1358,0,0,-1.6812235704716387,
clamp_pca4,clamp,pca,4,2,0,ideal_aer,18,clamp:1436,0,0,-1.6441350112404336,
clamp_pca4,clamp,pca,4,2,0,ideal_aer,19,clamp:2326,0,0,-1.4837498573041314,
clamp_pca4,clamp,pca,4,2,0,ideal_aer,20,clamp:1390,0,1,0.3508978510419339,
clamp_pca4,clamp,pca,4,2,0,ideal_aer,21,clamp:473,0,0,-0.9371538465695393,
clamp_pca4,clamp,pca,4,2,0,ideal_aer,22,clamp:2473,0,0,-1.5637528186523195,
clamp_pca4,clamp,pca,4,2,0,ideal_aer,23,clamp:377,0,0,-0.8946773513230479,
clamp_pca4,clamp,pca,4,2,0,ideal_aer,24,clamp:2303,0,1,0.37152293800242525,
clamp_pca4,clamp,pca,4,2,0,ideal_aer,25,clamp:1962,0,0,-0.9138754198013239,
clamp_pca4,clamp,pca,4,2,0,ideal_aer,26,clamp:2371,0,1,0.7287015518503803,
clamp_pca4,clamp,pca,4,2,0,ideal_aer,27,clamp:2289,0,0,-0.8172961424881815,
clamp_pca4,clamp,pca,4,2,0,ideal_aer,28,clamp:565,0,0,-0.6747990986780461,
clamp_pca4,clamp,pca,4,2,0,ideal_aer,29,clamp:993,0,0,-0.8845106490752213,
clamp_pca4,clamp,pca,4,2,0,ideal_aer,30,clamp:2110,0,0,-0.8058729489251157,
clamp_pca4,clamp,pca,4,2,0,ideal_aer,31,clamp:628,0,0,-1.0730276068230022,
clamp_pca4,clamp,pca,4,2,0,ideal_aer,32,clamp:1205,0,0,-1.4211392655592425,
clamp_pca4,clamp,pca,4,2,0,ideal_aer,33,clamp:949,0,1,0.5084678955249389,
clamp_pca4,clamp,pca,4,2,0,ideal_aer,34,clamp:1305,0,1,0.8754172399626545,
clamp_pca4,clamp,pca,4,2,0,ideal_aer,35,clamp:1007,0,1,0.33018471146781203,
clamp_pca4,clamp,pca,4,2,0,ideal_aer,36,clamp:682,0,1,0.35228280548262375,
clamp_pca4,clamp,pca,4,2,0,ideal_aer,37,clamp:1306,0,1,0.20671523712289935,
clamp_pca4,clamp,pca,4,2,0,ideal_aer,38,clamp:1167,0,0,-1.1013009384210164,
clamp_pca4,clamp,pca,4,2,0,ideal_aer,39,clamp:1976,0,0,-1.0834905613062447,
clamp_pca4,clamp,pca,4,2,0,ideal_aer,40,clamp:2991,1,0,-0.6174438451827098,
clamp_pca4,clamp,pca,4,2,0,ideal_aer,41,clamp:2689,1,0,-0.4676552366328564,
clamp_pca4,clamp,pca,4,2,0,ideal_aer,42,clamp:3406,1,1,0.8702236121122595,
clamp_pca4,clamp,pca,4,2,0,ideal_aer,43,clamp:2590,1,0,-0.7914103935447696,
clamp_pca4,clamp,pca,4,2,0,ideal_aer,44,clamp:4971,1,1,1.0495860270850779,
clamp_pca4,clamp,pca,4,2,0,ideal_aer,45,clamp:3117,1,0,-0.5592130788744949,
clamp_pca4,clamp,pca,4,2,0,ideal_aer,46,clamp:4736,1,1,1.4079562432455066,
clamp_pca4,clamp,pca,4,2,0,ideal_aer,47,clamp:3201,1,1,0.6169857280699138,
clamp_pca4,clamp,pca,4,2,0,ideal_aer,48,clamp:2732,1,0,-0.8716643161626532,
clamp_pca4,clamp,pca,4,2,0,ideal_aer,49,clamp:2652,1,1,0.8451680251289713,
clamp_pca4,clamp,pca,4,2,0,ideal_aer,50,clamp:4072,1,1,0.7636249840196063,
clamp_pca4,clamp,pca,4,2,0,ideal_aer,51,clamp:4932,1,1,1.1872947237086873,
clamp_pca4,clamp,pca,4,2,0,ideal_aer,52,clamp:3120,1,1,0.9558639425705995,
clamp_pca4,clamp,pca,4,2,0,ideal_aer,53,clamp:2905,1,0,-0.5301978251263022,
clamp_pca4,clamp,pca,4,2,0,ideal_aer,54,clamp:5130,1,1,0.8031187274241611,
clamp_pca4,clamp,pca,4,2,0,ideal_aer,55,clamp:4303,1,0,-0.4993166770960465,
clamp_pca4,clamp,pca,4,2,0,ideal_aer,56,clamp:4231,1,1,1.06215118182599,
clamp_pca4,clamp,pca,4,2,0,ideal_aer,57,clamp:3847,1,1,1.0604063370617003,
clamp_pca4,clamp,pca,4,2,0,ideal_aer,58,clamp:3294,1,1,1.0186840428917177,
clamp_pca4,clamp,pca,4,2,0,ideal_aer,59,clamp:5046,1,0,-0.09986978218111514,
clamp_pca4,clamp,pca,4,2,0,ideal_aer,60,clamp:2548,1,0,-0.28639893282210066,
clamp_pca4,clamp,pca,4,2,0,ideal_aer,61,clamp:5033,1,1,0.2301364143131303,
clamp_pca4,clamp,pca,4,2,0,ideal_aer,62,clamp:2879,1,1,1.2139144111576212,
clamp_pca4,clamp,pca,4,2,0,ideal_aer,63,clamp:3647,1,1,1.145852919300176,
clamp_pca4,clamp,pca,4,2,0,ideal_aer,64,clamp:3575,1,0,-0.6899307539216963,
clamp_pca4,clamp,pca,4,2,0,ideal_aer,65,clamp:4297,1,1,0.2624640696225808,
clamp_pca4,clamp,pca,4,2,0,ideal_aer,66,clamp:4628,1,1,1.0918083893620858,
clamp_pca4,clamp,pca,4,2,0,ideal_aer,67,clamp:3621,1,1,0.9845020950314167,
clamp_pca4,clamp,pca,4,2,0,ideal_aer,68,clamp:5136,1,1,0.9797244080159735,
clamp_pca4,clamp,pca,4,2,0,ideal_aer,69,clamp:4556,1,0,-0.6019177474043091,
clamp_pca4,clamp,pca,4,2,0,ideal_aer,70,clamp:4535,1,1,1.1501180392480612,
clamp_pca4,clamp,pca,4,2,0,ideal_aer,71,clamp:2956,1,1,1.299554493149932,
clamp_pca4,clamp,pca,4,2,0,ideal_aer,72,clamp:2685,1,1,0.4452362754360632,
clamp_pca4,clamp,pca,4,2,0,ideal_aer,73,clamp:3300,1,1,1.2341958996989129,
clamp_pca4,clamp,pca,4,2,0,ideal_aer,74,clamp:2856,1,0,-1.1498996970015651,
clamp_pca4,clamp,pca,4,2,0,ideal_aer,75,clamp:2782,1,1,0.509454259067367,
clamp_pca4,clamp,pca,4,2,0,ideal_aer,76,clamp:4877,1,1,0.24442460664000482,
clamp_pca4,clamp,pca,4,2,0,ideal_aer,77,clamp:2749,1,0,-0.18399985849044637,
clamp_pca4,clamp,pca,4,2,0,ideal_aer,78,clamp:3653,1,1,1.1376579085225587,
clamp_pca4,clamp,pca,4,2,0,ideal_aer,79,clamp:4010,1,1,0.9241928957785885,
clamp_pca4,clamp,pca,4,2,0,noisy_aer,0,clamp:1919,0,0,-0.8935116461277143,
clamp_pca4,clamp,pca,4,2,0,noisy_aer,1,clamp:1226,0,0,-1.2590036943462088,
clamp_pca4,clamp,pca,4,2,0,noisy_aer,2,clamp:2139,0,0,-0.8703649766557854,
clamp_pca4,clamp,pca,4,2,0,noisy_aer,3,clamp:1685,0,0,-0.8496613412749815,
clamp_pca4,clamp,pca,4,2,0,noisy_aer,4,clamp:2261,0,0,-1.2845440300574449,
clamp_pca4,clamp,pca,4,2,0,noisy_aer,5,clamp:2479,0,0,-1.2552810874067362,
clamp_pca4,clamp,pca,4,2,0,noisy_aer,6,clamp:2288,0,1,1.2985401999035844,
clamp_pca4,clamp,pca,4,2,0,noisy_aer,7,clamp:783,0,0,-1.2043289010308462,
clamp_pca4,clamp,pca,4,2,0,noisy_aer,8,clamp:1503,0,0,-1.6257936353811737,
clamp_pca4,clamp,pca,4,2,0,noisy_aer,9,clamp:1324,0,0,-1.1342957818200516,
clamp_pca4,clamp,pca,4,2,0,noisy_aer,10,clamp:1196,0,0,-1.4093592410290037,
clamp_pca4,clamp,pca,4,2,0,noisy_aer,11,clamp:147,0,0,-1.3776946606845244,
clamp_pca4,clamp,pca,4,2,0,noisy_aer,12,clamp:2029,0,0,-1.3504088024009921,
clamp_pca4,clamp,pca,4,2,0,noisy_aer,13,clamp:1133,0,0,-0.5122133851330511,
clamp_pca4,clamp,pca,4,2,0,noisy_aer,14,clamp:812,0,1,0.07969826149947601,
clamp_pca4,clamp,pca,4,2,0,noisy_aer,15,clamp:1820,0,1,0.8040631952865488,
clamp_pca4,clamp,pca,4,2,0,noisy_aer,16,clamp:313,0,0,-0.8715134464411024,
clamp_pca4,clamp,pca,4,2,0,noisy_aer,17,clamp:1358,0,0,-1.3662260346045718,
clamp_pca4,clamp,pca,4,2,0,noisy_aer,18,clamp:1436,0,0,-1.4226229470864684,
clamp_pca4,clamp,pca,4,2,0,noisy_aer,19,clamp:2326,0,0,-1.1946179525414546,
clamp_pca4,clamp,pca,4,2,0,noisy_aer,20,clamp:1390,0,1,0.1665526156059689,
clamp_pca4,clamp,pca,4,2,0,noisy_aer,21,clamp:473,0,0,-0.8474343837825992,
clamp_pca4,clamp,pca,4,2,0,noisy_aer,22,clamp:2473,0,0,-1.6323158086423786,
clamp_pca4,clamp,pca,4,2,0,noisy_aer,23,clamp:377,0,0,-1.1736551393127987,
clamp_pca4,clamp,pca,4,2,0,noisy_aer,24,clamp:2303,0,1,0.6366094255101267,
clamp_pca4,clamp,pca,4,2,0,noisy_aer,25,clamp:1962,0,0,-0.6741713310902707,
clamp_pca4,clamp,pca,4,2,0,noisy_aer,26,clamp:2371,0,1,0.5092065743024851,
clamp_pca4,clamp,pca,4,2,0,noisy_aer,27,clamp:2289,0,0,-0.7937337150536868,
clamp_pca4,clamp,pca,4,2,0,noisy_aer,28,clamp:565,0,0,-0.49181438860619464,
clamp_pca4,clamp,pca,4,2,0,noisy_aer,29,clamp:993,0,0,-0.9390480548561725,
clamp_pca4,clamp,pca,4,2,0,noisy_aer,30,clamp:2110,0,0,-0.9952111850777104,
clamp_pca4,clamp,pca,4,2,0,noisy_aer,31,clamp:628,0,0,-1.0274193661334894,
clamp_pca4,clamp,pca,4,2,0,noisy_aer,32,clamp:1205,0,0,-1.555055792304754,
clamp_pca4,clamp,pca,4,2,0,noisy_aer,33,clamp:949,0,1,0.2892247809441937,
clamp_pca4,clamp,pca,4,2,0,noisy_aer,34,clamp:1305,0,1,0.3886209885260632,
clamp_pca4,clamp,pca,4,2,0,noisy_aer,35,clamp:1007,0,1,0.5046926878182536,
clamp_pca4,clamp,pca,4,2,0,noisy_aer,36,clamp:682,0,1,0.07124487846907634,
clamp_pca4,clamp,pca,4,2,0,noisy_aer,37,clamp:1306,0,1,0.006744065853471981,
clamp_pca4,clamp,pca,4,2,0,noisy_aer,38,clamp:1167,0,0,-0.7627354351480927,
clamp_pca4,clamp,pca,4,2,0,noisy_aer,39,clamp:1976,0,0,-1.0802116431366788,
clamp_pca4,clamp,pca,4,2,0,noisy_aer,40,clamp:2991,1,0,-0.7700569551425819,
clamp_pca4,clamp,pca,4,2,0,noisy_aer,41,clamp:2689,1,0,-0.6604517440125223,
clamp_pca4,clamp,pca,4,2,0,noisy_aer,42,clamp:3406,1,1,0.7222983121435649,
clamp_pca4,clamp,pca,4,2,0,noisy_aer,43,clamp:2590,1,0,-0.6689089875812787,
clamp_pca4,clamp,pca,4,2,0,noisy_aer,44,clamp:4971,1,1,0.9793946937488283,
clamp_pca4,clamp,pca,4,2,0,noisy_aer,45,clamp:3117,1,0,-0.8193552801968272,
clamp_pca4,clamp,pca,4,2,0,noisy_aer,46,clamp:4736,1,1,1.2036535991939008,
clamp_pca4,clamp,pca,4,2,0,noisy_aer,47,clamp:3201,1,1,0.40832865755112324,
clamp_pca4,clamp,pca,4,2,0,noisy_aer,48,clamp:2732,1,0,-0.7759391986112146,
clamp_pca4,clamp,pca,4,2,0,noisy_aer,49,clamp:2652,1,1,0.8528786844800532,
clamp_pca4,clamp,pca,4,2,0,noisy_aer,50,clamp:4072,1,1,0.7179764206194063,
clamp_pca4,clamp,pca,4,2,0,noisy_aer,51,clamp:4932,1,1,1.1502639129177359,
clamp_pca4,clamp,pca,4,2,0,noisy_aer,52,clamp:3120,1,1,1.160021680925023,
clamp_pca4,clamp,pca,4,2,0,noisy_aer,53,clamp:2905,1,0,-0.24410238919246485,
clamp_pca4,clamp,pca,4,2,0,noisy_aer,54,clamp:5130,1,1,0.9231670165816348,
clamp_pca4,clamp,pca,4,2,0,noisy_aer,55,clamp:4303,1,0,-0.6707050592554346,
clamp_pca4,clamp,pca,4,2,0,noisy_aer,56,clamp:4231,1,1,0.6396425665014063,
clamp_pca4,clamp,pca,4,2,0,noisy_aer,57,clamp:3847,1,1,0.738826468406302,
clamp_pca4,clamp,pca,4,2,0,noisy_aer,58,clamp:3294,1,1,1.0498561676266212,
clamp_pca4,clamp,pca,4,2,0,noisy_aer,59,clamp:5046,1,0,-0.1688728327050254,
clamp_pca4,clamp,pca,4,2,0,noisy_aer,60,clamp:2548,1,0,-0.002583441479090731,
clamp_pca4,clamp,pca,4,2,0,noisy_aer,61,clamp:5033,1,1,0.21482115195942353,
clamp_pca4,clamp,pca,4,2,0,noisy_aer,62,clamp:2879,1,1,1.1315386539744787,
clamp_pca4,clamp,pca,4,2,0,noisy_aer,63,clamp:3647,1,1,0.7126782414242161,
clamp_pca4,clamp,pca,4,2,0,noisy_aer,64,clamp:3575,1,0,-0.6599341558263848,
clamp_pca4,clamp,pca,4,2,0,noisy_aer,65,clamp:4297,1,1,0.4390010301493194,
clamp_pca4,clamp,pca,4,2,0,noisy_aer,66,clamp:4628,1,1,1.1972496635938077,
clamp_pca4,clamp,pca,4,2,0,noisy_aer,67,clamp:3621,1,1,1.1171243268956448,
clamp_pca4,clamp,pca,4,2,0,noisy_aer,68,clamp:5136,1,1,0.9915378212515346,
clamp_pca4,clamp,pca,4,2,0,noisy_aer,69,clamp:4556,1,0,-0.6901695329673768,
clamp_pca4,clamp,pca,4,2,0,noisy_aer,70,clamp:4535,1,1,1.2076896965630437,
clamp_pca4,clamp,pca,4,2,0,noisy_aer,71,clamp:2956,1,1,1.141139170958224,
clamp_pca4,clamp,pca,4,2,0,noisy_aer,72,clamp:2685,1,1,0.5302871794047405,
clamp_pca4,clamp,pca,4,2,0,noisy_aer,73,clamp:3300,1,1,1.3883960297198672,
clamp_pca4,clamp,pca,4,2,0,noisy_aer,74,clamp:2856,1,0,-0.811580106161636,
clamp_pca4,clamp,pca,4,2,0,noisy_aer,75,clamp:2782,1,1,0.7371437959948699,
clamp_pca4,clamp,pca,4,2,0,noisy_aer,76,clamp:4877,1,1,0.24644621144382184,
clamp_pca4,clamp,pca,4,2,0,noisy_aer,77,clamp:2749,1,1,0.15037269000759823,
clamp_pca4,clamp,pca,4,2,0,noisy_aer,78,clamp:3653,1,1,1.179125250027222,
clamp_pca4,clamp,pca,4,2,0,noisy_aer,79,clamp:4010,1,1,1.0621856056349852,
fabiana_native8,fabiana,native,8,0,0,exact,0,fabiana:591,0,0,-1.1368789260928227,
fabiana_native8,fabiana,native,8,0,0,exact,1,fabiana:77,0,0,-1.274028333971314,
fabiana_native8,fabiana,native,8,0,0,exact,2,fabiana:742,0,0,-1.0666529499095185,
fabiana_native8,fabiana,native,8,0,0,exact,3,fabiana:627,0,0,-0.277123155818754,
fabiana_native8,fabiana,native,8,0,0,exact,4,fabiana:390,0,1,0.7991956615185392,
fabiana_native8,fabiana,native,8,0,0,exact,5,fabiana:1063,0,0,-1.2711953533515437,
fabiana_native8,fabiana,native,8,0,0,exact,6,fabiana:951,0,0,-1.1017641331288135,
fabiana_native8,fabiana,native,8,0,0,exact,7,fabiana:723,0,0,-1.0038025222679456,
fabiana_native8,fabiana,native,8,0,0,exact,8,fabiana:68,0,0,-1.1383246535509972,
fabiana_native8,fabiana,native,8,0,0,exact,9,fabiana:584,0,0,-1.2310587940694688,
fabiana_native8,fabiana,native,8,0,0,exact,10,fabiana:618,0,0,-1.2669887211767041,
fabiana_native8,fabiana,native,8,0,0,exact,11,fabiana:6,0,0,-1.2625476458910203,
fabiana_native8,fabiana,native,8,0,0,exact,12,fabiana:314,0,0,-1.271317263633584,
fabiana_native8,fabiana,native,8,0,0,exact,13,fabiana:320,0,0,-1.273023256546459,
fabiana_native8,fabiana,native,8,0,0,exact,14,fabiana:1106,0,0,-1.1383675348266138,
fabiana_native8,fabiana,native,8,0,0,exact,15,fabiana:1009,0,0,-1.202935650472999,
fabiana_native8,fabiana,native,8,0,0,exact,16,fabiana:486,0,0,-1.2689312013833898,
fabiana_native8,fabiana,native,8,0,0,exact,17,fabiana:837,0,0,-1.1382395322383259,
fabiana_native8,fabiana,native,8,0,0,exact,18,fabiana:909,0,0,-0.9952802091594614,
fabiana_native8,fabiana,native,8,0,0,exact,19,fabiana:65,0,0,-1.005486241656139,
fabiana_native8,fabiana,native,8,0,0,exact,20,fabiana:353,0,0,-1.0025039230863233,
fabiana_native8,fabiana,native,8,0,0,exact,21,fabiana:991,0,0,-1.1383868923837817,
fabiana_native8,fabiana,native,8,0,0,exact,22,fabiana:756,0,0,-0.9987911629347689,
fabiana_native8,fabiana,native,8,0,0,exact,23,fabiana:557,0,0,-1.1048121266407285,
fabiana_native8,fabiana,native,8,0,0,exact,24,fabiana:589,0,0,-1.0021302704688684,
fabiana_native8,fabiana,native,8,0,0,exact,25,fabiana:770,0,0,-1.2417685514189776,
fabiana_native8,fabiana,native,8,0,0,exact,26,fabiana:542,0,0,-1.1377873401483325,
fabiana_native8,fabiana,native,8,0,0,exact,27,fabiana:516,0,0,-1.1778178783099285,
fabiana_native8,fabiana,native,8,0,0,exact,28,fabiana:1112,0,0,-1.1045272034229692,
fabiana_native8,fabiana,native,8,0,0,exact,29,fabiana:602,0,0,-1.0982376334307187,
fabiana_native8,fabiana,native,8,0,0,exact,30,fabiana:1054,0,0,-1.1384299275363041,
fabiana_native8,fabiana,native,8,0,0,exact,31,fabiana:1000,0,0,-1.0037771023099378,
fabiana_native8,fabiana,native,8,0,0,exact,32,fabiana:158,0,0,-1.1382097258890966,
fabiana_native8,fabiana,native,8,0,0,exact,33,fabiana:441,0,0,-1.137937062259407,
fabiana_native8,fabiana,native,8,0,0,exact,34,fabiana:342,0,0,-1.2734879696263484,
fabiana_native8,fabiana,native,8,0,0,exact,35,fabiana:803,0,0,-1.1378424330767292,
fabiana_native8,fabiana,native,8,0,0,exact,36,fabiana:269,0,0,-1.1039199377380906,
fabiana_native8,fabiana,native,8,0,0,exact,37,fabiana:1133,0,0,-1.2613318653561598,
fabiana_native8,fabiana,native,8,0,0,exact,38,fabiana:210,0,0,-1.0018800012019766,
fabiana_native8,fabiana,native,8,0,0,exact,39,fabiana:1038,0,0,-1.1212003886260944,
fabiana_native8,fabiana,native,8,0,0,exact,40,fabiana:429,1,1,1.0188062517666188,
fabiana_native8,fabiana,native,8,0,0,exact,41,fabiana:1118,1,1,0.8880669933009161,
fabiana_native8,fabiana,native,8,0,0,exact,42,fabiana:454,1,1,0.8655794632735623,
fabiana_native8,fabiana,native,8,0,0,exact,43,fabiana:487,1,1,1.0263722162929916,
fabiana_native8,fabiana,native,8,0,0,exact,44,fabiana:274,1,1,1.0105821326276154,
fabiana_native8,fabiana,native,8,0,0,exact,45,fabiana:183,1,1,1.0148150931943285,
fabiana_native8,fabiana,native,8,0,0,exact,46,fabiana:965,1,1,1.022471278239731,
fabiana_native8,fabiana,native,8,0,0,exact,47,fabiana:830,1,1,1.042194949196078,
fabiana_native8,fabiana,native,8,0,0,exact,48,fabiana:911,1,1,0.8980276353442089,
fabiana_native8,fabiana,native,8,0,0,exact,49,fabiana:578,1,1,1.0511487893451807,
fabiana_native8,fabiana,native,8,0,0,exact,50,fabiana:75,1,1,0.8997634460643761,
fabiana_native8,fabiana,native,8,0,0,exact,51,fabiana:828,1,1,0.969279924857938,
fabiana_native8,fabiana,native,8,0,0,exact,52,fabiana:573,1,1,0.8222157037658778,
fabiana_native8,fabiana,native,8,0,0,exact,53,fabiana:722,1,1,0.810664474076459,
fabiana_native8,fabiana,native,8,0,0,exact,54,fabiana:942,1,1,0.9021596465984718,
fabiana_native8,fabiana,native,8,0,0,exact,55,fabiana:675,1,1,0.8829146971263447,
fabiana_native8,fabiana,native,8,0,0,exact,56,fabiana:365,1,1,0.9365927013529081,
fabiana_native8,fabiana,native,8,0,0,exact,57,fabiana:179,1,1,1.0203108150756455,
fabiana_native8,fabiana,native,8,0,0,exact,58,fabiana:661,1,1,1.0183994427051681,
fabiana_native8,fabiana,native,8,0,0,exact,59,fabiana:891,1,1,0.7336357827005123,
fabiana_native8,fabiana,native,8,0,0,exact,60,fabiana:200,1,1,1.0445360315134447,
fabiana_native8,fabiana,native,8,0,0,exact,61,fabiana:550,1,1,0.5277478442640267,
fabiana_native8,fabiana,native,8,0,0,exact,62,fabiana:1090,1,1,1.0247924843875642,
fabiana_native8,fabiana,native,8,0,0,exact,63,fabiana:1036,1,1,1.0108592841872994,
fabiana_native8,fabiana,native,8,0,0,exact,64,fabiana:48,1,1,0.7859856819482102,
fabiana_native8,fabiana,native,8,0,0,exact,65,fabiana:587,1,1,1.0114433268151668,
fabiana_native8,fabiana,native,8,0,0,exact,66,fabiana:186,1,1,0.9874164467185318,
fabiana_native8,fabiana,native,8,0,0,exact,67,fabiana:492,1,1,1.0398739978233835,
fabiana_native8,fabiana,native,8,0,0,exact,68,fabiana:512,1,1,1.0854575622058773,
fabiana_native8,fabiana,native,8,0,0,exact,69,fabiana:835,1,1,0.9241264027778052,
fabiana_native8,fabiana,native,8,0,0,exact,70,fabiana:790,1,1,0.921029051562076,
fabiana_native8,fabiana,native,8,0,0,exact,71,fabiana:700,1,1,0.9269947076796192,
fabiana_native8,fabiana,native,8,0,0,exact,72,fabiana:668,1,1,0.9154658361933525,
fabiana_native8,fabiana,native,8,0,0,exact,73,fabiana:842,1,1,0.8986919774544329,
fabiana_native8,fabiana,native,8,0,0,exact,74,fabiana:205,1,1,0.9680021382173585,
fabiana_native8,fabiana,native,8,0,0,exact,75,fabiana:222,1,1,0.9759195970189125,
fabiana_native8,fabiana,native,8,0,0,exact,76,fabiana:402,1,1,1.0197601608456144,
fabiana_native8,fabiana,native,8,0,0,exact,77,fabiana:141,1,1,0.9973905168239585,
fabiana_native8,fabiana,native,8,0,0,exact,78,fabiana:116,1,1,1.022701743266972,
fabiana_native8,fabiana,native,8,0,0,exact,79,fabiana:117,1,1,1.0034687891611846,
fabiana_native8,fabiana,native,8,0,0,ideal_aer,0,fabiana:591,0,0,-1.206794202630903,
fabiana_native8,fabiana,native,8,0,0,ideal_aer,1,fabiana:77,0,0,-1.3336242128490392,
fabiana_native8,fabiana,native,8,0,0,ideal_aer,2,fabiana:742,0,0,-1.0885617144676196,
fabiana_native8,fabiana,native,8,0,0,ideal_aer,3,fabiana:627,0,0,-0.38411533233099904,
fabiana_native8,fabiana,native,8,0,0,ideal_aer,4,fabiana:390,0,1,0.788168636542472,
fabiana_native8,fabiana,native,8,0,0,ideal_aer,5,fabiana:1063,0,0,-1.371273423183303,
fabiana_native8,fabiana,native,8,0,0,ideal_aer,6,fabiana:951,0,0,-1.1325332349353134,
fabiana_native8,fabiana,native,8,0,0,ideal_aer,7,fabiana:723,0,0,-1.1192278216564606,
fabiana_native8,fabiana,native,8,0,0,ideal_aer,8,fabiana:68,0,0,-1.2499066569348538,
fabiana_native8,fabiana,native,8,0,0,ideal_aer,9,fabiana:584,0,0,-1.4033736908716077,
fabiana_native8,fabiana,native,8,0,0,ideal_aer,10,fabiana:618,0,0,-1.276010833003213,
fabiana_native8,fabiana,native,8,0,0,ideal_aer,11,fabiana:6,0,0,-1.3685564555248462,
fabiana_native8,fabiana,native,8,0,0,ideal_aer,12,fabiana:314,0,0,-1.4067603612848636,
fabiana_native8,fabiana,native,8,0,0,ideal_aer,13,fabiana:320,0,0,-1.4663990491235253,
fabiana_native8,fabiana,native,8,0,0,ideal_aer,14,fabiana:1106,0,0,-1.2949956224421788,
fabiana_native8,fabiana,native,8,0,0,ideal_aer,15,fabiana:1009,0,0,-1.2691450835107512,
fabiana_native8,fabiana,native,8,0,0,ideal_aer,16,fabiana:486,0,0,-1.3661689264822812,
fabiana_native8,fabiana,native,8,0,0,ideal_aer,17,fabiana:837,0,0,-1.1972888549476934,
fabiana_native8,fabiana,native,8,0,0,ideal_aer,18,fabiana:909,0,0,-1.0807023978731052,
fabiana_native8,fabiana,native,8,0,0,ideal_aer,19,fabiana:65,0,0,-1.1639136096539207,
fabiana_native8,fabiana,native,8,0,0,ideal_aer,20,fabiana:353,0,0,-1.0927968801991317,
fabiana_native8,fabiana,native,8,0,0,ideal_aer,21,fabiana:991,0,0,-1.209308732866528,
fabiana_native8,fabiana,native,8,0,0,ideal_aer,22,fabiana:756,0,0,-1.0829511742925777,
fabiana_native8,fabiana,native,8,0,0,ideal_aer,23,fabiana:557,0,0,-1.1733539487434017,
fabiana_native8,fabiana,native,8,0,0,ideal_aer,24,fabiana:589,0,0,-1.0307530464028694,
fabiana_native8,fabiana,native,8,0,0,ideal_aer,25,fabiana:770,0,0,-1.341511430042508,
fabiana_native8,fabiana,native,8,0,0,ideal_aer,26,fabiana:542,0,0,-1.2428907870270471,
fabiana_native8,fabiana,native,8,0,0,ideal_aer,27,fabiana:516,0,0,-1.308769324149079,
fabiana_native8,fabiana,native,8,0,0,ideal_aer,28,fabiana:1112,0,0,-1.09932697780668,
fabiana_native8,fabiana,native,8,0,0,ideal_aer,29,fabiana:602,0,0,-1.0955450203114898,
fabiana_native8,fabiana,native,8,0,0,ideal_aer,30,fabiana:1054,0,0,-1.2224354187197197,
fabiana_native8,fabiana,native,8,0,0,ideal_aer,31,fabiana:1000,0,0,-1.1794551690541506,
fabiana_native8,fabiana,native,8,0,0,ideal_aer,32,fabiana:158,0,0,-1.2009020924476879,
fabiana_native8,fabiana,native,8,0,0,ideal_aer,33,fabiana:441,0,0,-1.304092199516428,
fabiana_native8,fabiana,native,8,0,0,ideal_aer,34,fabiana:342,0,0,-1.4519683073990666,
fabiana_native8,fabiana,native,8,0,0,ideal_aer,35,fabiana:803,0,0,-1.2234156275310255,
fabiana_native8,fabiana,native,8,0,0,ideal_aer,36,fabiana:269,0,0,-1.1097750468439251,
fabiana_native8,fabiana,native,8,0,0,ideal_aer,37,fabiana:1133,0,0,-1.3023368852198614,
fabiana_native8,fabiana,native,8,0,0,ideal_aer,38,fabiana:210,0,0,-1.0501389354798607,
fabiana_native8,fabiana,native,8,0,0,ideal_aer,39,fabiana:1038,0,0,-1.2088041030769419,
fabiana_native8,fabiana,native,8,0,0,ideal_aer,40,fabiana:429,1,1,1.048666073176798,
fabiana_native8,fabiana,native,8,0,0,ideal_aer,41,fabiana:1118,1,1,0.873874641205009,
fabiana_native8,fabiana,native,8,0,0,ideal_aer,42,fabiana:454,1,1,0.8746965090709449,
fabiana_native8,fabiana,native,8,0,0,ideal_aer,43,fabiana:487,1,1,1.0280056493844767,
fabiana_native8,fabiana,native,8,0,0,ideal_aer,44,fabiana:274,1,1,1.0753234398930036,
fabiana_native8,fabiana,native,8,0,0,ideal_aer,45,fabiana:183,1,1,1.0863609472988438,
fabiana_native8,fabiana,native,8,0,0,ideal_aer,46,fabiana:965,1,1,1.0835928301839246,
fabiana_native8,fabiana,native,8,0,0,ideal_aer,47,fabiana:830,1,1,1.0390711262863306,
fabiana_native8,fabiana,native,8,0,0,ideal_aer,48,fabiana:911,1,1,0.9035696004992284,
fabiana_native8,fabiana,native,8,0,0,ideal_aer,49,fabiana:578,1,1,1.093104414006368,
fabiana_native8,fabiana,native,8,0,0,ideal_aer,50,fabiana:75,1,1,0.9503145947897543,
fabiana_native8,fabiana,native,8,0,0,ideal_aer,51,fabiana:828,1,1,0.9931698215804807,
fabiana_native8,fabiana,native,8,0,0,ideal_aer,52,fabiana:573,1,1,0.8376784454963498,
fabiana_native8,fabiana,native,8,0,0,ideal_aer,53,fabiana:722,1,1,0.7961196396689758,
fabiana_native8,fabiana,native,8,0,0,ideal_aer,54,fabiana:942,1,1,0.8747460036655184,
fabiana_native8,fabiana,native,8,0,0,ideal_aer,55,fabiana:675,1,1,0.8534902652163296,
fabiana_native8,fabiana,native,8,0,0,ideal_aer,56,fabiana:365,1,1,0.9156633766384233,
fabiana_native8,fabiana,native,8,0,0,ideal_aer,57,fabiana:179,1,1,1.1158478937114902,
fabiana_native8,fabiana,native,8,0,0,ideal_aer,58,fabiana:661,1,1,1.0081458876548983,
fabiana_native8,fabiana,native,8,0,0,ideal_aer,59,fabiana:891,1,1,0.7307415095671258,
fabiana_native8,fabiana,native,8,0,0,ideal_aer,60,fabiana:200,1,1,1.0499750438546216,
fabiana_native8,fabiana,native,8,0,0,ideal_aer,61,fabiana:550,1,1,0.5181855201201729,
fabiana_native8,fabiana,native,8,0,0,ideal_aer,62,fabiana:1090,1,1,1.0219224435721401,
fabiana_native8,fabiana,native,8,0,0,ideal_aer,63,fabiana:1036,1,1,0.9961414417427725,
fabiana_native8,fabiana,native,8,0,0,ideal_aer,64,fabiana:48,1,1,0.7867758097899764,
fabiana_native8,fabiana,native,8,0,0,ideal_aer,65,fabiana:587,1,1,1.0289085094241468,
fabiana_native8,fabiana,native,8,0,0,ideal_aer,66,fabiana:186,1,1,1.0229201410813011,
fabiana_native8,fabiana,native,8,0,0,ideal_aer,67,fabiana:492,1,1,1.0402146279460953,
fabiana_native8,fabiana,native,8,0,0,ideal_aer,68,fabiana:512,1,1,1.087408359662824,
fabiana_native8,fabiana,native,8,0,0,ideal_aer,69,fabiana:835,1,1,0.9117864124275603,
fabiana_native8,fabiana,native,8,0,0,ideal_aer,70,fabiana:790,1,1,0.9005960530969003,
fabiana_native8,fabiana,native,8,0,0,ideal_aer,71,fabiana:700,1,1,0.9531760534855953,
fabiana_native8,fabiana,native,8,0,0,ideal_aer,72,fabiana:668,1,1,0.9405017123151421,
fabiana_native8,fabiana,native,8,0,0,ideal_aer,73,fabiana:842,1,1,0.926526657527975,
fabiana_native8,fabiana,native,8,0,0,ideal_aer,74,fabiana:205,1,1,0.9924693582818318,
fabiana_native8,fabiana,native,8,0,0,ideal_aer,75,fabiana:222,1,1,1.003687202136799,
fabiana_native8,fabiana,native,8,0,0,ideal_aer,76,fabiana:402,1,1,1.0756956957163593,
fabiana_native8,fabiana,native,8,0,0,ideal_aer,77,fabiana:141,1,1,0.9220870236498726,
fabiana_native8,fabiana,native,8,0,0,ideal_aer,78,fabiana:116,1,1,1.0318167666680904,
fabiana_native8,fabiana,native,8,0,0,ideal_aer,79,fabiana:117,1,1,1.0171698700361649,
fabiana_native8,fabiana,native,8,0,0,noisy_aer,0,fabiana:591,0,0,-0.9080401116700093,
fabiana_native8,fabiana,native,8,0,0,noisy_aer,1,fabiana:77,0,0,-1.188715726650151,
fabiana_native8,fabiana,native,8,0,0,noisy_aer,2,fabiana:742,0,0,-1.0759148172809505,
fabiana_native8,fabiana,native,8,0,0,noisy_aer,3,fabiana:627,0,0,-0.5295714757019027,
fabiana_native8,fabiana,native,8,0,0,noisy_aer,4,fabiana:390,0,1,0.7582782797083114,
fabiana_native8,fabiana,native,8,0,0,noisy_aer,5,fabiana:1063,0,0,-1.3605169860559911,
fabiana_native8,fabiana,native,8,0,0,noisy_aer,6,fabiana:951,0,0,-1.0546131127385348,
fabiana_native8,fabiana,native,8,0,0,noisy_aer,7,fabiana:723,0,0,-1.156777926619763,
fabiana_native8,fabiana,native,8,0,0,noisy_aer,8,fabiana:68,0,0,-1.1117019104005244,
fabiana_native8,fabiana,native,8,0,0,noisy_aer,9,fabiana:584,0,0,-1.3159477290951105,
fabiana_native8,fabiana,native,8,0,0,noisy_aer,10,fabiana:618,0,0,-1.2815409066418333,
fabiana_native8,fabiana,native,8,0,0,noisy_aer,11,fabiana:6,0,0,-1.3265329750968347,
fabiana_native8,fabiana,native,8,0,0,noisy_aer,12,fabiana:314,0,0,-1.2192278174618862,
fabiana_native8,fabiana,native,8,0,0,noisy_aer,13,fabiana:320,0,0,-1.3732350790027508,
fabiana_native8,fabiana,native,8,0,0,noisy_aer,14,fabiana:1106,0,0,-1.1290332849755056,
fabiana_native8,fabiana,native,8,0,0,noisy_aer,15,fabiana:1009,0,0,-1.315317561688929,
fabiana_native8,fabiana,native,8,0,0,noisy_aer,16,fabiana:486,0,0,-1.1857146759853245,
fabiana_native8,fabiana,native,8,0,0,noisy_aer,17,fabiana:837,0,0,-1.0716386245825773,
fabiana_native8,fabiana,native,8,0,0,noisy_aer,18,fabiana:909,0,0,-0.9668640616962533,
fabiana_native8,fabiana,native,8,0,0,noisy_aer,19,fabiana:65,0,0,-1.1118688823622995,
fabiana_native8,fabiana,native,8,0,0,noisy_aer,20,fabiana:353,0,0,-0.9776476424217827,
fabiana_native8,fabiana,native,8,0,0,noisy_aer,21,fabiana:991,0,0,-1.053340743974379,
fabiana_native8,fabiana,native,8,0,0,noisy_aer,22,fabiana:756,0,0,-0.9555148130298384,
fabiana_native8,fabiana,native,8,0,0,noisy_aer,23,fabiana:557,0,0,-0.9907946362175591,
fabiana_native8,fabiana,native,8,0,0,noisy_aer,24,fabiana:589,0,0,-1.093689752147566,
fabiana_native8,fabiana,native,8,0,0,noisy_aer,25,fabiana:770,0,0,-1.1171499546998689,
fabiana_native8,fabiana,native,8,0,0,noisy_aer,26,fabiana:542,0,0,-1.2064007457534327,
fabiana_native8,fabiana,native,8,0,0,noisy_aer,27,fabiana:516,0,0,-1.0544902916923973,
fabiana_native8,fabiana,native,8,0,0,noisy_aer,28,fabiana:1112,0,0,-1.083771579895727,
fabiana_native8,fabiana,native,8,0,0,noisy_aer,29,fabiana:602,0,0,-0.9303839168626716,
fabiana_native8,fabiana,native,8,0,0,noisy_aer,30,fabiana:1054,0,0,-0.9632712920072249,
fabiana_native8,fabiana,native,8,0,0,noisy_aer,31,fabiana:1000,0,0,-1.1023568545191047,
fabiana_native8,fabiana,native,8,0,0,noisy_aer,32,fabiana:158,0,0,-1.014256272552267,
fabiana_native8,fabiana,native,8,0,0,noisy_aer,33,fabiana:441,0,0,-1.1574621161978005,
fabiana_native8,fabiana,native,8,0,0,noisy_aer,34,fabiana:342,0,0,-1.1521875716162442,
fabiana_native8,fabiana,native,8,0,0,noisy_aer,35,fabiana:803,0,0,-1.0182317019578178,
fabiana_native8,fabiana,native,8,0,0,noisy_aer,36,fabiana:269,0,0,-1.0247272805323564,
fabiana_native8,fabiana,native,8,0,0,noisy_aer,37,fabiana:1133,0,0,-1.1211303571657951,
fabiana_native8,fabiana,native,8,0,0,noisy_aer,38,fabiana:210,0,0,-0.8916322305920078,
fabiana_native8,fabiana,native,8,0,0,noisy_aer,39,fabiana:1038,0,0,-1.131628519346,
fabiana_native8,fabiana,native,8,0,0,noisy_aer,40,fabiana:429,1,1,0.9901068620758486,
fabiana_native8,fabiana,native,8,0,0,noisy_aer,41,fabiana:1118,1,1,0.9034847734503197,
fabiana_native8,fabiana,native,8,0,0,noisy_aer,42,fabiana:454,1,1,0.7836350833815557,
fabiana_native8,fabiana,native,8,0,0,noisy_aer,43,fabiana:487,1,1,0.9389816685548037,
fabiana_native8,fabiana,native,8,0,0,noisy_aer,44,fabiana:274,1,1,1.0087489153880556,
fabiana_native8,fabiana,native,8,0,0,noisy_aer,45,fabiana:183,1,1,0.9572030860474827,
fabiana_native8,fabiana,native,8,0,0,noisy_aer,46,fabiana:965,1,1,1.0876570074919492,
fabiana_native8,fabiana,native,8,0,0,noisy_aer,47,fabiana:830,1,1,1.0533616704765496,
fabiana_native8,fabiana,native,8,0,0,noisy_aer,48,fabiana:911,1,1,0.9322138854882812,
fabiana_native8,fabiana,native,8,0,0,noisy_aer,49,fabiana:578,1,1,0.9972771310943693,
fabiana_native8,fabiana,native,8,0,0,noisy_aer,50,fabiana:75,1,1,0.8719973703307957,
fabiana_native8,fabiana,native,8,0,0,noisy_aer,51,fabiana:828,1,1,0.8423794234598456,
fabiana_native8,fabiana,native,8,0,0,noisy_aer,52,fabiana:573,1,1,0.7995873576378321,
fabiana_native8,fabiana,native,8,0,0,noisy_aer,53,fabiana:722,1,1,0.7835481527780225,
fabiana_native8,fabiana,native,8,0,0,noisy_aer,54,fabiana:942,1,1,0.751669767345463,
fabiana_native8,fabiana,native,8,0,0,noisy_aer,55,fabiana:675,1,1,0.9623659754700207,
fabiana_native8,fabiana,native,8,0,0,noisy_aer,56,fabiana:365,1,1,0.6572368183423206,
fabiana_native8,fabiana,native,8,0,0,noisy_aer,57,fabiana:179,1,1,0.9981866987310473,
fabiana_native8,fabiana,native,8,0,0,noisy_aer,58,fabiana:661,1,1,0.9833594068294491,
fabiana_native8,fabiana,native,8,0,0,noisy_aer,59,fabiana:891,1,1,0.7160903197669044,
fabiana_native8,fabiana,native,8,0,0,noisy_aer,60,fabiana:200,1,1,0.9977030140427645,
fabiana_native8,fabiana,native,8,0,0,noisy_aer,61,fabiana:550,1,1,0.5298392334664386,
fabiana_native8,fabiana,native,8,0,0,noisy_aer,62,fabiana:1090,1,1,0.9852416524870141,
fabiana_native8,fabiana,native,8,0,0,noisy_aer,63,fabiana:1036,1,1,0.845992930173757,
fabiana_native8,fabiana,native,8,0,0,noisy_aer,64,fabiana:48,1,1,0.7767459938356117,
fabiana_native8,fabiana,native,8,0,0,noisy_aer,65,fabiana:587,1,1,1.308746889669126,
fabiana_native8,fabiana,native,8,0,0,noisy_aer,66,fabiana:186,1,1,1.0680074162094546,
fabiana_native8,fabiana,native,8,0,0,noisy_aer,67,fabiana:492,1,1,1.126289969928792,
fabiana_native8,fabiana,native,8,0,0,noisy_aer,68,fabiana:512,1,1,1.0537358306303601,
fabiana_native8,fabiana,native,8,0,0,noisy_aer,69,fabiana:835,1,1,0.8460334698214256,
fabiana_native8,fabiana,native,8,0,0,noisy_aer,70,fabiana:790,1,1,0.8539651638524826,
fabiana_native8,fabiana,native,8,0,0,noisy_aer,71,fabiana:700,1,1,0.650038218215885,
fabiana_native8,fabiana,native,8,0,0,noisy_aer,72,fabiana:668,1,1,0.7626408383333224,
fabiana_native8,fabiana,native,8,0,0,noisy_aer,73,fabiana:842,1,1,0.8244656750203609,
fabiana_native8,fabiana,native,8,0,0,noisy_aer,74,fabiana:205,1,1,0.8922131746017484,
fabiana_native8,fabiana,native,8,0,0,noisy_aer,75,fabiana:222,1,1,0.9790826403896331,
fabiana_native8,fabiana,native,8,0,0,noisy_aer,76,fabiana:402,1,1,1.1242126852959604,
fabiana_native8,fabiana,native,8,0,0,noisy_aer,77,fabiana:141,1,1,0.9064286387044993,
fabiana_native8,fabiana,native,8,0,0,noisy_aer,78,fabiana:116,1,1,1.137281896255418,
fabiana_native8,fabiana,native,8,0,0,noisy_aer,79,fabiana:117,1,1,0.7378962284125533,
fabiana_native8,fabiana,native,8,1,0,exact,0,fabiana:291,0,0,-1.1051858942776753,
fabiana_native8,fabiana,native,8,1,0,exact,1,fabiana:530,0,0,-0.5167678864161032,
fabiana_native8,fabiana,native,8,1,0,exact,2,fabiana:102,0,0,-0.27068711987832056,
fabiana_native8,fabiana,native,8,1,0,exact,3,fabiana:504,0,0,-1.1166277836253442,
fabiana_native8,fabiana,native,8,1,0,exact,4,fabiana:938,0,0,-0.9866449859247493,
fabiana_native8,fabiana,native,8,1,0,exact,5,fabiana:0,0,0,-1.1086769762647397,
fabiana_native8,fabiana,native,8,1,0,exact,6,fabiana:1085,0,1,1.0754481692657913,
fabiana_native8,fabiana,native,8,1,0,exact,7,fabiana:318,0,0,-0.7783689563934646,
fabiana_native8,fabiana,native,8,1,0,exact,8,fabiana:703,0,0,-1.1368849975561541,
fabiana_native8,fabiana,native,8,1,0,exact,9,fabiana:445,0,0,-0.9806350839889657,
fabiana_native8,fabiana,native,8,1,0,exact,10,fabiana:874,0,0,-1.1086888186828743,
fabiana_native8,fabiana,native,8,1,0,exact,11,fabiana:369,0,0,-1.008012102483717,
fabiana_native8,fabiana,native,8,1,0,exact,12,fabiana:172,0,0,-0.556366766624572,
fabiana_native8,fabiana,native,8,1,0,exact,13,fabiana:1004,0,0,-1.1087287626455355,
fabiana_native8,fabiana,native,8,1,0,exact,14,fabiana:192,0,0,-1.108474788974615,
fabiana_native8,fabiana,native,8,1,0,exact,15,fabiana:809,0,0,-1.1121915499063515,
fabiana_native8,fabiana,native,8,1,0,exact,16,fabiana:939,0,0,-1.1067568336800284,
fabiana_native8,fabiana,native,8,1,0,exact,17,fabiana:394,0,0,-1.1097749928184422,
fabiana_native8,fabiana,native,8,1,0,exact,18,fabiana:111,0,0,-1.0023210773638458,
fabiana_native8,fabiana,native,8,1,0,exact,19,fabiana:1121,0,0,-1.1067453531092903,
fabiana_native8,fabiana,native,8,1,0,exact,20,fabiana:1155,0,0,-1.1204392595559023,
fabiana_native8,fabiana,native,8,1,0,exact,21,fabiana:937,0,0,-1.1094390512249621,
fabiana_native8,fabiana,native,8,1,0,exact,22,fabiana:215,0,0,-0.9991651686804317,
fabiana_native8,fabiana,native,8,1,0,exact,23,fabiana:719,0,0,-1.1087524646714255,
fabiana_native8,fabiana,native,8,1,0,exact,24,fabiana:1145,0,0,-1.1174186773544754,
fabiana_native8,fabiana,native,8,1,0,exact,25,fabiana:812,0,0,-1.1414981684629342,
fabiana_native8,fabiana,native,8,1,0,exact,26,fabiana:66,0,0,-1.1110311292328519,
fabiana_native8,fabiana,native,8,1,0,exact,27,fabiana:17,0,0,-1.1086835881957624,
fabiana_native8,fabiana,native,8,1,0,exact,28,fabiana:1034,0,0,-1.1097661350634207,
fabiana_native8,fabiana,native,8,1,0,exact,29,fabiana:794,0,0,-1.0037817738882646,
fabiana_native8,fabiana,native,8,1,0,exact,30,fabiana:797,0,0,-1.092057256338185,
fabiana_native8,fabiana,native,8,1,0,exact,31,fabiana:967,0,0,-1.0391370585880408,
fabiana_native8,fabiana,native,8,1,0,exact,32,fabiana:1024,0,0,-0.791380706992596,
fabiana_native8,fabiana,native,8,1,0,exact,33,fabiana:579,0,0,-1.0089871466204263,
fabiana_native8,fabiana,native,8,1,0,exact,34,fabiana:649,0,0,-1.1087274901626096,
fabiana_native8,fabiana,native,8,1,0,exact,35,fabiana:551,0,0,-1.104031630901864,
fabiana_native8,fabiana,native,8,1,0,exact,36,fabiana:395,0,0,-1.111552052441203,
fabiana_native8,fabiana,native,8,1,0,exact,37,fabiana:1122,0,0,-1.1105470599488116,
fabiana_native8,fabiana,native,8,1,0,exact,38,fabiana:639,0,0,-1.0971897111617364,
fabiana_native8,fabiana,native,8,1,0,exact,39,fabiana:662,0,1,1.0595979950018364,
fabiana_native8,fabiana,native,8,1,0,exact,40,fabiana:806,1,1,0.5817519126824497,
fabiana_native8,fabiana,native,8,1,0,exact,41,fabiana:558,1,1,0.9943522831439295,
fabiana_native8,fabiana,native,8,1,0,exact,42,fabiana:871,1,1,1.0805457410417012,
fabiana_native8,fabiana,native,8,1,0,exact,43,fabiana:656,1,1,0.399572866250806,
fabiana_native8,fabiana,native,8,1,0,exact,44,fabiana:98,1,1,1.008415239631644,
fabiana_native8,fabiana,native,8,1,0,exact,45,fabiana:316,1,1,0.8286081162757963,
fabiana_native8,fabiana,native,8,1,0,exact,46,fabiana:101,1,1,0.9949800656896735,
fabiana_native8,fabiana,native,8,1,0,exact,47,fabiana:278,1,1,1.040686807879793,
fabiana_native8,fabiana,native,8,1,0,exact,48,fabiana:211,1,1,0.903243329024662,
fabiana_native8,fabiana,native,8,1,0,exact,49,fabiana:1057,1,1,0.42340473279972357,
fabiana_native8,fabiana,native,8,1,0,exact,50,fabiana:142,1,1,0.5560571011878777,
fabiana_native8,fabiana,native,8,1,0,exact,51,fabiana:853,1,1,0.500351827675695,
fabiana_native8,fabiana,native,8,1,0,exact,52,fabiana:611,1,1,0.4228633538427461,
fabiana_native8,fabiana,native,8,1,0,exact,53,fabiana:264,1,1,0.4261302835082572,
fabiana_native8,fabiana,native,8,1,0,exact,54,fabiana:297,1,1,0.4167783068606578,
fabiana_native8,fabiana,native,8,1,0,exact,55,fabiana:892,1,1,0.426134191783283,
fabiana_native8,fabiana,native,8,1,0,exact,56,fabiana:768,1,1,0.9036149500879813,
fabiana_native8,fabiana,native,8,1,0,exact,57,fabiana:721,1,1,0.2038297636275484,
fabiana_native8,fabiana,native,8,1,0,exact,58,fabiana:129,1,1,1.001113616732121,
fabiana_native8,fabiana,native,8,1,0,exact,59,fabiana:654,1,1,0.22660236722588983,
fabiana_native8,fabiana,native,8,1,0,exact,60,fabiana:391,1,1,0.7274591787622009,
fabiana_native8,fabiana,native,8,1,0,exact,61,fabiana:107,1,1,0.7362570773086148,
fabiana_native8,fabiana,native,8,1,0,exact,62,fabiana:590,1,1,0.2038297636275484,
fabiana_native8,fabiana,native,8,1,0,exact,63,fabiana:108,1,1,1.0934426480646389,
fabiana_native8,fabiana,native,8,1,0,exact,64,fabiana:560,1,1,0.9581919175314058,
fabiana_native8,fabiana,native,8,1,0,exact,65,fabiana:358,1,1,0.5051655256299818,
fabiana_native8,fabiana,native,8,1,0,exact,66,fabiana:330,1,1,0.48850429140636986,
fabiana_native8,fabiana,native,8,1,0,exact,67,fabiana:743,1,1,1.11849592866985,
fabiana_native8,fabiana,native,8,1,0,exact,68,fabiana:178,1,1,0.3278857460823954,
fabiana_native8,fabiana,native,8,1,0,exact,69,fabiana:299,1,1,0.441418263405176,
fabiana_native8,fabiana,native,8,1,0,exact,70,fabiana:136,1,1,1.0415084691514214,
fabiana_native8,fabiana,native,8,1,0,exact,71,fabiana:169,1,1,1.066466697315282,
fabiana_native8,fabiana,native,8,1,0,exact,72,fabiana:332,1,1,1.2410961171421897,
fabiana_native8,fabiana,native,8,1,0,exact,73,fabiana:241,1,1,0.9440589589842134,
fabiana_native8,fabiana,native,8,1,0,exact,74,fabiana:606,1,1,1.0245592039923708,
fabiana_native8,fabiana,native,8,1,0,exact,75,fabiana:1,1,1,1.0605562629465348,
fabiana_native8,fabiana,native,8,1,0,exact,76,fabiana:23,1,1,1.0284023148063588,
fabiana_native8,fabiana,native,8,1,0,exact,77,fabiana:45,1,1,1.0826743923787396,
fabiana_native8,fabiana,native,8,1,0,exact,78,fabiana:262,1,1,1.0610584364371203,
fabiana_native8,fabiana,native,8,1,0,exact,79,fabiana:774,1,1,1.1125933876799419,
fabiana_native8,fabiana,native,8,1,0,ideal_aer,0,fabiana:291,0,0,-1.119147897543663,
fabiana_native8,fabiana,native,8,1,0,ideal_aer,1,fabiana:530,0,0,-0.4720886731718361,
fabiana_native8,fabiana,native,8,1,0,ideal_aer,2,fabiana:102,0,0,-0.18269626527345006,
fabiana_native8,fabiana,native,8,1,0,ideal_aer,3,fabiana:504,0,0,-1.0330180155820443,
fabiana_native8,fabiana,native,8,1,0,ideal_aer,4,fabiana:938,0,0,-0.9699343261065023,
fabiana_native8,fabiana,native,8,1,0,ideal_aer,5,fabiana:0,0,0,-1.1482331315539784,
fabiana_native8,fabiana,native,8,1,0,ideal_aer,6,fabiana:1085,0,1,1.1203420897731293,
fabiana_native8,fabiana,native,8,1,0,ideal_aer,7,fabiana:318,0,0,-0.8689267127797906,
fabiana_native8,fabiana,native,8,1,0,ideal_aer,8,fabiana:703,0,0,-1.2074397966483363,
fabiana_native8,fabiana,native,8,1,0,ideal_aer,9,fabiana:445,0,0,-1.0746659747542855,
fabiana_native8,fabiana,native,8,1,0,ideal_aer,10,fabiana:874,0,0,-1.0991543768716612,
fabiana_native8,fabiana,native,8,1,0,ideal_aer,11,fabiana:369,0,0,-1.1539179667531017,
fabiana_native8,fabiana,native,8,1,0,ideal_aer,12,fabiana:172,0,0,-0.4877392175421996,
fabiana_native8,fabiana,native,8,1,0,ideal_aer,13,fabiana:1004,0,0,-1.1410174497413543,
fabiana_native8,fabiana,native,8,1,0,ideal_aer,14,fabiana:192,0,0,-1.156517615573645,
fabiana_native8,fabiana,native,8,1,0,ideal_aer,15,fabiana:809,0,0,-1.1292458099182152,
fabiana_native8,fabiana,native,8,1,0,ideal_aer,16,fabiana:939,0,0,-1.173015517813657,
fabiana_native8,fabiana,native,8,1,0,ideal_aer,17,fabiana:394,0,0,-1.1159065668092851,
fabiana_native8,fabiana,native,8,1,0,ideal_aer,18,fabiana:111,0,0,-1.084071854425205,
fabiana_native8,fabiana,native,8,1,0,ideal_aer,19,fabiana:1121,0,0,-1.0686002138382034,
fabiana_native8,fabiana,native,8,1,0,ideal_aer,20,fabiana:1155,0,0,-1.1168619460088833,
fabiana_native8,fabiana,native,8,1,0,ideal_aer,21,fabiana:937,0,0,-1.1765324186004524,
fabiana_native8,fabiana,native,8,1,0,ideal_aer,22,fabiana:215,0,0,-1.0477592998383058,
fabiana_native8,fabiana,native,8,1,0,ideal_aer,23,fabiana:719,0,0,-1.151398233004287,
fabiana_native8,fabiana,native,8,1,0,ideal_aer,24,fabiana:1145,0,0,-1.1514075433318323,
fabiana_native8,fabiana,native,8,1,0,ideal_aer,25,fabiana:812,0,0,-1.1059595849106243,
fabiana_native8,fabiana,native,8,1,0,ideal_aer,26,fabiana:66,0,0,-1.0989807097533908,
fabiana_native8,fabiana,native,8,1,0,ideal_aer,27,fabiana:17,0,0,-1.1950456814874841,
fabiana_native8,fabiana,native,8,1,0,ideal_aer,28,fabiana:1034,0,0,-1.14580804776335,
fabiana_native8,fabiana,native,8,1,0,ideal_aer,29,fabiana:794,0,0,-1.0471141898124028,
fabiana_native8,fabiana,native,8,1,0,ideal_aer,30,fabiana:797,0,0,-1.1156397870211114,
fabiana_native8,fabiana,native,8,1,0,ideal_aer,31,fabiana:967,0,0,-0.9680694385097519,
fabiana_native8,fabiana,native,8,1,0,ideal_aer,32,fabiana:1024,0,0,-0.8538567739726302,
fabiana_native8,fabiana,native,8,1,0,ideal_aer,33,fabiana:579,0,0,-1.0269003454845087,
fabiana_native8,fabiana,native,8,1,0,ideal_aer,34,fabiana:649,0,0,-1.117876467409901,
fabiana_native8,fabiana,native,8,1,0,ideal_aer,35,fabiana:551,0,0,-1.0982537962501502,
fabiana_native8,fabiana,native,8,1,0,ideal_aer,36,fabiana:395,0,0,-1.155193607118825,
fabiana_native8,fabiana,native,8,1,0,ideal_aer,37,fabiana:1122,0,0,-1.1244886607178701,
fabiana_native8,fabiana,native,8,1,0,ideal_aer,38,fabiana:639,0,0,-1.0572815553024786,
fabiana_native8,fabiana,native,8,1,0,ideal_aer,39,fabiana:662,0,1,1.127890730617424,
fabiana_native8,fabiana,native,8,1,0,ideal_aer,40,fabiana:806,1,1,0.5929967474067412,
fabiana_native8,fabiana,native,8,1,0,ideal_aer,41,fabiana:558,1,1,0.9987124062567537,
fabiana_native8,fabiana,native,8,1,0,ideal_aer,42,fabiana:871,1,1,1.0890159577358896,
fabiana_native8,fabiana,native,8,1,0,ideal_aer,43,fabiana:656,1,1,0.39502645716013884,
fabiana_native8,fabiana,native,8,1,0,ideal_aer,44,fabiana:98,1,1,1.0478884881113306,
fabiana_native8,fabiana,native,8,1,0,ideal_aer,45,fabiana:316,1,1,0.9290368410345616,
fabiana_native8,fabiana,native,8,1,0,ideal_aer,46,fabiana:101,1,1,1.0116731513045316,
fabiana_native8,fabiana,native,8,1,0,ideal_aer,47,fabiana:278,1,1,1.106374656229364,
fabiana_native8,fabiana,native,8,1,0,ideal_aer,48,fabiana:211,1,1,0.899060186427332,
fabiana_native8,fabiana,native,8,1,0,ideal_aer,49,fabiana:1057,1,1,0.4199788591550797,
fabiana_native8,fabiana,native,8,1,0,ideal_aer,50,fabiana:142,1,1,0.5858388397924907,
fabiana_native8,fabiana,native,8,1,0,ideal_aer,51,fabiana:853,1,1,0.5088950231738123,
fabiana_native8,fabiana,native,8,1,0,ideal_aer,52,fabiana:611,1,1,0.4413726764463919,
fabiana_native8,fabiana,native,8,1,0,ideal_aer,53,fabiana:264,1,1,0.43347353940981187,
fabiana_native8,fabiana,native,8,1,0,ideal_aer,54,fabiana:297,1,1,0.4252822064179501,
fabiana_native8,fabiana,native,8,1,0,ideal_aer,55,fabiana:892,1,1,0.44795125155486204,
fabiana_native8,fabiana,native,8,1,0,ideal_aer,56,fabiana:768,1,1,0.9451323922289357,
fabiana_native8,fabiana,native,8,1,0,ideal_aer,57,fabiana:721,1,1,0.18586375782684927,
fabiana_native8,fabiana,native,8,1,0,ideal_aer,58,fabiana:129,1,1,1.0411312040730412,
fabiana_native8,fabiana,native,8,1,0,ideal_aer,59,fabiana:654,1,1,0.2057030070192728,
fabiana_native8,fabiana,native,8,1,0,ideal_aer,60,fabiana:391,1,1,0.7514590741090046,
fabiana_native8,fabiana,native,8,1,0,ideal_aer,61,fabiana:107,1,1,0.7417426358546915,
fabiana_native8,fabiana,native,8,1,0,ideal_aer,62,fabiana:590,1,1,0.19847823353244115,
fabiana_native8,fabiana,native,8,1,0,ideal_aer,63,fabiana:108,1,1,1.0982037272253078,
fabiana_native8,fabiana,native,8,1,0,ideal_aer,64,fabiana:560,1,1,1.0000457365102386,
fabiana_native8,fabiana,native,8,1,0,ideal_aer,65,fabiana:358,1,1,0.4985342669253653,
fabiana_native8,fabiana,native,8,1,0,ideal_aer,66,fabiana:330,1,1,0.49787863112579445,
fabiana_native8,fabiana,native,8,1,0,ideal_aer,67,fabiana:743,1,1,1.0944968396657857,
fabiana_native8,fabiana,native,8,1,0,ideal_aer,68,fabiana:178,1,1,0.3399420390217301,
fabiana_native8,fabiana,native,8,1,0,ideal_aer,69,fabiana:299,1,1,0.45850553915115844,
fabiana_native8,fabiana,native,8,1,0,ideal_aer,70,fabiana:136,1,1,1.0771303646189634,
fabiana_native8,fabiana,native,8,1,0,ideal_aer,71,fabiana:169,1,1,1.1221547080757603,
fabiana_native8,fabiana,native,8,1,0,ideal_aer,72,fabiana:332,1,1,1.2501314047527003,
fabiana_native8,fabiana,native,8,1,0,ideal_aer,73,fabiana:241,1,1,1.0446868494403265,
fabiana_native8,fabiana,native,8,1,0,ideal_aer,74,fabiana:606,1,1,1.0024778431854582,
fabiana_native8,fabiana,native,8,1,0,ideal_aer,75,fabiana:1,1,1,1.0899077942660824,
fabiana_native8,fabiana,native,8,1,0,ideal_aer,76,fabiana:23,1,1,1.0723449341897011,
fabiana_native8,fabiana,native,8,1,0,ideal_aer,77,fabiana:45,1,1,1.0342970590310476,
fabiana_native8,fabiana,native,8,1,0,ideal_aer,78,fabiana:262,1,1,1.0680882881482014,
fabiana_native8,fabiana,native,8,1,0,ideal_aer,79,fabiana:774,1,1,1.1384928090656798,
fabiana_native8,fabiana,native,8,1,0,noisy_aer,0,fabiana:291,0,0,-1.00276216425235,
fabiana_native8,fabiana,native,8,1,0,noisy_aer,1,fabiana:530,0,0,-0.4136022012316326,
fabiana_native8,fabiana,native,8,1,0,noisy_aer,2,fabiana:102,0,0,-0.21488047342217853,
fabiana_native8,fabiana,native,8,1,0,noisy_aer,3,fabiana:504,0,0,-1.0657837102830268,
fabiana_native8,fabiana,native,8,1,0,noisy_aer,4,fabiana:938,0,0,-1.0056361462896106,
fabiana_native8,fabiana,native,8,1,0,noisy_aer,5,fabiana:0,0,0,-1.0153553570581426,
fabiana_native8,fabiana,native,8,1,0,noisy_aer,6,fabiana:1085,0,1,1.031049014032679,
fabiana_native8,fabiana,native,8,1,0,noisy_aer,7,fabiana:318,0,0,-0.712150439910222,
fabiana_native8,fabiana,native,8,1,0,noisy_aer,8,fabiana:703,0,0,-1.0531882996970756,
fabiana_native8,fabiana,native,8,1,0,noisy_aer,9,fabiana:445,0,0,-1.0646471284883487,
fabiana_native8,fabiana,native,8,1,0,noisy_aer,10,fabiana:874,0,0,-1.1283281636737321,
fabiana_native8,fabiana,native,8,1,0,noisy_aer,11,fabiana:369,0,0,-1.0359117536878726,
fabiana_native8,fabiana,native,8,1,0,noisy_aer,12,fabiana:172,0,0,-0.5786229756959519,
fabiana_native8,fabiana,native,8,1,0,noisy_aer,13,fabiana:1004,0,0,-0.9604530482131192,
fabiana_native8,fabiana,native,8,1,0,noisy_aer,14,fabiana:192,0,0,-1.0577181836194276,
fabiana_native8,fabiana,native,8,1,0,noisy_aer,15,fabiana:809,0,0,-1.1005310583414434,
fabiana_native8,fabiana,native,8,1,0,noisy_aer,16,fabiana:939,0,0,-0.9664516814654066,
fabiana_native8,fabiana,native,8,1,0,noisy_aer,17,fabiana:394,0,0,-1.1567737331198358,
fabiana_native8,fabiana,native,8,1,0,noisy_aer,18,fabiana:111,0,0,-1.029579133181814,
fabiana_native8,fabiana,native,8,1,0,noisy_aer,19,fabiana:1121,0,0,-1.0491439676657421,
fabiana_native8,fabiana,native,8,1,0,noisy_aer,20,fabiana:1155,0,0,-1.10991472840018,
fabiana_native8,fabiana,native,8,1,0,noisy_aer,21,fabiana:937,0,0,-1.122875444094309,
fabiana_native8,fabiana,native,8,1,0,noisy_aer,22,fabiana:215,0,0,-1.0585734579852715,
fabiana_native8,fabiana,native,8,1,0,noisy_aer,23,fabiana:719,0,0,-1.0576584948879892,
fabiana_native8,fabiana,native,8,1,0,noisy_aer,24,fabiana:1145,0,0,-1.005111732055561,
fabiana_native8,fabiana,native,8,1,0,noisy_aer,25,fabiana:812,0,0,-1.11639914671811,
fabiana_native8,fabiana,native,8,1,0,noisy_aer,26,fabiana:66,0,0,-1.1407772636901599,
fabiana_native8,fabiana,native,8,1,0,noisy_aer,27,fabiana:17,0,0,-1.108165832691883,
fabiana_native8,fabiana,native,8,1,0,noisy_aer,28,fabiana:1034,0,0,-0.9647817197853307,
fabiana_native8,fabiana,native,8,1,0,noisy_aer,29,fabiana:794,0,0,-1.0136540398003384,
fabiana_native8,fabiana,native,8,1,0,noisy_aer,30,fabiana:797,0,0,-1.0391594273737796,
fabiana_native8,fabiana,native,8,1,0,noisy_aer,31,fabiana:967,0,0,-1.0603161967392212,
fabiana_native8,fabiana,native,8,1,0,noisy_aer,32,fabiana:1024,0,0,-0.7093771541541373,
fabiana_native8,fabiana,native,8,1,0,noisy_aer,33,fabiana:579,0,0,-1.073850209501137,
fabiana_native8,fabiana,native,8,1,0,noisy_aer,34,fabiana:649,0,0,-1.0306321080975294,
fabiana_native8,fabiana,native,8,1,0,noisy_aer,35,fabiana:551,0,0,-1.102035210161791,
fabiana_native8,fabiana,native,8,1,0,noisy_aer,36,fabiana:395,0,0,-1.0942881671128735,
fabiana_native8,fabiana,native,8,1,0,noisy_aer,37,fabiana:1122,0,0,-0.9623682993138455,
fabiana_native8,fabiana,native,8,1,0,noisy_aer,38,fabiana:639,0,0,-1.0696538388837866,
fabiana_native8,fabiana,native,8,1,0,noisy_aer,39,fabiana:662,0,1,0.9093664021365501,
fabiana_native8,fabiana,native,8,1,0,noisy_aer,40,fabiana:806,1,1,0.5548025558653167,
fabiana_native8,fabiana,native,8,1,0,noisy_aer,41,fabiana:558,1,1,0.9790105085646215,
fabiana_native8,fabiana,native,8,1,0,noisy_aer,42,fabiana:871,1,1,0.9949688501920685,
fabiana_native8,fabiana,native,8,1,0,noisy_aer,43,fabiana:656,1,1,0.36820593850655586,
fabiana_native8,fabiana,native,8,1,0,noisy_aer,44,fabiana:98,1,1,0.9921423238276634,
fabiana_native8,fabiana,native,8,1,0,noisy_aer,45,fabiana:316,1,1,0.7688455723445486,
fabiana_native8,fabiana,native,8,1,0,noisy_aer,46,fabiana:101,1,1,0.8402588494344827,
fabiana_native8,fabiana,native,8,1,0,noisy_aer,47,fabiana:278,1,1,0.9837774694251242,
fabiana_native8,fabiana,native,8,1,0,noisy_aer,48,fabiana:211,1,1,0.8218552390605517,
fabiana_native8,fabiana,native,8,1,0,noisy_aer,49,fabiana:1057,1,1,0.39868593227948174,
fabiana_native8,fabiana,native,8,1,0,noisy_aer,50,fabiana:142,1,1,0.5217963001653212,
fabiana_native8,fabiana,native,8,1,0,noisy_aer,51,fabiana:853,1,1,0.4986229774227491,
fabiana_native8,fabiana,native,8,1,0,noisy_aer,52,fabiana:611,1,1,0.39609655552587136,
fabiana_native8,fabiana,native,8,1,0,noisy_aer,53,fabiana:264,1,1,0.40853176166972865,
fabiana_native8,fabiana,native,8,1,0,noisy_aer,54,fabiana:297,1,1,0.39260323020864396,
fabiana_native8,fabiana,native,8,1,0,noisy_aer,55,fabiana:892,1,1,0.37501414307472136,
fabiana_native8,fabiana,native,8,1,0,noisy_aer,56,fabiana:768,1,1,0.8381990242679535,
fabiana_native8,fabiana,native,8,1,0,noisy_aer,57,fabiana:721,1,1,0.21610278972625932,
fabiana_native8,fabiana,native,8,1,0,noisy_aer,58,fabiana:129,1,1,1.0256353137123257,
fabiana_native8,fabiana,native,8,1,0,noisy_aer,59,fabiana:654,1,1,0.22755551366091817,
fabiana_native8,fabiana,native,8,1,0,noisy_aer,60,fabiana:391,1,1,0.7061252187439555,
fabiana_native8,fabiana,native,8,1,0,noisy_aer,61,fabiana:107,1,1,0.7415451419147425,
fabiana_native8,fabiana,native,8,1,0,noisy_aer,62,fabiana:590,1,1,0.20457995955694724,
fabiana_native8,fabiana,native,8,1,0,noisy_aer,63,fabiana:108,1,1,1.0424611584786918,
fabiana_native8,fabiana,native,8,1,0,noisy_aer,64,fabiana:560,1,1,0.8801616623115104,
fabiana_native8,fabiana,native,8,1,0,noisy_aer,65,fabiana:358,1,1,0.45701078663272104,
fabiana_native8,fabiana,native,8,1,0,noisy_aer,66,fabiana:330,1,1,0.44166103817118857,
fabiana_native8,fabiana,native,8,1,0,noisy_aer,67,fabiana:743,1,1,1.0400495648212067,
fabiana_native8,fabiana,native,8,1,0,noisy_aer,68,fabiana:178,1,1,0.2979533928499563,
fabiana_native8,fabiana,native,8,1,0,noisy_aer,69,fabiana:299,1,1,0.4312953747191597,
fabiana_native8,fabiana,native,8,1,0,noisy_aer,70,fabiana:136,1,1,1.000628045135766,
fabiana_native8,fabiana,native,8,1,0,noisy_aer,71,fabiana:169,1,1,1.005300382990818,
fabiana_native8,fabiana,native,8,1,0,noisy_aer,72,fabiana:332,1,1,1.2233859221251724,
fabiana_native8,fabiana,native,8,1,0,noisy_aer,73,fabiana:241,1,1,0.8768919948456902,
fabiana_native8,fabiana,native,8,1,0,noisy_aer,74,fabiana:606,1,1,0.9946704991873,
fabiana_native8,fabiana,native,8,1,0,noisy_aer,75,fabiana:1,1,1,1.0193129897168134,
fabiana_native8,fabiana,native,8,1,0,noisy_aer,76,fabiana:23,1,1,1.0185234733859607,
fabiana_native8,fabiana,native,8,1,0,noisy_aer,77,fabiana:45,1,1,1.034847756897776,
fabiana_native8,fabiana,native,8,1,0,noisy_aer,78,fabiana:262,1,1,1.0588549568619885,
fabiana_native8,fabiana,native,8,1,0,noisy_aer,79,fabiana:774,1,1,1.0507138876538895,
fabiana_native8,fabiana,native,8,2,0,exact,0,fabiana:539,0,0,-1.0328345934961107,
fabiana_native8,fabiana,native,8,2,0,exact,1,fabiana:465,0,0,-0.7634909403398106,
fabiana_native8,fabiana,native,8,2,0,exact,2,fabiana:725,0,0,-0.820141166765377,
fabiana_native8,fabiana,native,8,2,0,exact,3,fabiana:879,0,0,-0.9998853074436967,
fabiana_native8,fabiana,native,8,2,0,exact,4,fabiana:243,0,0,-0.9281664232892682,
fabiana_native8,fabiana,native,8,2,0,exact,5,fabiana:552,0,0,-1.0001300718110726,
fabiana_native8,fabiana,native,8,2,0,exact,6,fabiana:1018,0,0,-1.1333143332242894,
fabiana_native8,fabiana,native,8,2,0,exact,7,fabiana:664,0,0,-0.9999936538722324,
fabiana_native8,fabiana,native,8,2,0,exact,8,fabiana:34,0,0,-1.0556368784142354,
fabiana_native8,fabiana,native,8,2,0,exact,9,fabiana:168,0,0,-1.0098011061899164,
fabiana_native8,fabiana,native,8,2,0,exact,10,fabiana:534,0,0,-0.13432968223619013,
fabiana_native8,fabiana,native,8,2,0,exact,11,fabiana:165,0,0,-0.999745890025045,
fabiana_native8,fabiana,native,8,2,0,exact,12,fabiana:477,0,0,-1.001909096523827,
fabiana_native8,fabiana,native,8,2,0,exact,13,fabiana:235,0,0,-0.9995430670162754,
fabiana_native8,fabiana,native,8,2,0,exact,14,fabiana:336,0,0,-0.9995980052352523,
fabiana_native8,fabiana,native,8,2,0,exact,15,fabiana:681,0,0,-1.0543900767300114,
fabiana_native8,fabiana,native,8,2,0,exact,16,fabiana:925,0,1,0.04580150553899276,
fabiana_native8,fabiana,native,8,2,0,exact,17,fabiana:834,0,0,-0.9997475241457233,
fabiana_native8,fabiana,native,8,2,0,exact,18,fabiana:614,0,0,-1.1170232950096608,
fabiana_native8,fabiana,native,8,2,0,exact,19,fabiana:404,0,0,-1.0138297544420247,
fabiana_native8,fabiana,native,8,2,0,exact,20,fabiana:481,0,1,0.05019347699913501,
fabiana_native8,fabiana,native,8,2,0,exact,21,fabiana:515,0,0,-1.0310643038993352,
fabiana_native8,fabiana,native,8,2,0,exact,22,fabiana:341,0,0,-1.0007602775419318,
fabiana_native8,fabiana,native,8,2,0,exact,23,fabiana:4,0,0,-1.0066194100827444,
fabiana_native8,fabiana,native,8,2,0,exact,24,fabiana:838,0,0,-0.9931209959589214,
fabiana_native8,fabiana,native,8,2,0,exact,25,fabiana:213,0,0,-1.0014373534405605,
fabiana_native8,fabiana,native,8,2,0,exact,26,fabiana:37,0,0,-1.0053455499188058,
fabiana_native8,fabiana,native,8,2,0,exact,27,fabiana:1008,0,0,-0.9999078583569411,
fabiana_native8,fabiana,native,8,2,0,exact,28,fabiana:970,0,0,-1.0172515754589093,
fabiana_native8,fabiana,native,8,2,0,exact,29,fabiana:166,0,0,-1.000019335386083,
fabiana_native8,fabiana,native,8,2,0,exact,30,fabiana:652,0,0,-1.0612784707266196,
fabiana_native8,fabiana,native,8,2,0,exact,31,fabiana:224,0,0,-0.9405450019104716,
fabiana_native8,fabiana,native,8,2,0,exact,32,fabiana:377,0,0,-0.9993021796889417,
fabiana_native8,fabiana,native,8,2,0,exact,33,fabiana:946,0,0,-1.0494910531851294,
fabiana_native8,fabiana,native,8,2,0,exact,34,fabiana:989,0,0,-0.9562866466710679,
fabiana_native8,fabiana,native,8,2,0,exact,35,fabiana:657,0,0,-1.0029936315899985,
fabiana_native8,fabiana,native,8,2,0,exact,36,fabiana:343,0,0,-1.000112530772654,
fabiana_native8,fabiana,native,8,2,0,exact,37,fabiana:284,0,0,-1.1205793891819495,
fabiana_native8,fabiana,native,8,2,0,exact,38,fabiana:705,0,0,-1.0462233456974088,
fabiana_native8,fabiana,native,8,2,0,exact,39,fabiana:164,0,0,-1.0761584849432109,
fabiana_native8,fabiana,native,8,2,0,exact,40,fabiana:91,1,1,0.6517740430835353,
fabiana_native8,fabiana,native,8,2,0,exact,41,fabiana:88,1,1,1.0001612887061198,
fabiana_native8,fabiana,native,8,2,0,exact,42,fabiana:886,1,1,1.0716713796145516,
fabiana_native8,fabiana,native,8,2,0,exact,43,fabiana:529,1,1,0.7542517371435891,
fabiana_native8,fabiana,native,8,2,0,exact,44,fabiana:1019,1,1,1.1175342456247233,
fabiana_native8,fabiana,native,8,2,0,exact,45,fabiana:1138,1,1,0.9546387665315796,
fabiana_native8,fabiana,native,8,2,0,exact,46,fabiana:1014,1,1,0.7812188857569341,
fabiana_native8,fabiana,native,8,2,0,exact,47,fabiana:1016,1,1,1.1285699963681952,
fabiana_native8,fabiana,native,8,2,0,exact,48,fabiana:1045,1,1,1.0761527373414765,
fabiana_native8,fabiana,native,8,2,0,exact,49,fabiana:31,1,1,1.0161538406039767,
fabiana_native8,fabiana,native,8,2,0,exact,50,fabiana:152,1,1,1.0044525142473757,
fabiana_native8,fabiana,native,8,2,0,exact,51,fabiana:588,1,1,0.4532143074873556,
fabiana_native8,fabiana,native,8,2,0,exact,52,fabiana:944,1,1,1.0208042544359492,
fabiana_native8,fabiana,native,8,2,0,exact,53,fabiana:123,1,1,1.0099902265926801,
fabiana_native8,fabiana,native,8,2,0,exact,54,fabiana:438,1,1,1.008084260617668,
fabiana_native8,fabiana,native,8,2,0,exact,55,fabiana:1078,1,1,0.7000660562652994,
fabiana_native8,fabiana,native,8,2,0,exact,56,fabiana:640,1,1,0.9978403147094745,
fabiana_native8,fabiana,native,8,2,0,exact,57,fabiana:697,1,1,1.017564453525758,
fabiana_native8,fabiana,native,8,2,0,exact,58,fabiana:524,1,1,0.6523084548205055,
fabiana_native8,fabiana,native,8,2,0,exact,59,fabiana:405,1,1,1.0252991811035277,
fabiana_native8,fabiana,native,8,2,0,exact,60,fabiana:475,1,1,0.8726631935397131,
fabiana_native8,fabiana,native,8,2,0,exact,61,fabiana:538,1,1,0.9683191084471099,
fabiana_native8,fabiana,native,8,2,0,exact,62,fabiana:244,1,1,0.9391114705123929,
fabiana_native8,fabiana,native,8,2,0,exact,63,fabiana:298,1,1,0.9925375580728846,
fabiana_native8,fabiana,native,8,2,0,exact,64,fabiana:109,1,1,0.7326016011300056,
fabiana_native8,fabiana,native,8,2,0,exact,65,fabiana:753,1,1,0.32873207257779746,
fabiana_native8,fabiana,native,8,2,0,exact,66,fabiana:544,1,1,0.9126765277906307,
fabiana_native8,fabiana,native,8,2,0,exact,67,fabiana:366,1,1,1.0277124498316683,
fabiana_native8,fabiana,native,8,2,0,exact,68,fabiana:344,1,1,1.1282432318979818,
fabiana_native8,fabiana,native,8,2,0,exact,69,fabiana:533,1,1,0.7652504184043853,
fabiana_native8,fabiana,native,8,2,0,exact,70,fabiana:22,1,1,1.0256816852928217,
fabiana_native8,fabiana,native,8,2,0,exact,71,fabiana:893,1,1,0.7144818098530916,
fabiana_native8,fabiana,native,8,2,0,exact,72,fabiana:1010,1,1,0.9332084719038125,
fabiana_native8,fabiana,native,8,2,0,exact,73,fabiana:300,1,1,0.6207133955640707,
fabiana_native8,fabiana,native,8,2,0,exact,74,fabiana:462,1,1,0.49832093476747485,
fabiana_native8,fabiana,native,8,2,0,exact,75,fabiana:763,1,1,1.0099883459566743,
fabiana_native8,fabiana,native,8,2,0,exact,76,fabiana:826,1,0,-1.0000310238381744,
fabiana_native8,fabiana,native,8,2,0,exact,77,fabiana:680,1,1,1.0360715801224676,
fabiana_native8,fabiana,native,8,2,0,exact,78,fabiana:61,1,1,0.9543738844389746,
fabiana_native8,fabiana,native,8,2,0,exact,79,fabiana:456,1,1,1.1307153089371762,
fabiana_native8,fabiana,native,8,2,0,ideal_aer,0,fabiana:539,0,0,-1.0905987864883588,
fabiana_native8,fabiana,native,8,2,0,ideal_aer,1,fabiana:465,0,0,-0.82078298257927,
fabiana_native8,fabiana,native,8,2,0,ideal_aer,2,fabiana:725,0,0,-0.8045006188105378,
fabiana_native8,fabiana,native,8,2,0,ideal_aer,3,fabiana:879,0,0,-1.0058065298958088,
fabiana_native8,fabiana,native,8,2,0,ideal_aer,4,fabiana:243,0,0,-0.8942255488146279,
fabiana_native8,fabiana,native,8,2,0,ideal_aer,5,fabiana:552,0,0,-1.0318671685257423,
fabiana_native8,fabiana,native,8,2,0,ideal_aer,6,fabiana:1018,0,0,-1.1466983419446337,
fabiana_native8,fabiana,native,8,2,0,ideal_aer,7,fabiana:664,0,0,-1.0795115979043288,
fabiana_native8,fabiana,native,8,2,0,ideal_aer,8,fabiana:34,0,0,-1.1174874419104524,
fabiana_native8,fabiana,native,8,2,0,ideal_aer,9,fabiana:168,0,0,-1.0222306523153968,
fabiana_native8,fabiana,native,8,2,0,ideal_aer,10,fabiana:534,0,0,-0.13620501840171795,
fabiana_native8,fabiana,native,8,2,0,ideal_aer,11,fabiana:165,0,0,-1.043057528248493,
fabiana_native8,fabiana,native,8,2,0,ideal_aer,12,fabiana:477,0,0,-1.137889672354318,
fabiana_native8,fabiana,native,8,2,0,ideal_aer,13,fabiana:235,0,0,-0.994328807678663,
fabiana_native8,fabiana,native,8,2,0,ideal_aer,14,fabiana:336,0,0,-1.074305506029504,
fabiana_native8,fabiana,native,8,2,0,ideal_aer,15,fabiana:681,0,0,-1.0882934769679538,
fabiana_native8,fabiana,native,8,2,0,ideal_aer,16,fabiana:925,0,1,0.04386485675492702,
fabiana_native8,fabiana,native,8,2,0,ideal_aer,17,fabiana:834,0,0,-1.0420073806558698,
fabiana_native8,fabiana,native,8,2,0,ideal_aer,18,fabiana:614,0,0,-1.134906070416509,
fabiana_native8,fabiana,native,8,2,0,ideal_aer,19,fabiana:404,0,0,-1.1113841020274196,
fabiana_native8,fabiana,native,8,2,0,ideal_aer,20,fabiana:481,0,1,0.07564482225945701,
fabiana_native8,fabiana,native,8,2,0,ideal_aer,21,fabiana:515,0,0,-1.0763788799309317,
fabiana_native8,fabiana,native,8,2,0,ideal_aer,22,fabiana:341,0,0,-0.966843593675985,
fabiana_native8,fabiana,native,8,2,0,ideal_aer,23,fabiana:4,0,0,-1.1590993560238507,
fabiana_native8,fabiana,native,8,2,0,ideal_aer,24,fabiana:838,0,0,-1.0189832302875925,
fabiana_native8,fabiana,native,8,2,0,ideal_aer,25,fabiana:213,0,0,-0.9905319617654135,
fabiana_native8,fabiana,native,8,2,0,ideal_aer,26,fabiana:37,0,0,-1.098725264825636,
fabiana_native8,fabiana,native,8,2,0,ideal_aer,27,fabiana:1008,0,0,-1.049435920477789,
fabiana_native8,fabiana,native,8,2,0,ideal_aer,28,fabiana:970,0,0,-1.057475460842562,
fabiana_native8,fabiana,native,8,2,0,ideal_aer,29,fabiana:166,0,0,-1.1066621297879733,
fabiana_native8,fabiana,native,8,2,0,ideal_aer,30,fabiana:652,0,0,-1.1082196150916324,
fabiana_native8,fabiana,native,8,2,0,ideal_aer,31,fabiana:224,0,0,-0.9338045551730499,
fabiana_native8,fabiana,native,8,2,0,ideal_aer,32,fabiana:377,0,0,-1.043670110595635,
fabiana_native8,fabiana,native,8,2,0,ideal_aer,33,fabiana:946,0,0,-1.1394741381090299,
fabiana_native8,fabiana,native,8,2,0,ideal_aer,34,fabiana:989,0,0,-1.01963566756937,
fabiana_native8,fabiana,native,8,2,0,ideal_aer,35,fabiana:657,0,0,-1.0293809225870425,
fabiana_native8,fabiana,native,8,2,0,ideal_aer,36,fabiana:343,0,0,-1.031843566720703,
fabiana_native8,fabiana,native,8,2,0,ideal_aer,37,fabiana:284,0,0,-1.1172461398913325,
fabiana_native8,fabiana,native,8,2,0,ideal_aer,38,fabiana:705,0,0,-1.0175599840043716,
fabiana_native8,fabiana,native,8,2,0,ideal_aer,39,fabiana:164,0,0,-1.1497868218121416,
fabiana_native8,fabiana,native,8,2,0,ideal_aer,40,fabiana:91,1,1,0.6681062421318382,
fabiana_native8,fabiana,native,8,2,0,ideal_aer,41,fabiana:88,1,1,1.0187285026655273,
fabiana_native8,fabiana,native,8,2,0,ideal_aer,42,fabiana:886,1,1,1.0365845520235322,
fabiana_native8,fabiana,native,8,2,0,ideal_aer,43,fabiana:529,1,1,0.6935383978196252,
fabiana_native8,fabiana,native,8,2,0,ideal_aer,44,fabiana:1019,1,1,1.0451793452000033,
fabiana_native8,fabiana,native,8,2,0,ideal_aer,45,fabiana:1138,1,1,0.9379714279243907,
fabiana_native8,fabiana,native,8,2,0,ideal_aer,46,fabiana:1014,1,1,0.777855989491822,
fabiana_native8,fabiana,native,8,2,0,ideal_aer,47,fabiana:1016,1,1,1.105750272248211,
fabiana_native8,fabiana,native,8,2,0,ideal_aer,48,fabiana:1045,1,1,0.988824562132506,
fabiana_native8,fabiana,native,8,2,0,ideal_aer,49,fabiana:31,1,1,1.0723951035905437,
fabiana_native8,fabiana,native,8,2,0,ideal_aer,50,fabiana:152,1,1,1.0066742158202087,
fabiana_native8,fabiana,native,8,2,0,ideal_aer,51,fabiana:588,1,1,0.4855403488749907,
fabiana_native8,fabiana,native,8,2,0,ideal_aer,52,fabiana:944,1,1,1.0279326058155263,
fabiana_native8,fabiana,native,8,2,0,ideal_aer,53,fabiana:123,1,1,1.000809591424898,
fabiana_native8,fabiana,native,8,2,0,ideal_aer,54,fabiana:438,1,1,0.9941041372860231,
fabiana_native8,fabiana,native,8,2,0,ideal_aer,55,fabiana:1078,1,1,0.6602995189806116,
fabiana_native8,fabiana,native,8,2,0,ideal_aer,56,fabiana:640,1,1,1.03386961277023,
fabiana_native8,fabiana,native,8,2,0,ideal_aer,57,fabiana:697,1,1,1.045761146996207,
fabiana_native8,fabiana,native,8,2,0,ideal_aer,58,fabiana:524,1,1,0.6267833741497209,
fabiana_native8,fabiana,native,8,2,0,ideal_aer,59,fabiana:405,1,1,0.9730366390536873,
fabiana_native8,fabiana,native,8,2,0,ideal_aer,60,fabiana:475,1,1,0.8463663023628105,
fabiana_native8,fabiana,native,8,2,0,ideal_aer,61,fabiana:538,1,1,0.9675340920058857,
fabiana_native8,fabiana,native,8,2,0,ideal_aer,62,fabiana:244,1,1,0.9329991009025191,
fabiana_native8,fabiana,native,8,2,0,ideal_aer,63,fabiana:298,1,1,0.9757271067063005,
fabiana_native8,fabiana,native,8,2,0,ideal_aer,64,fabiana:109,1,1,0.7140711177956388,
fabiana_native8,fabiana,native,8,2,0,ideal_aer,65,fabiana:753,1,1,0.26484002950493946,
fabiana_native8,fabiana,native,8,2,0,ideal_aer,66,fabiana:544,1,1,0.889535690171658,
fabiana_native8,fabiana,native,8,2,0,ideal_aer,67,fabiana:366,1,1,1.0591391847032934,
fabiana_native8,fabiana,native,8,2,0,ideal_aer,68,fabiana:344,1,1,1.1120752204879172,
fabiana_native8,fabiana,native,8,2,0,ideal_aer,69,fabiana:533,1,1,0.7763526720440787,
fabiana_native8,fabiana,native,8,2,0,ideal_aer,70,fabiana:22,1,1,1.048472475742403,
fabiana_native8,fabiana,native,8,2,0,ideal_aer,71,fabiana:893,1,1,0.7124496085921194,
fabiana_native8,fabiana,native,8,2,0,ideal_aer,72,fabiana:1010,1,1,1.0131926761115733,
fabiana_native8,fabiana,native,8,2,0,ideal_aer,73,fabiana:300,1,1,0.6061334143723147,
fabiana_native8,fabiana,native,8,2,0,ideal_aer,74,fabiana:462,1,1,0.49925144618067874,
fabiana_native8,fabiana,native,8,2,0,ideal_aer,75,fabiana:763,1,1,1.0277839001472386,
fabiana_native8,fabiana,native,8,2,0,ideal_aer,76,fabiana:826,1,0,-1.0661365380445549,
fabiana_native8,fabiana,native,8,2,0,ideal_aer,77,fabiana:680,1,1,0.9720634430763255,
fabiana_native8,fabiana,native,8,2,0,ideal_aer,78,fabiana:61,1,1,0.9234412717158491,
fabiana_native8,fabiana,native,8,2,0,ideal_aer,79,fabiana:456,1,1,1.1060422493319138,
fabiana_native8,fabiana,native,8,2,0,noisy_aer,0,fabiana:539,0,0,-1.116657207691964,
fabiana_native8,fabiana,native,8,2,0,noisy_aer,1,fabiana:465,0,0,-0.7267578970790779,
fabiana_native8,fabiana,native,8,2,0,noisy_aer,2,fabiana:725,0,0,-0.838808039433326,
fabiana_native8,fabiana,native,8,2,0,noisy_aer,3,fabiana:879,0,0,-0.8546567417417331,
fabiana_native8,fabiana,native,8,2,0,noisy_aer,4,fabiana:243,0,0,-0.9628551592489897,
fabiana_native8,fabiana,native,8,2,0,noisy_aer,5,fabiana:552,0,0,-0.942721679394957,
fabiana_native8,fabiana,native,8,2,0,noisy_aer,6,fabiana:1018,0,0,-1.125929278656073,
fabiana_native8,fabiana,native,8,2,0,noisy_aer,7,fabiana:664,0,0,-0.9597184997589697,
fabiana_native8,fabiana,native,8,2,0,noisy_aer,8,fabiana:34,0,0,-1.08047186372211,
fabiana_native8,fabiana,native,8,2,0,noisy_aer,9,fabiana:168,0,0,-1.1448409648173943,
fabiana_native8,fabiana,native,8,2,0,noisy_aer,10,fabiana:534,0,0,-0.13008333740237776,
fabiana_native8,fabiana,native,8,2,0,noisy_aer,11,fabiana:165,0,0,-0.9749630241435784,
fabiana_native8,fabiana,native,8,2,0,noisy_aer,12,fabiana:477,0,0,-1.1508329640797492,
fabiana_native8,fabiana,native,8,2,0,noisy_aer,13,fabiana:235,0,0,-1.0643543746557724,
fabiana_native8,fabiana,native,8,2,0,noisy_aer,14,fabiana:336,0,0,-0.9543795343162126,
fabiana_native8,fabiana,native,8,2,0,noisy_aer,15,fabiana:681,0,0,-1.0696009617124833,
fabiana_native8,fabiana,native,8,2,0,noisy_aer,16,fabiana:925,0,1,0.1142920219102071,
fabiana_native8,fabiana,native,8,2,0,noisy_aer,17,fabiana:834,0,0,-1.027509720409649,
fabiana_native8,fabiana,native,8,2,0,noisy_aer,18,fabiana:614,0,0,-1.157453128152428,
fabiana_native8,fabiana,native,8,2,0,noisy_aer,19,fabiana:404,0,0,-1.1812719335396822,
fabiana_native8,fabiana,native,8,2,0,noisy_aer,20,fabiana:481,0,1,0.11339732344552211,
fabiana_native8,fabiana,native,8,2,0,noisy_aer,21,fabiana:515,0,0,-1.1245621837492625,
fabiana_native8,fabiana,native,8,2,0,noisy_aer,22,fabiana:341,0,0,-1.0321157516590245,
fabiana_native8,fabiana,native,8,2,0,noisy_aer,23,fabiana:4,0,0,-1.1857782609644199,
fabiana_native8,fabiana,native,8,2,0,noisy_aer,24,fabiana:838,0,0,-1.0571321828876212,
fabiana_native8,fabiana,native,8,2,0,noisy_aer,25,fabiana:213,0,0,-1.0676185611744562,
fabiana_native8,fabiana,native,8,2,0,noisy_aer,26,fabiana:37,0,0,-1.0270764146206623,
fabiana_native8,fabiana,native,8,2,0,noisy_aer,27,fabiana:1008,0,0,-0.9298222207562797,
fabiana_native8,fabiana,native,8,2,0,noisy_aer,28,fabiana:970,0,0,-1.0435251795620708,
fabiana_native8,fabiana,native,8,2,0,noisy_aer,29,fabiana:166,0,0,-1.0305934146782345,
fabiana_native8,fabiana,native,8,2,0,noisy_aer,30,fabiana:652,0,0,-1.2020220462265705,
fabiana_native8,fabiana,native,8,2,0,noisy_aer,31,fabiana:224,0,0,-1.0011391083921573,
fabiana_native8,fabiana,native,8,2,0,noisy_aer,32,fabiana:377,0,0,-0.9330024118697743,
fabiana_native8,fabiana,native,8,2,0,noisy_aer,33,fabiana:946,0,0,-1.0849298159524992,
fabiana_native8,fabiana,native,8,2,0,noisy_aer,34,fabiana:989,0,0,-0.8077980546121174,
fabiana_native8,fabiana,native,8,2,0,noisy_aer,35,fabiana:657,0,0,-0.8768173874908013,
fabiana_native8,fabiana,native,8,2,0,noisy_aer,36,fabiana:343,0,0,-0.9112358685543386,
fabiana_native8,fabiana,native,8,2,0,noisy_aer,37,fabiana:284,0,0,-1.089267377795148,
fabiana_native8,fabiana,native,8,2,0,noisy_aer,38,fabiana:705,0,0,-1.0015064567455778,
fabiana_native8,fabiana,native,8,2,0,noisy_aer,39,fabiana:164,0,0,-1.215720979749272,
fabiana_native8,fabiana,native,8,2,0,noisy_aer,40,fabiana:91,1,1,0.6216722020253642,
fabiana_native8,fabiana,native,8,2,0,noisy_aer,41,fabiana:88,1,1,0.981055180212634,
fabiana_native8,fabiana,native,8,2,0,noisy_aer,42,fabiana:886,1,1,0.9797154395378129,
fabiana_native8,fabiana,native,8,2,0,noisy_aer,43,fabiana:529,1,1,0.640352047686049,
fabiana_native8,fabiana,native,8,2,0,noisy_aer,44,fabiana:1019,1,1,0.9574934988665523,
fabiana_native8,fabiana,native,8,2,0,noisy_aer,45,fabiana:1138,1,1,0.8771100846584876,
fabiana_native8,fabiana,native,8,2,0,noisy_aer,46,fabiana:1014,1,1,0.8061968898372055,
fabiana_native8,fabiana,native,8,2,0,noisy_aer,47,fabiana:1016,1,1,0.9647363069474731,
fabiana_native8,fabiana,native,8,2,0,noisy_aer,48,fabiana:1045,1,1,0.8821343567021417,
fabiana_native8,fabiana,native,8,2,0,noisy_aer,49,fabiana:31,1,1,1.0531537916965794,
fabiana_native8,fabiana,native,8,2,0,noisy_aer,50,fabiana:152,1,1,0.9626363008569432,
fabiana_native8,fabiana,native,8,2,0,noisy_aer,51,fabiana:588,1,1,0.32260476414416045,
fabiana_native8,fabiana,native,8,2,0,noisy_aer,52,fabiana:944,1,1,0.9908229928334618,
fabiana_native8,fabiana,native,8,2,0,noisy_aer,53,fabiana:123,1,1,0.9821228933195495,
fabiana_native8,fabiana,native,8,2,0,noisy_aer,54,fabiana:438,1,1,1.0081219657712857,
fabiana_native8,fabiana,native,8,2,0,noisy_aer,55,fabiana:1078,1,1,0.7111838869957701,
fabiana_native8,fabiana,native,8,2,0,noisy_aer,56,fabiana:640,1,1,0.7314992691176665,
fabiana_native8,fabiana,native,8,2,0,noisy_aer,57,fabiana:697,1,1,1.0306006007289525,
fabiana_native8,fabiana,native,8,2,0,noisy_aer,58,fabiana:524,1,1,0.6076578998727363,
fabiana_native8,fabiana,native,8,2,0,noisy_aer,59,fabiana:405,1,1,0.9711429081180787,
fabiana_native8,fabiana,native,8,2,0,noisy_aer,60,fabiana:475,1,1,0.8625775208084893,
fabiana_native8,fabiana,native,8,2,0,noisy_aer,61,fabiana:538,1,1,0.886844493019347,
fabiana_native8,fabiana,native,8,2,0,noisy_aer,62,fabiana:244,1,1,0.8942643611206109,
fabiana_native8,fabiana,native,8,2,0,noisy_aer,63,fabiana:298,1,1,0.9544368696183345,
fabiana_native8,fabiana,native,8,2,0,noisy_aer,64,fabiana:109,1,1,0.6981878114437103,
fabiana_native8,fabiana,native,8,2,0,noisy_aer,65,fabiana:753,1,1,0.2685042276703465,
fabiana_native8,fabiana,native,8,2,0,noisy_aer,66,fabiana:544,1,1,0.902844723321689,
fabiana_native8,fabiana,native,8,2,0,noisy_aer,67,fabiana:366,1,1,1.0429323040311798,
fabiana_native8,fabiana,native,8,2,0,noisy_aer,68,fabiana:344,1,1,0.9731949779496774,
fabiana_native8,fabiana,native,8,2,0,noisy_aer,69,fabiana:533,1,1,0.6383306308232343,
fabiana_native8,fabiana,native,8,2,0,noisy_aer,70,fabiana:22,1,1,1.000425484713979,
fabiana_native8,fabiana,native,8,2,0,noisy_aer,71,fabiana:893,1,1,0.6855898608686228,
fabiana_native8,fabiana,native,8,2,0,noisy_aer,72,fabiana:1010,1,1,0.948546548867043,
fabiana_native8,fabiana,native,8,2,0,noisy_aer,73,fabiana:300,1,1,0.6470294152831191,
fabiana_native8,fabiana,native,8,2,0,noisy_aer,74,fabiana:462,1,1,0.44342973955098386,
fabiana_native8,fabiana,native,8,2,0,noisy_aer,75,fabiana:763,1,1,0.9871529409315415,
fabiana_native8,fabiana,native,8,2,0,noisy_aer,76,fabiana:826,1,0,-1.0961142294528794,
fabiana_native8,fabiana,native,8,2,0,noisy_aer,77,fabiana:680,1,1,1.001782572417014,
fabiana_native8,fabiana,native,8,2,0,noisy_aer,78,fabiana:61,1,1,0.7875228630926193,
fabiana_native8,fabiana,native,8,2,0,noisy_aer,79,fabiana:456,1,1,1.0744638862008782,
fabiana_pca4,fabiana,pca,4,0,0,exact,0,fabiana:591,0,0,-1.1488785321749186,
fabiana_pca4,fabiana,pca,4,0,0,exact,1,fabiana:77,0,0,-1.103485145894644,
fabiana_pca4,fabiana,pca,4,0,0,exact,2,fabiana:742,0,0,-1.1530150828299122,
fabiana_pca4,fabiana,pca,4,0,0,exact,3,fabiana:627,0,0,-0.6903929060780238,
fabiana_pca4,fabiana,pca,4,0,0,exact,4,fabiana:390,0,1,0.6352219781318444,
fabiana_pca4,fabiana,pca,4,0,0,exact,5,fabiana:1063,0,0,-1.100668305695975,
fabiana_pca4,fabiana,pca,4,0,0,exact,6,fabiana:951,0,0,-1.1597243976265164,
fabiana_pca4,fabiana,pca,4,0,0,exact,7,fabiana:723,0,0,-1.0024593963006363,
fabiana_pca4,fabiana,pca,4,0,0,exact,8,fabiana:68,0,0,-1.1531812989491783,
fabiana_pca4,fabiana,pca,4,0,0,exact,9,fabiana:584,0,0,-1.0696084537328159,
fabiana_pca4,fabiana,pca,4,0,0,exact,10,fabiana:618,0,0,-1.0934528516995607,
fabiana_pca4,fabiana,pca,4,0,0,exact,11,fabiana:6,0,0,-1.0937629454052424,
fabiana_pca4,fabiana,pca,4,0,0,exact,12,fabiana:314,0,0,-1.113150234202362,
fabiana_pca4,fabiana,pca,4,0,0,exact,13,fabiana:320,0,0,-1.1029313250672113,
fabiana_pca4,fabiana,pca,4,0,0,exact,14,fabiana:1106,0,0,-1.1534877197491369,
fabiana_pca4,fabiana,pca,4,0,0,exact,15,fabiana:1009,0,0,-1.0623355893980944,
fabiana_pca4,fabiana,pca,4,0,0,exact,16,fabiana:486,0,0,-1.0983844903066746,
fabiana_pca4,fabiana,pca,4,0,0,exact,17,fabiana:837,0,0,-1.1530637179565264,
fabiana_pca4,fabiana,pca,4,0,0,exact,18,fabiana:909,0,0,-0.9938165833894494,
fabiana_pca4,fabiana,pca,4,0,0,exact,19,fabiana:65,0,0,-1.0046120731602155,
fabiana_pca4,fabiana,pca,4,0,0,exact,20,fabiana:353,0,0,-1.001075243229017,
fabiana_pca4,fabiana,pca,4,0,0,exact,21,fabiana:991,0,0,-1.1536397956069724,
fabiana_pca4,fabiana,pca,4,0,0,exact,22,fabiana:756,0,0,-1.001301528120781,
fabiana_pca4,fabiana,pca,4,0,0,exact,23,fabiana:557,0,0,-1.1684845390136422,
fabiana_pca4,fabiana,pca,4,0,0,exact,24,fabiana:589,0,0,-1.0006977224191789,
fabiana_pca4,fabiana,pca,4,0,0,exact,25,fabiana:770,0,0,-1.0805110516891334,
fabiana_pca4,fabiana,pca,4,0,0,exact,26,fabiana:542,0,0,-1.1511454794373859,
fabiana_pca4,fabiana,pca,4,0,0,exact,27,fabiana:516,0,0,-1.0520172807075727,
fabiana_pca4,fabiana,pca,4,0,0,exact,28,fabiana:1112,0,0,-1.1676403821834898,
fabiana_pca4,fabiana,pca,4,0,0,exact,29,fabiana:602,0,0,-1.1691452189294838,
fabiana_pca4,fabiana,pca,4,0,0,exact,30,fabiana:1054,0,0,-1.1538310010827972,
fabiana_pca4,fabiana,pca,4,0,0,exact,31,fabiana:1000,0,0,-1.0024896521480324,
fabiana_pca4,fabiana,pca,4,0,0,exact,32,fabiana:158,0,0,-1.1530240431176222,
fabiana_pca4,fabiana,pca,4,0,0,exact,33,fabiana:441,0,0,-1.151645625708333,
fabiana_pca4,fabiana,pca,4,0,0,exact,34,fabiana:342,0,0,-1.1027702760023481,
fabiana_pca4,fabiana,pca,4,0,0,exact,35,fabiana:803,0,0,-1.153084170361116,
fabiana_pca4,fabiana,pca,4,0,0,exact,36,fabiana:269,0,0,-1.1667070409595437,
fabiana_pca4,fabiana,pca,4,0,0,exact,37,fabiana:1133,0,0,-1.0894781145044385,
fabiana_pca4,fabiana,pca,4,0,0,exact,38,fabiana:210,0,0,-1.0003650364192236,
fabiana_pca4,fabiana,pca,4,0,0,exact,39,fabiana:1038,0,0,-1.1396370724670655,
fabiana_pca4,fabiana,pca,4,0,0,exact,40,fabiana:429,1,1,1.2376297919407366,
fabiana_pca4,fabiana,pca,4,0,0,exact,41,fabiana:1118,1,1,1.1234350729881537,
fabiana_pca4,fabiana,pca,4,0,0,exact,42,fabiana:454,1,1,0.6352219781318444,
fabiana_pca4,fabiana,pca,4,0,0,exact,43,fabiana:487,1,1,1.0598394286845458,
fabiana_pca4,fabiana,pca,4,0,0,exact,44,fabiana:274,1,1,1.150508469042687,
fabiana_pca4,fabiana,pca,4,0,0,exact,45,fabiana:183,1,1,1.1349076308945758,
fabiana_pca4,fabiana,pca,4,0,0,exact,46,fabiana:965,1,1,1.0353555574677136,
fabiana_pca4,fabiana,pca,4,0,0,exact,47,fabiana:830,1,1,1.041200539697851,
fabiana_pca4,fabiana,pca,4,0,0,exact,48,fabiana:911,1,1,0.9549425907324207,
fabiana_pca4,fabiana,pca,4,0,0,exact,49,fabiana:578,1,1,1.0399044556073815,
fabiana_pca4,fabiana,pca,4,0,0,exact,50,fabiana:75,1,0,-1.5342387461104097,
fabiana_pca4,fabiana,pca,4,0,0,exact,51,fabiana:828,1,1,1.0324351937540912,
fabiana_pca4,fabiana,pca,4,0,0,exact,52,fabiana:573,1,1,1.1967962918661499,
fabiana_pca4,fabiana,pca,4,0,0,exact,53,fabiana:722,1,1,0.9896667216114753,
fabiana_pca4,fabiana,pca,4,0,0,exact,54,fabiana:942,1,1,1.0175889337955315,
fabiana_pca4,fabiana,pca,4,0,0,exact,55,fabiana:675,1,1,1.0133316570594215,
fabiana_pca4,fabiana,pca,4,0,0,exact,56,fabiana:365,1,0,-0.9958247899915995,
fabiana_pca4,fabiana,pca,4,0,0,exact,57,fabiana:179,1,1,1.2359932103455828,
fabiana_pca4,fabiana,pca,4,0,0,exact,58,fabiana:661,1,1,1.0504040517226159,
fabiana_pca4,fabiana,pca,4,0,0,exact,59,fabiana:891,1,1,0.7893737072061527,
fabiana_pca4,fabiana,pca,4,0,0,exact,60,fabiana:200,1,1,1.2698455546974272,
fabiana_pca4,fabiana,pca,4,0,0,exact,61,fabiana:550,1,1,0.9679308421370407,
fabiana_pca4,fabiana,pca,4,0,0,exact,62,fabiana:1090,1,1,1.065610541342223,
fabiana_pca4,fabiana,pca,4,0,0,exact,63,fabiana:1036,1,1,1.0024793000969674,
fabiana_pca4,fabiana,pca,4,0,0,exact,64,fabiana:48,1,1,0.9907316103878376,
fabiana_pca4,fabiana,pca,4,0,0,exact,65,fabiana:587,1,1,1.002649698772959,
fabiana_pca4,fabiana,pca,4,0,0,exact,66,fabiana:186,1,1,1.0370807394350157,
fabiana_pca4,fabiana,pca,4,0,0,exact,67,fabiana:492,1,1,1.0209419860035005,
fabiana_pca4,fabiana,pca,4,0,0,exact,68,fabiana:512,1,1,1.0999785864931808,
fabiana_pca4,fabiana,pca,4,0,0,exact,69,fabiana:835,1,1,1.0217971000985928,
fabiana_pca4,fabiana,pca,4,0,0,exact,70,fabiana:790,1,1,0.6352219781318444,
fabiana_pca4,fabiana,pca,4,0,0,exact,71,fabiana:700,1,1,0.2524641032180892,
fabiana_pca4,fabiana,pca,4,0,0,exact,72,fabiana:668,1,0,-1.0587045460805942,
fabiana_pca4,fabiana,pca,4,0,0,exact,73,fabiana:842,1,1,0.9849149642416839,
fabiana_pca4,fabiana,pca,4,0,0,exact,74,fabiana:205,1,1,1.0323882512720566,
fabiana_pca4,fabiana,pca,4,0,0,exact,75,fabiana:222,1,1,1.0425216799876782,
fabiana_pca4,fabiana,pca,4,0,0,exact,76,fabiana:402,1,1,1.0093425994286167,
fabiana_pca4,fabiana,pca,4,0,0,exact,77,fabiana:141,1,1,0.9975103474564567,
fabiana_pca4,fabiana,pca,4,0,0,exact,78,fabiana:116,1,1,1.0365188286266354,
fabiana_pca4,fabiana,pca,4,0,0,exact,79,fabiana:117,1,0,-0.6969338373652254,
fabiana_pca4,fabiana,pca,4,0,0,ideal_aer,0,fabiana:591,0,0,-1.179084040218895,
fabiana_pca4,fabiana,pca,4,0,0,ideal_aer,1,fabiana:77,0,0,-1.3135944243964963,
fabiana_pca4,fabiana,pca,4,0,0,ideal_aer,2,fabiana:742,0,0,-1.1944104882002837,
fabiana_pca4,fabiana,pca,4,0,0,ideal_aer,3,fabiana:627,0,0,-0.6840328818461071,
fabiana_pca4,fabiana,pca,4,0,0,ideal_aer,4,fabiana:390,0,1,0.6026017481236681,
fabiana_pca4,fabiana,pca,4,0,0,ideal_aer,5,fabiana:1063,0,0,-1.2678175666415976,
fabiana_pca4,fabiana,pca,4,0,0,ideal_aer,6,fabiana:951,0,0,-1.268094178680292,
fabiana_pca4,fabiana,pca,4,0,0,ideal_aer,7,fabiana:723,0,0,-1.0744524330787129,
fabiana_pca4,fabiana,pca,4,0,0,ideal_aer,8,fabiana:68,0,0,-1.272260385412653,
fabiana_pca4,fabiana,pca,4,0,0,ideal_aer,9,fabiana:584,0,0,-1.1149852726370497,
fabiana_pca4,fabiana,pca,4,0,0,ideal_aer,10,fabiana:618,0,0,-1.2908013176498065,
fabiana_pca4,fabiana,pca,4,0,0,ideal_aer,11,fabiana:6,0,0,-1.2940716464589856,
fabiana_pca4,fabiana,pca,4,0,0,ideal_aer,12,fabiana:314,0,0,-1.3077255884045105,
fabiana_pca4,fabiana,pca,4,0,0,ideal_aer,13,fabiana:320,0,0,-1.2366916533929504,
fabiana_pca4,fabiana,pca,4,0,0,ideal_aer,14,fabiana:1106,0,0,-1.14998830543174,
fabiana_pca4,fabiana,pca,4,0,0,ideal_aer,15,fabiana:1009,0,0,-1.179210564368058,
fabiana_pca4,fabiana,pca,4,0,0,ideal_aer,16,fabiana:486,0,0,-1.112119107141552,
fabiana_pca4,fabiana,pca,4,0,0,ideal_aer,17,fabiana:837,0,0,-1.1505913805984345,
fabiana_pca4,fabiana,pca,4,0,0,ideal_aer,18,fabiana:909,0,0,-1.1231910529889468,
fabiana_pca4,fabiana,pca,4,0,0,ideal_aer,19,fabiana:65,0,0,-1.2465104360940344,
fabiana_pca4,fabiana,pca,4,0,0,ideal_aer,20,fabiana:353,0,0,-0.9999793137977285,
fabiana_pca4,fabiana,pca,4,0,0,ideal_aer,21,fabiana:991,0,0,-1.2562755974439566,
fabiana_pca4,fabiana,pca,4,0,0,ideal_aer,22,fabiana:756,0,0,-1.11213604243056,
fabiana_pca4,fabiana,pca,4,0,0,ideal_aer,23,fabiana:557,0,0,-1.4223070505816824,
fabiana_pca4,fabiana,pca,4,0,0,ideal_aer,24,fabiana:589,0,0,-1.1607842786667462,
fabiana_pca4,fabiana,pca,4,0,0,ideal_aer,25,fabiana:770,0,0,-1.2513392248988517,
fabiana_pca4,fabiana,pca,4,0,0,ideal_aer,26,fabiana:542,0,0,-1.2035766287057394,
fabiana_pca4,fabiana,pca,4,0,0,ideal_aer,27,fabiana:516,0,0,-1.168145590511775,
fabiana_pca4,fabiana,pca,4,0,0,ideal_aer,28,fabiana:1112,0,0,-1.2766089204189828,
fabiana_pca4,fabiana,pca,4,0,0,ideal_aer,29,fabiana:602,0,0,-1.2165923297246821,
fabiana_pca4,fabiana,pca,4,0,0,ideal_aer,30,fabiana:1054,0,0,-1.178249302144796,
fabiana_pca4,fabiana,pca,4,0,0,ideal_aer,31,fabiana:1000,0,0,-1.067986191738234,
fabiana_pca4,fabiana,pca,4,0,0,ideal_aer,32,fabiana:158,0,0,-1.2668018412017217,
fabiana_pca4,fabiana,pca,4,0,0,ideal_aer,33,fabiana:441,0,0,-1.2972946475798222,
fabiana_pca4,fabiana,pca,4,0,0,ideal_aer,34,fabiana:342,0,0,-1.1667909944608446,
fabiana_pca4,fabiana,pca,4,0,0,ideal_aer,35,fabiana:803,0,0,-1.1704724413113383,
fabiana_pca4,fabiana,pca,4,0,0,ideal_aer,36,fabiana:269,0,0,-1.2288121630761362,
fabiana_pca4,fabiana,pca,4,0,0,ideal_aer,37,fabiana:1133,0,0,-1.1990665860274436,
fabiana_pca4,fabiana,pca,4,0,0,ideal_aer,38,fabiana:210,0,0,-1.102817224119578,
fabiana_pca4,fabiana,pca,4,0,0,ideal_aer,39,fabiana:1038,0,0,-1.1974641403831776,
fabiana_pca4,fabiana,pca,4,0,0,ideal_aer,40,fabiana:429,1,1,1.2629502134907034,
fabiana_pca4,fabiana,pca,4,0,0,ideal_aer,41,fabiana:1118,1,1,1.233727374993793,
fabiana_pca4,fabiana,pca,4,0,0,ideal_aer,42,fabiana:454,1,1,0.6311740469397746,
fabiana_pca4,fabiana,pca,4,0,0,ideal_aer,43,fabiana:487,1,1,1.1423131537326492,
fabiana_pca4,fabiana,pca,4,0,0,ideal_aer,44,fabiana:274,1,1,1.0493125341723935,
fabiana_pca4,fabiana,pca,4,0,0,ideal_aer,45,fabiana:183,1,1,1.1579883526806976,
fabiana_pca4,fabiana,pca,4,0,0,ideal_aer,46,fabiana:965,1,1,0.987943443197885,
fabiana_pca4,fabiana,pca,4,0,0,ideal_aer,47,fabiana:830,1,1,1.0510695074098673,
fabiana_pca4,fabiana,pca,4,0,0,ideal_aer,48,fabiana:911,1,1,1.013772475755976,
fabiana_pca4,fabiana,pca,4,0,0,ideal_aer,49,fabiana:578,1,1,1.0375444526108681,
fabiana_pca4,fabiana,pca,4,0,0,ideal_aer,50,fabiana:75,1,0,-1.7784499163116188,
fabiana_pca4,fabiana,pca,4,0,0,ideal_aer,51,fabiana:828,1,1,1.0658182208781244,
fabiana_pca4,fabiana,pca,4,0,0,ideal_aer,52,fabiana:573,1,1,1.1032265098084766,
fabiana_pca4,fabiana,pca,4,0,0,ideal_aer,53,fabiana:722,1,1,1.0600814076752578,
fabiana_pca4,fabiana,pca,4,0,0,ideal_aer,54,fabiana:942,1,1,0.9580895315807612,
fabiana_pca4,fabiana,pca,4,0,0,ideal_aer,55,fabiana:675,1,1,0.9238109726362373,
fabiana_pca4,fabiana,pca,4,0,0,ideal_aer,56,fabiana:365,1,0,-1.051917746239806,
fabiana_pca4,fabiana,pca,4,0,0,ideal_aer,57,fabiana:179,1,1,1.1102711647033694,
fabiana_pca4,fabiana,pca,4,0,0,ideal_aer,58,fabiana:661,1,1,1.0062093042661262,
fabiana_pca4,fabiana,pca,4,0,0,ideal_aer,59,fabiana:891,1,1,0.7647200313777943,
fabiana_pca4,fabiana,pca,4,0,0,ideal_aer,60,fabiana:200,1,1,1.2947144480187234,
fabiana_pca4,fabiana,pca,4,0,0,ideal_aer,61,fabiana:550,1,1,0.89903429083859,
fabiana_pca4,fabiana,pca,4,0,0,ideal_aer,62,fabiana:1090,1,1,1.0489830239573168,
fabiana_pca4,fabiana,pca,4,0,0,ideal_aer,63,fabiana:1036,1,1,0.9668238424608839,
fabiana_pca4,fabiana,pca,4,0,0,ideal_aer,64,fabiana:48,1,1,0.9393457337655127,
fabiana_pca4,fabiana,pca,4,0,0,ideal_aer,65,fabiana:587,1,1,0.9408552390917269,
fabiana_pca4,fabiana,pca,4,0,0,ideal_aer,66,fabiana:186,1,1,1.0747651425765476,
fabiana_pca4,fabiana,pca,4,0,0,ideal_aer,67,fabiana:492,1,1,0.9577568426808611,
fabiana_pca4,fabiana,pca,4,0,0,ideal_aer,68,fabiana:512,1,1,1.1327513468635013,
fabiana_pca4,fabiana,pca,4,0,0,ideal_aer,69,fabiana:835,1,1,0.9989487151375638,
fabiana_pca4,fabiana,pca,4,0,0,ideal_aer,70,fabiana:790,1,1,0.6217577072877313,
fabiana_pca4,fabiana,pca,4,0,0,ideal_aer,71,fabiana:700,1,1,0.3145109585611964,
fabiana_pca4,fabiana,pca,4,0,0,ideal_aer,72,fabiana:668,1,0,-1.2903055180923841,
fabiana_pca4,fabiana,pca,4,0,0,ideal_aer,73,fabiana:842,1,1,1.0136632502073042,
fabiana_pca4,fabiana,pca,4,0,0,ideal_aer,74,fabiana:205,1,1,1.064637834726832,
fabiana_pca4,fabiana,pca,4,0,0,ideal_aer,75,fabiana:222,1,1,1.0859633543557443,
fabiana_pca4,fabiana,pca,4,0,0,ideal_aer,76,fabiana:402,1,1,0.9819256329708412,
fabiana_pca4,fabiana,pca,4,0,0,ideal_aer,77,fabiana:141,1,1,0.9337455402060747,
fabiana_pca4,fabiana,pca,4,0,0,ideal_aer,78,fabiana:116,1,1,1.0104890814738694,
fabiana_pca4,fabiana,pca,4,0,0,ideal_aer,79,fabiana:117,1,0,-0.8336466454473835,
fabiana_pca4,fabiana,pca,4,0,0,noisy_aer,0,fabiana:591,0,0,-1.1108311434525762,
fabiana_pca4,fabiana,pca,4,0,0,noisy_aer,1,fabiana:77,0,0,-1.0903389513249078,
fabiana_pca4,fabiana,pca,4,0,0,noisy_aer,2,fabiana:742,0,0,-1.1273400529337168,
fabiana_pca4,fabiana,pca,4,0,0,noisy_aer,3,fabiana:627,0,0,-0.7872750034654673,
fabiana_pca4,fabiana,pca,4,0,0,noisy_aer,4,fabiana:390,0,1,0.6606941649190169,
fabiana_pca4,fabiana,pca,4,0,0,noisy_aer,5,fabiana:1063,0,0,-1.128191375429492,
fabiana_pca4,fabiana,pca,4,0,0,noisy_aer,6,fabiana:951,0,0,-1.1866935106675314,
fabiana_pca4,fabiana,pca,4,0,0,noisy_aer,7,fabiana:723,0,0,-1.0951678712547719,
fabiana_pca4,fabiana,pca,4,0,0,noisy_aer,8,fabiana:68,0,0,-1.1902843494490218,
fabiana_pca4,fabiana,pca,4,0,0,noisy_aer,9,fabiana:584,0,0,-1.0965041410048117,
fabiana_pca4,fabiana,pca,4,0,0,noisy_aer,10,fabiana:618,0,0,-1.0113327330388762,
fabiana_pca4,fabiana,pca,4,0,0,noisy_aer,11,fabiana:6,0,0,-1.1186773198665665,
fabiana_pca4,fabiana,pca,4,0,0,noisy_aer,12,fabiana:314,0,0,-1.2027008041014824,
fabiana_pca4,fabiana,pca,4,0,0,noisy_aer,13,fabiana:320,0,0,-1.0624106268057307,
fabiana_pca4,fabiana,pca,4,0,0,noisy_aer,14,fabiana:1106,0,0,-1.1508463506772908,
fabiana_pca4,fabiana,pca,4,0,0,noisy_aer,15,fabiana:1009,0,0,-1.185403534000582,
fabiana_pca4,fabiana,pca,4,0,0,noisy_aer,16,fabiana:486,0,0,-1.160640904375422,
fabiana_pca4,fabiana,pca,4,0,0,noisy_aer,17,fabiana:837,0,0,-1.1284581513456473,
fabiana_pca4,fabiana,pca,4,0,0,noisy_aer,18,fabiana:909,0,0,-1.0298475442919344,
fabiana_pca4,fabiana,pca,4,0,0,noisy_aer,19,fabiana:65,0,0,-1.0347219097451195,
fabiana_pca4,fabiana,pca,4,0,0,noisy_aer,20,fabiana:353,0,0,-1.2153541307173694,
fabiana_pca4,fabiana,pca,4,0,0,noisy_aer,21,fabiana:991,0,0,-1.2482107925951347,
fabiana_pca4,fabiana,pca,4,0,0,noisy_aer,22,fabiana:756,0,0,-0.9830371841359519,
fabiana_pca4,fabiana,pca,4,0,0,noisy_aer,23,fabiana:557,0,0,-1.1395173411244923,
fabiana_pca4,fabiana,pca,4,0,0,noisy_aer,24,fabiana:589,0,0,-1.0657943083050276,
fabiana_pca4,fabiana,pca,4,0,0,noisy_aer,25,fabiana:770,0,0,-1.1114153079323423,
fabiana_pca4,fabiana,pca,4,0,0,noisy_aer,26,fabiana:542,0,0,-1.1820610910652496,
fabiana_pca4,fabiana,pca,4,0,0,noisy_aer,27,fabiana:516,0,0,-1.045835135616278,
fabiana_pca4,fabiana,pca,4,0,0,noisy_aer,28,fabiana:1112,0,0,-1.0712767650507775,
fabiana_pca4,fabiana,pca,4,0,0,noisy_aer,29,fabiana:602,0,0,-1.1527979708076903,
fabiana_pca4,fabiana,pca,4,0,0,noisy_aer,30,fabiana:1054,0,0,-1.222021932116832,
fabiana_pca4,fabiana,pca,4,0,0,noisy_aer,31,fabiana:1000,0,0,-1.0401403506520368,
fabiana_pca4,fabiana,pca,4,0,0,noisy_aer,32,fabiana:158,0,0,-1.0668090016781022,
fabiana_pca4,fabiana,pca,4,0,0,noisy_aer,33,fabiana:441,0,0,-1.2551188300537488,
fabiana_pca4,fabiana,pca,4,0,0,noisy_aer,34,fabiana:342,0,0,-1.1354512209086187,
fabiana_pca4,fabiana,pca,4,0,0,noisy_aer,35,fabiana:803,0,0,-1.173570907116828,
fabiana_pca4,fabiana,pca,4,0,0,noisy_aer,36,fabiana:269,0,0,-1.0778782129115703,
fabiana_pca4,fabiana,pca,4,0,0,noisy_aer,37,fabiana:1133,0,0,-1.0344022726165232,
fabiana_pca4,fabiana,pca,4,0,0,noisy_aer,38,fabiana:210,0,0,-1.183179782325583,
fabiana_pca4,fabiana,pca,4,0,0,noisy_aer,39,fabiana:1038,0,0,-1.2686138279471217,
fabiana_pca4,fabiana,pca,4,0,0,noisy_aer,40,fabiana:429,1,1,1.2245336021534685,
fabiana_pca4,fabiana,pca,4,0,0,noisy_aer,41,fabiana:1118,1,1,1.1250764419342243,
fabiana_pca4,fabiana,pca,4,0,0,noisy_aer,42,fabiana:454,1,1,0.5981535219188328,
fabiana_pca4,fabiana,pca,4,0,0,noisy_aer,43,fabiana:487,1,1,0.989403151133736,
fabiana_pca4,fabiana,pca,4,0,0,noisy_aer,44,fabiana:274,1,1,1.1442716337495378,
fabiana_pca4,fabiana,pca,4,0,0,noisy_aer,45,fabiana:183,1,1,1.0965270534885159,
fabiana_pca4,fabiana,pca,4,0,0,noisy_aer,46,fabiana:965,1,1,0.9577490546120336,
fabiana_pca4,fabiana,pca,4,0,0,noisy_aer,47,fabiana:830,1,1,1.0776816013888766,
fabiana_pca4,fabiana,pca,4,0,0,noisy_aer,48,fabiana:911,1,1,0.9478135302726067,
fabiana_pca4,fabiana,pca,4,0,0,noisy_aer,49,fabiana:578,1,1,1.0934488216817044,
fabiana_pca4,fabiana,pca,4,0,0,noisy_aer,50,fabiana:75,1,0,-1.5376356489146676,
fabiana_pca4,fabiana,pca,4,0,0,noisy_aer,51,fabiana:828,1,1,0.9158053165712138,
fabiana_pca4,fabiana,pca,4,0,0,noisy_aer,52,fabiana:573,1,1,1.177534818996306,
fabiana_pca4,fabiana,pca,4,0,0,noisy_aer,53,fabiana:722,1,1,0.9714379902764522,
fabiana_pca4,fabiana,pca,4,0,0,noisy_aer,54,fabiana:942,1,1,0.9898806585915264,
fabiana_pca4,fabiana,pca,4,0,0,noisy_aer,55,fabiana:675,1,1,1.0063148100489232,
fabiana_pca4,fabiana,pca,4,0,0,noisy_aer,56,fabiana:365,1,0,-1.0624315899517711,
fabiana_pca4,fabiana,pca,4,0,0,noisy_aer,57,fabiana:179,1,1,1.182552048631297,
fabiana_pca4,fabiana,pca,4,0,0,noisy_aer,58,fabiana:661,1,1,1.0246107002530012,
fabiana_pca4,fabiana,pca,4,0,0,noisy_aer,59,fabiana:891,1,1,0.728565738327972,
fabiana_pca4,fabiana,pca,4,0,0,noisy_aer,60,fabiana:200,1,1,1.2810657624554986,
fabiana_pca4,fabiana,pca,4,0,0,noisy_aer,61,fabiana:550,1,1,0.9584635589475524,
fabiana_pca4,fabiana,pca,4,0,0,noisy_aer,62,fabiana:1090,1,1,1.008213793122131,
fabiana_pca4,fabiana,pca,4,0,0,noisy_aer,63,fabiana:1036,1,1,0.9843946771694665,
fabiana_pca4,fabiana,pca,4,0,0,noisy_aer,64,fabiana:48,1,1,0.9908350948888309,
fabiana_pca4,fabiana,pca,4,0,0,noisy_aer,65,fabiana:587,1,1,0.9833888577029279,
fabiana_pca4,fabiana,pca,4,0,0,noisy_aer,66,fabiana:186,1,1,1.0185398418453036,
fabiana_pca4,fabiana,pca,4,0,0,noisy_aer,67,fabiana:492,1,1,0.9776580945644947,
fabiana_pca4,fabiana,pca,4,0,0,noisy_aer,68,fabiana:512,1,1,1.069684095272641,
fabiana_pca4,fabiana,pca,4,0,0,noisy_aer,69,fabiana:835,1,1,1.0381501353308613,
fabiana_pca4,fabiana,pca,4,0,0,noisy_aer,70,fabiana:790,1,1,0.6064442051079105,
fabiana_pca4,fabiana,pca,4,0,0,noisy_aer,71,fabiana:700,1,1,0.27245645174075583,
fabiana_pca4,fabiana,pca,4,0,0,noisy_aer,72,fabiana:668,1,0,-1.0763875952113091,
fabiana_pca4,fabiana,pca,4,0,0,noisy_aer,73,fabiana:842,1,1,0.9621305440424892,
fabiana_pca4,fabiana,pca,4,0,0,noisy_aer,74,fabiana:205,1,1,1.0310688213366426,
fabiana_pca4,fabiana,pca,4,0,0,noisy_aer,75,fabiana:222,1,1,1.0109322324303223,
fabiana_pca4,fabiana,pca,4,0,0,noisy_aer,76,fabiana:402,1,1,0.9836973535002606,
fabiana_pca4,fabiana,pca,4,0,0,noisy_aer,77,fabiana:141,1,1,0.9715210649926792,
fabiana_pca4,fabiana,pca,4,0,0,noisy_aer,78,fabiana:116,1,1,1.0917797292992046,
fabiana_pca4,fabiana,pca,4,0,0,noisy_aer,79,fabiana:117,1,0,-0.9157730479591933,
fabiana_pca4,fabiana,pca,4,1,0,exact,0,fabiana:291,0,0,-1.230238900854809,
fabiana_pca4,fabiana,pca,4,1,0,exact,1,fabiana:530,0,0,-0.3016889654925309,
fabiana_pca4,fabiana,pca,4,1,0,exact,2,fabiana:102,0,0,-0.5806863632828977,
fabiana_pca4,fabiana,pca,4,1,0,exact,3,fabiana:504,0,0,-1.2279963055351706,
fabiana_pca4,fabiana,pca,4,1,0,exact,4,fabiana:938,0,0,-1.091192945240694,
fabiana_pca4,fabiana,pca,4,1,0,exact,5,fabiana:0,0,0,-1.0167529082114206,
fabiana_pca4,fabiana,pca,4,1,0,exact,6,fabiana:1085,0,1,1.338711267057473,
fabiana_pca4,fabiana,pca,4,1,0,exact,7,fabiana:318,0,0,-0.9361233375070342,
fabiana_pca4,fabiana,pca,4,1,0,exact,8,fabiana:703,0,0,-1.00948764579101,
fabiana_pca4,fabiana,pca,4,1,0,exact,9,fabiana:445,0,0,-1.1471090738844802,
fabiana_pca4,fabiana,pca,4,1,0,exact,10,fabiana:874,0,0,-0.9765097153191172,
fabiana_pca4,fabiana,pca,4,1,0,exact,11,fabiana:369,0,0,-1.2323133131735813,
fabiana_pca4,fabiana,pca,4,1,0,exact,12,fabiana:172,0,0,-0.7402578412946587,
fabiana_pca4,fabiana,pca,4,1,0,exact,13,fabiana:1004,0,0,-1.0191082574121548,
fabiana_pca4,fabiana,pca,4,1,0,exact,14,fabiana:192,0,0,-1.0182694970504218,
fabiana_pca4,fabiana,pca,4,1,0,exact,15,fabiana:809,0,0,-1.2283528100819536,
fabiana_pca4,fabiana,pca,4,1,0,exact,16,fabiana:939,0,0,-0.9751782546468487,
fabiana_pca4,fabiana,pca,4,1,0,exact,17,fabiana:394,0,0,-1.0233733460050698,
fabiana_pca4,fabiana,pca,4,1,0,exact,18,fabiana:111,0,0,-1.2177836585855961,
fabiana_pca4,fabiana,pca,4,1,0,exact,19,fabiana:1121,0,0,-0.9751363709089303,
fabiana_pca4,fabiana,pca,4,1,0,exact,20,fabiana:1155,0,0,-1.2232423915548418,
fabiana_pca4,fabiana,pca,4,1,0,exact,21,fabiana:937,0,0,-1.0178074036852527,
fabiana_pca4,fabiana,pca,4,1,0,exact,22,fabiana:215,0,0,-1.1886477544129366,
fabiana_pca4,fabiana,pca,4,1,0,exact,23,fabiana:719,0,0,-1.02309879164316,
fabiana_pca4,fabiana,pca,4,1,0,exact,24,fabiana:1145,0,0,-0.9831987748834371,
fabiana_pca4,fabiana,pca,4,1,0,exact,25,fabiana:812,0,0,-1.0080280912509947,
fabiana_pca4,fabiana,pca,4,1,0,exact,26,fabiana:66,0,0,-0.978162302131448,
fabiana_pca4,fabiana,pca,4,1,0,exact,27,fabiana:17,0,0,-1.021485255778567,
fabiana_pca4,fabiana,pca,4,1,0,exact,28,fabiana:1034,0,0,-1.003878556443968,
fabiana_pca4,fabiana,pca,4,1,0,exact,29,fabiana:794,0,0,-1.216819094187346,
fabiana_pca4,fabiana,pca,4,1,0,exact,30,fabiana:797,0,0,-1.2290321552481966,
fabiana_pca4,fabiana,pca,4,1,0,exact,31,fabiana:967,0,0,-1.2132359249992954,
fabiana_pca4,fabiana,pca,4,1,0,exact,32,fabiana:1024,0,0,-0.04991831100519273,
fabiana_pca4,fabiana,pca,4,1,0,exact,33,fabiana:579,0,0,-1.2412311639840796,
fabiana_pca4,fabiana,pca,4,1,0,exact,34,fabiana:649,0,0,-1.019812630773079,
fabiana_pca4,fabiana,pca,4,1,0,exact,35,fabiana:551,0,0,-1.231785091764793,
fabiana_pca4,fabiana,pca,4,1,0,exact,36,fabiana:395,0,0,-1.0333078427992017,
fabiana_pca4,fabiana,pca,4,1,0,exact,37,fabiana:1122,0,0,-1.011799502896161,
fabiana_pca4,fabiana,pca,4,1,0,exact,38,fabiana:639,0,0,-1.231052488997904,
fabiana_pca4,fabiana,pca,4,1,0,exact,39,fabiana:662,0,1,1.0203889111233968,
fabiana_pca4,fabiana,pca,4,1,0,exact,40,fabiana:806,1,1,1.3909239915173424,
fabiana_pca4,fabiana,pca,4,1,0,exact,41,fabiana:558,1,1,0.9976193930801867,
fabiana_pca4,fabiana,pca,4,1,0,exact,42,fabiana:871,1,1,1.209019310285869,
fabiana_pca4,fabiana,pca,4,1,0,exact,43,fabiana:656,1,1,0.8821682524126102,
fabiana_pca4,fabiana,pca,4,1,0,exact,44,fabiana:98,1,1,0.9975420610928409,
fabiana_pca4,fabiana,pca,4,1,0,exact,45,fabiana:316,1,1,0.9665745477360002,
fabiana_pca4,fabiana,pca,4,1,0,exact,46,fabiana:101,1,1,0.5628553344622779,
fabiana_pca4,fabiana,pca,4,1,0,exact,47,fabiana:278,1,1,1.0019199888558967,
fabiana_pca4,fabiana,pca,4,1,0,exact,48,fabiana:211,1,1,1.4562174932650296,
fabiana_pca4,fabiana,pca,4,1,0,exact,49,fabiana:1057,1,1,1.030634796950058,
fabiana_pca4,fabiana,pca,4,1,0,exact,50,fabiana:142,1,1,0.8230347585990411,
fabiana_pca4,fabiana,pca,4,1,0,exact,51,fabiana:853,1,1,1.3078367387350442,
fabiana_pca4,fabiana,pca,4,1,0,exact,52,fabiana:611,1,1,0.8011310568660371,
fabiana_pca4,fabiana,pca,4,1,0,exact,53,fabiana:264,1,1,0.8230347585990411,
fabiana_pca4,fabiana,pca,4,1,0,exact,54,fabiana:297,1,1,0.7860913154108273,
fabiana_pca4,fabiana,pca,4,1,0,exact,55,fabiana:892,1,1,0.8230347585990411,
fabiana_pca4,fabiana,pca,4,1,0,exact,56,fabiana:768,1,1,1.1324491614910437,
fabiana_pca4,fabiana,pca,4,1,0,exact,57,fabiana:721,1,1,0.8683990855932578,
fabiana_pca4,fabiana,pca,4,1,0,exact,58,fabiana:129,1,1,1.0066987672319052,
fabiana_pca4,fabiana,pca,4,1,0,exact,59,fabiana:654,1,0,-0.36884119259465675,
fabiana_pca4,fabiana,pca,4,1,0,exact,60,fabiana:391,1,1,1.0810605948003333,
fabiana_pca4,fabiana,pca,4,1,0,exact,61,fabiana:107,1,0,-0.45083612294628705,
fabiana_pca4,fabiana,pca,4,1,0,exact,62,fabiana:590,1,1,0.8683990855932578,
fabiana_pca4,fabiana,pca,4,1,0,exact,63,fabiana:108,1,1,1.1719690619673806,
fabiana_pca4,fabiana,pca,4,1,0,exact,64,fabiana:560,1,1,1.193596333799897,
fabiana_pca4,fabiana,pca,4,1,0,exact,65,fabiana:358,1,1,0.3167202579154569,
fabiana_pca4,fabiana,pca,4,1,0,exact,66,fabiana:330,1,1,0.6238897664667246,
fabiana_pca4,fabiana,pca,4,1,0,exact,67,fabiana:743,1,1,1.249878362421033,
fabiana_pca4,fabiana,pca,4,1,0,exact,68,fabiana:178,1,0,-0.002406764287286589,
fabiana_pca4,fabiana,pca,4,1,0,exact,69,fabiana:299,1,1,0.6985712200133991,
fabiana_pca4,fabiana,pca,4,1,0,exact,70,fabiana:136,1,1,1.0057007362426784,
fabiana_pca4,fabiana,pca,4,1,0,exact,71,fabiana:169,1,1,1.4299930440720248,
fabiana_pca4,fabiana,pca,4,1,0,exact,72,fabiana:332,1,1,0.16563635484655514,
fabiana_pca4,fabiana,pca,4,1,0,exact,73,fabiana:241,1,1,0.5371074419574967,
fabiana_pca4,fabiana,pca,4,1,0,exact,74,fabiana:606,1,1,1.0044347050242772,
fabiana_pca4,fabiana,pca,4,1,0,exact,75,fabiana:1,1,1,1.1808708848879734,
fabiana_pca4,fabiana,pca,4,1,0,exact,76,fabiana:23,1,1,1.049345681981534,
fabiana_pca4,fabiana,pca,4,1,0,exact,77,fabiana:45,1,1,1.1077111949490084,
fabiana_pca4,fabiana,pca,4,1,0,exact,78,fabiana:262,1,1,1.0084465700302006,
fabiana_pca4,fabiana,pca,4,1,0,exact,79,fabiana:774,1,1,1.264889949094223,
fabiana_pca4,fabiana,pca,4,1,0,ideal_aer,0,fabiana:291,0,0,-1.2798389714719705,
fabiana_pca4,fabiana,pca,4,1,0,ideal_aer,1,fabiana:530,0,0,-0.2360348934879153,
fabiana_pca4,fabiana,pca,4,1,0,ideal_aer,2,fabiana:102,0,0,-0.4264276461052643,
fabiana_pca4,fabiana,pca,4,1,0,ideal_aer,3,fabiana:504,0,0,-1.244307414581132,
fabiana_pca4,fabiana,pca,4,1,0,ideal_aer,4,fabiana:938,0,0,-1.2237885293536637,
fabiana_pca4,fabiana,pca,4,1,0,ideal_aer,5,fabiana:0,0,0,-1.1786048650905376,
fabiana_pca4,fabiana,pca,4,1,0,ideal_aer,6,fabiana:1085,0,1,1.477987310823239,
fabiana_pca4,fabiana,pca,4,1,0,ideal_aer,7,fabiana:318,0,0,-1.1052468331824412,
fabiana_pca4,fabiana,pca,4,1,0,ideal_aer,8,fabiana:703,0,0,-1.0284337678197035,
fabiana_pca4,fabiana,pca,4,1,0,ideal_aer,9,fabiana:445,0,0,-1.3495088061069518,
fabiana_pca4,fabiana,pca,4,1,0,ideal_aer,10,fabiana:874,0,0,-0.9619589852107415,
fabiana_pca4,fabiana,pca,4,1,0,ideal_aer,11,fabiana:369,0,0,-1.410556915946943,
fabiana_pca4,fabiana,pca,4,1,0,ideal_aer,12,fabiana:172,0,0,-0.7743047997307084,
fabiana_pca4,fabiana,pca,4,1,0,ideal_aer,13,fabiana:1004,0,0,-1.2747584804667607,
fabiana_pca4,fabiana,pca,4,1,0,ideal_aer,14,fabiana:192,0,0,-1.2252351076095371,
fabiana_pca4,fabiana,pca,4,1,0,ideal_aer,15,fabiana:809,0,0,-1.3241738125681264,
fabiana_pca4,fabiana,pca,4,1,0,ideal_aer,16,fabiana:939,0,0,-0.9788534337171957,
fabiana_pca4,fabiana,pca,4,1,0,ideal_aer,17,fabiana:394,0,0,-1.2697031607476152,
fabiana_pca4,fabiana,pca,4,1,0,ideal_aer,18,fabiana:111,0,0,-1.5147020423060666,
fabiana_pca4,fabiana,pca,4,1,0,ideal_aer,19,fabiana:1121,0,0,-1.1567287469708214,
fabiana_pca4,fabiana,pca,4,1,0,ideal_aer,20,fabiana:1155,0,0,-1.3114578527257266,
fabiana_pca4,fabiana,pca,4,1,0,ideal_aer,21,fabiana:937,0,0,-0.9884463743068599,
fabiana_pca4,fabiana,pca,4,1,0,ideal_aer,22,fabiana:215,0,0,-1.4199906439674919,
fabiana_pca4,fabiana,pca,4,1,0,ideal_aer,23,fabiana:719,0,0,-1.0998292668726812,
fabiana_pca4,fabiana,pca,4,1,0,ideal_aer,24,fabiana:1145,0,0,-0.9745361121972766,
fabiana_pca4,fabiana,pca,4,1,0,ideal_aer,25,fabiana:812,0,0,-1.17442684206189,
fabiana_pca4,fabiana,pca,4,1,0,ideal_aer,26,fabiana:66,0,0,-1.0662040848136007,
fabiana_pca4,fabiana,pca,4,1,0,ideal_aer,27,fabiana:17,0,0,-1.148685185051851,
fabiana_pca4,fabiana,pca,4,1,0,ideal_aer,28,fabiana:1034,0,0,-1.2042199977060224,
fabiana_pca4,fabiana,pca,4,1,0,ideal_aer,29,fabiana:794,0,0,-1.4366366787045652,
fabiana_pca4,fabiana,pca,4,1,0,ideal_aer,30,fabiana:797,0,0,-1.4006694028786535,
fabiana_pca4,fabiana,pca,4,1,0,ideal_aer,31,fabiana:967,0,0,-1.2481987620243984,
fabiana_pca4,fabiana,pca,4,1,0,ideal_aer,32,fabiana:1024,0,0,-0.18085121459648468,
fabiana_pca4,fabiana,pca,4,1,0,ideal_aer,33,fabiana:579,0,0,-1.4150009355198894,
fabiana_pca4,fabiana,pca,4,1,0,ideal_aer,34,fabiana:649,0,0,-1.3974271544654535,
fabiana_pca4,fabiana,pca,4,1,0,ideal_aer,35,fabiana:551,0,0,-1.457048152347997,
fabiana_pca4,fabiana,pca,4,1,0,ideal_aer,36,fabiana:395,0,0,-1.0773733093454934,
fabiana_pca4,fabiana,pca,4,1,0,ideal_aer,37,fabiana:1122,0,0,-1.138147327630866,
fabiana_pca4,fabiana,pca,4,1,0,ideal_aer,38,fabiana:639,0,0,-1.4316663190501153,
fabiana_pca4,fabiana,pca,4,1,0,ideal_aer,39,fabiana:662,0,1,1.0915516376533148,
fabiana_pca4,fabiana,pca,4,1,0,ideal_aer,40,fabiana:806,1,1,1.411732707817262,
fabiana_pca4,fabiana,pca,4,1,0,ideal_aer,41,fabiana:558,1,1,1.0591479998522924,
fabiana_pca4,fabiana,pca,4,1,0,ideal_aer,42,fabiana:871,1,1,1.0903746581415137,
fabiana_pca4,fabiana,pca,4,1,0,ideal_aer,43,fabiana:656,1,1,0.8944282161004522,
fabiana_pca4,fabiana,pca,4,1,0,ideal_aer,44,fabiana:98,1,1,0.9686818036830003,
fabiana_pca4,fabiana,pca,4,1,0,ideal_aer,45,fabiana:316,1,1,0.9664668071054257,
fabiana_pca4,fabiana,pca,4,1,0,ideal_aer,46,fabiana:101,1,1,0.6334512652925245,
fabiana_pca4,fabiana,pca,4,1,0,ideal_aer,47,fabiana:278,1,1,0.9997052562068409,
fabiana_pca4,fabiana,pca,4,1,0,ideal_aer,48,fabiana:211,1,1,1.4302029327677057,
fabiana_pca4,fabiana,pca,4,1,0,ideal_aer,49,fabiana:1057,1,1,1.0297184724536215,
fabiana_pca4,fabiana,pca,4,1,0,ideal_aer,50,fabiana:142,1,1,0.8386643137342934,
fabiana_pca4,fabiana,pca,4,1,0,ideal_aer,51,fabiana:853,1,1,1.2869134006776624,
fabiana_pca4,fabiana,pca,4,1,0,ideal_aer,52,fabiana:611,1,1,0.7785558728766306,
fabiana_pca4,fabiana,pca,4,1,0,ideal_aer,53,fabiana:264,1,1,0.8346953429508311,
fabiana_pca4,fabiana,pca,4,1,0,ideal_aer,54,fabiana:297,1,1,0.7651303708421776,
fabiana_pca4,fabiana,pca,4,1,0,ideal_aer,55,fabiana:892,1,1,0.8510341791921752,
fabiana_pca4,fabiana,pca,4,1,0,ideal_aer,56,fabiana:768,1,1,1.0069354396608654,
fabiana_pca4,fabiana,pca,4,1,0,ideal_aer,57,fabiana:721,1,1,0.8960956137764021,
fabiana_pca4,fabiana,pca,4,1,0,ideal_aer,58,fabiana:129,1,1,1.0205025080546013,
fabiana_pca4,fabiana,pca,4,1,0,ideal_aer,59,fabiana:654,1,0,-0.44500785375716,
fabiana_pca4,fabiana,pca,4,1,0,ideal_aer,60,fabiana:391,1,1,1.0976770856894107,
fabiana_pca4,fabiana,pca,4,1,0,ideal_aer,61,fabiana:107,1,0,-0.40863993912067276,
fabiana_pca4,fabiana,pca,4,1,0,ideal_aer,62,fabiana:590,1,1,0.8567591501450771,
fabiana_pca4,fabiana,pca,4,1,0,ideal_aer,63,fabiana:108,1,1,1.2374080906587852,
fabiana_pca4,fabiana,pca,4,1,0,ideal_aer,64,fabiana:560,1,1,1.1347537036003523,
fabiana_pca4,fabiana,pca,4,1,0,ideal_aer,65,fabiana:358,1,1,0.3684264821648043,
fabiana_pca4,fabiana,pca,4,1,0,ideal_aer,66,fabiana:330,1,1,0.6182448090238069,
fabiana_pca4,fabiana,pca,4,1,0,ideal_aer,67,fabiana:743,1,1,1.3090466300432975,
fabiana_pca4,fabiana,pca,4,1,0,ideal_aer,68,fabiana:178,1,0,-0.02602044023831307,
fabiana_pca4,fabiana,pca,4,1,0,ideal_aer,69,fabiana:299,1,1,0.645299300662788,
fabiana_pca4,fabiana,pca,4,1,0,ideal_aer,70,fabiana:136,1,1,0.932345037127465,
fabiana_pca4,fabiana,pca,4,1,0,ideal_aer,71,fabiana:169,1,1,1.3975351064774397,
fabiana_pca4,fabiana,pca,4,1,0,ideal_aer,72,fabiana:332,1,1,0.1422417017954689,
fabiana_pca4,fabiana,pca,4,1,0,ideal_aer,73,fabiana:241,1,1,0.5278521966672982,
fabiana_pca4,fabiana,pca,4,1,0,ideal_aer,74,fabiana:606,1,1,1.2089732610705668,
fabiana_pca4,fabiana,pca,4,1,0,ideal_aer,75,fabiana:1,1,1,1.319226906495507,
fabiana_pca4,fabiana,pca,4,1,0,ideal_aer,76,fabiana:23,1,1,1.0804476862937271,
fabiana_pca4,fabiana,pca,4,1,0,ideal_aer,77,fabiana:45,1,1,1.1133481042889313,
fabiana_pca4,fabiana,pca,4,1,0,ideal_aer,78,fabiana:262,1,1,1.19709622282,
fabiana_pca4,fabiana,pca,4,1,0,ideal_aer,79,fabiana:774,1,1,1.1522907722963804,
fabiana_pca4,fabiana,pca,4,1,0,noisy_aer,0,fabiana:291,0,0,-1.295662527255317,
fabiana_pca4,fabiana,pca,4,1,0,noisy_aer,1,fabiana:530,0,0,-0.19413306731121405,
fabiana_pca4,fabiana,pca,4,1,0,noisy_aer,2,fabiana:102,0,0,-0.608002609667041,
fabiana_pca4,fabiana,pca,4,1,0,noisy_aer,3,fabiana:504,0,0,-1.239116526388867,
fabiana_pca4,fabiana,pca,4,1,0,noisy_aer,4,fabiana:938,0,0,-1.1289022123139374,
fabiana_pca4,fabiana,pca,4,1,0,noisy_aer,5,fabiana:0,0,0,-0.9095004272555418,
fabiana_pca4,fabiana,pca,4,1,0,noisy_aer,6,fabiana:1085,0,1,1.2376007678480123,
fabiana_pca4,fabiana,pca,4,1,0,noisy_aer,7,fabiana:318,0,0,-0.983972891614975,
fabiana_pca4,fabiana,pca,4,1,0,noisy_aer,8,fabiana:703,0,0,-0.9172937518673965,
fabiana_pca4,fabiana,pca,4,1,0,noisy_aer,9,fabiana:445,0,0,-1.1874365585547626,
fabiana_pca4,fabiana,pca,4,1,0,noisy_aer,10,fabiana:874,0,0,-1.0443347305599076,
fabiana_pca4,fabiana,pca,4,1,0,noisy_aer,11,fabiana:369,0,0,-1.2038630510024315,
fabiana_pca4,fabiana,pca,4,1,0,noisy_aer,12,fabiana:172,0,0,-0.7867782541506005,
fabiana_pca4,fabiana,pca,4,1,0,noisy_aer,13,fabiana:1004,0,0,-1.12781995394323,
fabiana_pca4,fabiana,pca,4,1,0,noisy_aer,14,fabiana:192,0,0,-0.8942789427438338,
fabiana_pca4,fabiana,pca,4,1,0,noisy_aer,15,fabiana:809,0,0,-1.1243774954597257,
fabiana_pca4,fabiana,pca,4,1,0,noisy_aer,16,fabiana:939,0,0,-1.0768541350647938,
fabiana_pca4,fabiana,pca,4,1,0,noisy_aer,17,fabiana:394,0,0,-1.0902585128011193,
fabiana_pca4,fabiana,pca,4,1,0,noisy_aer,18,fabiana:111,0,0,-1.3268151648189022,
fabiana_pca4,fabiana,pca,4,1,0,noisy_aer,19,fabiana:1121,0,0,-0.9503902141164138,
fabiana_pca4,fabiana,pca,4,1,0,noisy_aer,20,fabiana:1155,0,0,-1.2191276958046555,
fabiana_pca4,fabiana,pca,4,1,0,noisy_aer,21,fabiana:937,0,0,-1.2338215750109907,
fabiana_pca4,fabiana,pca,4,1,0,noisy_aer,22,fabiana:215,0,0,-1.1811686705364763,
fabiana_pca4,fabiana,pca,4,1,0,noisy_aer,23,fabiana:719,0,0,-1.0487963370697695,
fabiana_pca4,fabiana,pca,4,1,0,noisy_aer,24,fabiana:1145,0,0,-1.0329964614466765,
fabiana_pca4,fabiana,pca,4,1,0,noisy_aer,25,fabiana:812,0,0,-1.0365671149800648,
fabiana_pca4,fabiana,pca,4,1,0,noisy_aer,26,fabiana:66,0,0,-1.1321990386325353,
fabiana_pca4,fabiana,pca,4,1,0,noisy_aer,27,fabiana:17,0,0,-1.1315122224860674,
fabiana_pca4,fabiana,pca,4,1,0,noisy_aer,28,fabiana:1034,0,0,-1.2161335466655874,
fabiana_pca4,fabiana,pca,4,1,0,noisy_aer,29,fabiana:794,0,0,-1.2244623270620238,
fabiana_pca4,fabiana,pca,4,1,0,noisy_aer,30,fabiana:797,0,0,-1.2821008347608724,
fabiana_pca4,fabiana,pca,4,1,0,noisy_aer,31,fabiana:967,0,0,-1.2306225118823753,
fabiana_pca4,fabiana,pca,4,1,0,noisy_aer,32,fabiana:1024,0,0,-0.04894247623182868,
fabiana_pca4,fabiana,pca,4,1,0,noisy_aer,33,fabiana:579,0,0,-1.320560464493503,
fabiana_pca4,fabiana,pca,4,1,0,noisy_aer,34,fabiana:649,0,0,-1.1392962432780647,
fabiana_pca4,fabiana,pca,4,1,0,noisy_aer,35,fabiana:551,0,0,-1.178483524083311,
fabiana_pca4,fabiana,pca,4,1,0,noisy_aer,36,fabiana:395,0,0,-1.1978387832135988,
fabiana_pca4,fabiana,pca,4,1,0,noisy_aer,37,fabiana:1122,0,0,-1.1771618470815135,
fabiana_pca4,fabiana,pca,4,1,0,noisy_aer,38,fabiana:639,0,0,-1.1696389243211949,
fabiana_pca4,fabiana,pca,4,1,0,noisy_aer,39,fabiana:662,0,1,1.0861200402174105,
fabiana_pca4,fabiana,pca,4,1,0,noisy_aer,40,fabiana:806,1,1,1.2632574900855584,
fabiana_pca4,fabiana,pca,4,1,0,noisy_aer,41,fabiana:558,1,1,1.0990144886970308,
fabiana_pca4,fabiana,pca,4,1,0,noisy_aer,42,fabiana:871,1,1,1.0969327822404704,
fabiana_pca4,fabiana,pca,4,1,0,noisy_aer,43,fabiana:656,1,1,0.8158853698101547,
fabiana_pca4,fabiana,pca,4,1,0,noisy_aer,44,fabiana:98,1,1,1.048265036510024,
fabiana_pca4,fabiana,pca,4,1,0,noisy_aer,45,fabiana:316,1,1,1.021009780159889,
fabiana_pca4,fabiana,pca,4,1,0,noisy_aer,46,fabiana:101,1,1,0.354573754151615,
fabiana_pca4,fabiana,pca,4,1,0,noisy_aer,47,fabiana:278,1,1,0.9496377258682305,
fabiana_pca4,fabiana,pca,4,1,0,noisy_aer,48,fabiana:211,1,1,1.2159481881403142,
fabiana_pca4,fabiana,pca,4,1,0,noisy_aer,49,fabiana:1057,1,1,0.9440960855174197,
fabiana_pca4,fabiana,pca,4,1,0,noisy_aer,50,fabiana:142,1,1,0.7674245872720076,
fabiana_pca4,fabiana,pca,4,1,0,noisy_aer,51,fabiana:853,1,1,1.1983668502398928,
fabiana_pca4,fabiana,pca,4,1,0,noisy_aer,52,fabiana:611,1,1,0.7464756607203341,
fabiana_pca4,fabiana,pca,4,1,0,noisy_aer,53,fabiana:264,1,1,0.8202953820769849,
fabiana_pca4,fabiana,pca,4,1,0,noisy_aer,54,fabiana:297,1,1,0.6344418230871302,
fabiana_pca4,fabiana,pca,4,1,0,noisy_aer,55,fabiana:892,1,1,0.801605472050254,
fabiana_pca4,fabiana,pca,4,1,0,noisy_aer,56,fabiana:768,1,1,1.0781318210928301,
fabiana_pca4,fabiana,pca,4,1,0,noisy_aer,57,fabiana:721,1,1,0.798550210784877,
fabiana_pca4,fabiana,pca,4,1,0,noisy_aer,58,fabiana:129,1,1,1.0327392232324222,
fabiana_pca4,fabiana,pca,4,1,0,noisy_aer,59,fabiana:654,1,0,-0.47949301111976017,
fabiana_pca4,fabiana,pca,4,1,0,noisy_aer,60,fabiana:391,1,1,0.9544093271749697,
fabiana_pca4,fabiana,pca,4,1,0,noisy_aer,61,fabiana:107,1,0,-0.4760583930780655,
fabiana_pca4,fabiana,pca,4,1,0,noisy_aer,62,fabiana:590,1,1,0.9036262988031072,
fabiana_pca4,fabiana,pca,4,1,0,noisy_aer,63,fabiana:108,1,1,1.130892326213993,
fabiana_pca4,fabiana,pca,4,1,0,noisy_aer,64,fabiana:560,1,1,0.8859873503578105,
fabiana_pca4,fabiana,pca,4,1,0,noisy_aer,65,fabiana:358,1,1,0.34451461310431625,
fabiana_pca4,fabiana,pca,4,1,0,noisy_aer,66,fabiana:330,1,1,0.6298481193031581,
fabiana_pca4,fabiana,pca,4,1,0,noisy_aer,67,fabiana:743,1,1,1.2263303928372502,
fabiana_pca4,fabiana,pca,4,1,0,noisy_aer,68,fabiana:178,1,0,-0.07983248776889917,
fabiana_pca4,fabiana,pca,4,1,0,noisy_aer,69,fabiana:299,1,1,0.6720912038395537,
fabiana_pca4,fabiana,pca,4,1,0,noisy_aer,70,fabiana:136,1,1,1.13934802245201,
fabiana_pca4,fabiana,pca,4,1,0,noisy_aer,71,fabiana:169,1,1,1.4007434779045638,
fabiana_pca4,fabiana,pca,4,1,0,noisy_aer,72,fabiana:332,1,1,0.03979999839321102,
fabiana_pca4,fabiana,pca,4,1,0,noisy_aer,73,fabiana:241,1,1,0.6303928528553483,
fabiana_pca4,fabiana,pca,4,1,0,noisy_aer,74,fabiana:606,1,1,1.1900206933084259,
fabiana_pca4,fabiana,pca,4,1,0,noisy_aer,75,fabiana:1,1,1,1.1863887651315284,
fabiana_pca4,fabiana,pca,4,1,0,noisy_aer,76,fabiana:23,1,1,1.1302241412002307,
fabiana_pca4,fabiana,pca,4,1,0,noisy_aer,77,fabiana:45,1,1,0.9847208345129849,
fabiana_pca4,fabiana,pca,4,1,0,noisy_aer,78,fabiana:262,1,1,1.1655634589042676,
fabiana_pca4,fabiana,pca,4,1,0,noisy_aer,79,fabiana:774,1,1,1.0520787881073528,
fabiana_pca4,fabiana,pca,4,2,0,exact,0,fabiana:539,0,0,-1.3856529558313957,
fabiana_pca4,fabiana,pca,4,2,0,exact,1,fabiana:465,0,0,-1.2394938224648127,
fabiana_pca4,fabiana,pca,4,2,0,exact,2,fabiana:725,0,0,-0.4501406136375822,
fabiana_pca4,fabiana,pca,4,2,0,exact,3,fabiana:879,0,0,-1.0004913331618988,
fabiana_pca4,fabiana,pca,4,2,0,exact,4,fabiana:243,0,0,-1.1904603053010865,
fabiana_pca4,fabiana,pca,4,2,0,exact,5,fabiana:552,0,0,-1.0025325035682302,
fabiana_pca4,fabiana,pca,4,2,0,exact,6,fabiana:1018,0,0,-1.1460132492760509,
fabiana_pca4,fabiana,pca,4,2,0,exact,7,fabiana:664,0,0,-1.001166937059892,
fabiana_pca4,fabiana,pca,4,2,0,exact,8,fabiana:34,0,0,-1.143024306734422,
fabiana_pca4,fabiana,pca,4,2,0,exact,9,fabiana:168,0,0,-1.363069901747156,
fabiana_pca4,fabiana,pca,4,2,0,exact,10,fabiana:534,0,0,-0.4030641940923013,
fabiana_pca4,fabiana,pca,4,2,0,exact,11,fabiana:165,0,0,-0.9990849457147798,
fabiana_pca4,fabiana,pca,4,2,0,exact,12,fabiana:477,0,0,-0.9981824587825504,
fabiana_pca4,fabiana,pca,4,2,0,exact,13,fabiana:235,0,0,-0.9994211343025531,
fabiana_pca4,fabiana,pca,4,2,0,exact,14,fabiana:336,0,0,-0.9991959945178558,
fabiana_pca4,fabiana,pca,4,2,0,exact,15,fabiana:681,0,0,-1.1534740562647312,
fabiana_pca4,fabiana,pca,4,2,0,exact,16,fabiana:925,0,0,-0.4012966702517823,
fabiana_pca4,fabiana,pca,4,2,0,exact,17,fabiana:834,0,0,-1.0003436285858491,
fabiana_pca4,fabiana,pca,4,2,0,exact,18,fabiana:614,0,0,-1.1331134792513926,
fabiana_pca4,fabiana,pca,4,2,0,exact,19,fabiana:404,0,0,-1.3653814953752943,
fabiana_pca4,fabiana,pca,4,2,0,exact,20,fabiana:481,0,0,-1.0998942461889207,
fabiana_pca4,fabiana,pca,4,2,0,exact,21,fabiana:515,0,0,-1.3794781604372086,
fabiana_pca4,fabiana,pca,4,2,0,exact,22,fabiana:341,0,0,-1.0230899072662507,
fabiana_pca4,fabiana,pca,4,2,0,exact,23,fabiana:4,0,0,-1.3608981690400221,
fabiana_pca4,fabiana,pca,4,2,0,exact,24,fabiana:838,0,0,-1.01694389700961,
fabiana_pca4,fabiana,pca,4,2,0,exact,25,fabiana:213,0,0,-1.0177458184010688,
fabiana_pca4,fabiana,pca,4,2,0,exact,26,fabiana:37,0,0,-1.0019459183224209,
fabiana_pca4,fabiana,pca,4,2,0,exact,27,fabiana:1008,0,0,-1.0054596350184846,
fabiana_pca4,fabiana,pca,4,2,0,exact,28,fabiana:970,0,0,-1.3636174377458365,
fabiana_pca4,fabiana,pca,4,2,0,exact,29,fabiana:166,0,0,-1.001270278908386,
fabiana_pca4,fabiana,pca,4,2,0,exact,30,fabiana:652,0,0,-1.4014384270938653,
fabiana_pca4,fabiana,pca,4,2,0,exact,31,fabiana:224,0,0,-1.0989271658484254,
fabiana_pca4,fabiana,pca,4,2,0,exact,32,fabiana:377,0,0,-0.9957812868155725,
fabiana_pca4,fabiana,pca,4,2,0,exact,33,fabiana:946,0,0,-1.0696630934541744,
fabiana_pca4,fabiana,pca,4,2,0,exact,34,fabiana:989,0,0,-1.0347254060791062,
fabiana_pca4,fabiana,pca,4,2,0,exact,35,fabiana:657,0,0,-0.999511494636358,
fabiana_pca4,fabiana,pca,4,2,0,exact,36,fabiana:343,0,0,-1.0025937777692167,
fabiana_pca4,fabiana,pca,4,2,0,exact,37,fabiana:284,0,0,-1.1504390539768954,
fabiana_pca4,fabiana,pca,4,2,0,exact,38,fabiana:705,0,0,-1.3921086350026206,
fabiana_pca4,fabiana,pca,4,2,0,exact,39,fabiana:164,0,0,-1.3931075094734835,
fabiana_pca4,fabiana,pca,4,2,0,exact,40,fabiana:91,1,1,0.9405832813284752,
fabiana_pca4,fabiana,pca,4,2,0,exact,41,fabiana:88,1,1,1.0009116602692403,
fabiana_pca4,fabiana,pca,4,2,0,exact,42,fabiana:886,1,1,1.000055404928475,
fabiana_pca4,fabiana,pca,4,2,0,exact,43,fabiana:529,1,1,1.0237162352266105,
fabiana_pca4,fabiana,pca,4,2,0,exact,44,fabiana:1019,1,1,1.069154649456328,
fabiana_pca4,fabiana,pca,4,2,0,exact,45,fabiana:1138,1,1,1.0424639554551192,
fabiana_pca4,fabiana,pca,4,2,0,exact,46,fabiana:1014,1,1,0.8871092727936452,
fabiana_pca4,fabiana,pca,4,2,0,exact,47,fabiana:1016,1,0,-0.5778773466145389,
fabiana_pca4,fabiana,pca,4,2,0,exact,48,fabiana:1045,1,1,0.999475839394981,
fabiana_pca4,fabiana,pca,4,2,0,exact,49,fabiana:31,1,1,1.013509808323522,
fabiana_pca4,fabiana,pca,4,2,0,exact,50,fabiana:152,1,1,1.0015315143473782,
fabiana_pca4,fabiana,pca,4,2,0,exact,51,fabiana:588,1,0,-0.7507956095890994,
fabiana_pca4,fabiana,pca,4,2,0,exact,52,fabiana:944,1,1,1.0066088936433224,
fabiana_pca4,fabiana,pca,4,2,0,exact,53,fabiana:123,1,1,1.0105167946093778,
fabiana_pca4,fabiana,pca,4,2,0,exact,54,fabiana:438,1,1,1.027211542686579,
fabiana_pca4,fabiana,pca,4,2,0,exact,55,fabiana:1078,1,1,1.0224682301785375,
fabiana_pca4,fabiana,pca,4,2,0,exact,56,fabiana:640,1,1,1.009075501783335,
fabiana_pca4,fabiana,pca,4,2,0,exact,57,fabiana:697,1,1,1.032893390997962,
fabiana_pca4,fabiana,pca,4,2,0,exact,58,fabiana:524,1,1,1.0724137682877024,
fabiana_pca4,fabiana,pca,4,2,0,exact,59,fabiana:405,1,1,1.0080875178720332,
fabiana_pca4,fabiana,pca,4,2,0,exact,60,fabiana:475,1,1,1.0231056573961412,
fabiana_pca4,fabiana,pca,4,2,0,exact,61,fabiana:538,1,1,0.8568412164898958,
fabiana_pca4,fabiana,pca,4,2,0,exact,62,fabiana:244,1,1,0.9932908122706033,
fabiana_pca4,fabiana,pca,4,2,0,exact,63,fabiana:298,1,1,1.0318402286072699,
fabiana_pca4,fabiana,pca,4,2,0,exact,64,fabiana:109,1,1,0.8360338979547673,
fabiana_pca4,fabiana,pca,4,2,0,exact,65,fabiana:753,1,1,0.7492655136925052,
fabiana_pca4,fabiana,pca,4,2,0,exact,66,fabiana:544,1,0,-1.2299942007296671,
fabiana_pca4,fabiana,pca,4,2,0,exact,67,fabiana:366,1,1,1.0310646792918208,
fabiana_pca4,fabiana,pca,4,2,0,exact,68,fabiana:344,1,1,1.0756253473634088,
fabiana_pca4,fabiana,pca,4,2,0,exact,69,fabiana:533,1,1,0.09758304312714916,
fabiana_pca4,fabiana,pca,4,2,0,exact,70,fabiana:22,1,1,1.0373691852802274,
fabiana_pca4,fabiana,pca,4,2,0,exact,71,fabiana:893,1,1,0.9943764318560349,
fabiana_pca4,fabiana,pca,4,2,0,exact,72,fabiana:1010,1,1,0.5987595225583403,
fabiana_pca4,fabiana,pca,4,2,0,exact,73,fabiana:300,1,1,1.050550667262011,
fabiana_pca4,fabiana,pca,4,2,0,exact,74,fabiana:462,1,0,-0.3994399185127012,
fabiana_pca4,fabiana,pca,4,2,0,exact,75,fabiana:763,1,1,1.0104928213219377,
fabiana_pca4,fabiana,pca,4,2,0,exact,76,fabiana:826,1,0,-1.0182624904012476,
fabiana_pca4,fabiana,pca,4,2,0,exact,77,fabiana:680,1,1,1.0049555660164138,
fabiana_pca4,fabiana,pca,4,2,0,exact,78,fabiana:61,1,1,1.0123775343449442,
fabiana_pca4,fabiana,pca,4,2,0,exact,79,fabiana:456,1,1,1.069945328552806,
fabiana_pca4,fabiana,pca,4,2,0,ideal_aer,0,fabiana:539,0,0,-1.3650319508050437,
fabiana_pca4,fabiana,pca,4,2,0,ideal_aer,1,fabiana:465,0,0,-1.2695351832849258,
fabiana_pca4,fabiana,pca,4,2,0,ideal_aer,2,fabiana:725,0,0,-0.4952284316846157,
fabiana_pca4,fabiana,pca,4,2,0,ideal_aer,3,fabiana:879,0,0,-1.0861629358806546,
fabiana_pca4,fabiana,pca,4,2,0,ideal_aer,4,fabiana:243,0,0,-1.2996729306991068,
fabiana_pca4,fabiana,pca,4,2,0,ideal_aer,5,fabiana:552,0,0,-1.101973439744902,
fabiana_pca4,fabiana,pca,4,2,0,ideal_aer,6,fabiana:1018,0,0,-1.128748760392837,
fabiana_pca4,fabiana,pca,4,2,0,ideal_aer,7,fabiana:664,0,0,-1.0738300376114358,
fabiana_pca4,fabiana,pca,4,2,0,ideal_aer,8,fabiana:34,0,0,-1.2564568982373316,
fabiana_pca4,fabiana,pca,4,2,0,ideal_aer,9,fabiana:168,0,0,-1.2986391724944553,
fabiana_pca4,fabiana,pca,4,2,0,ideal_aer,10,fabiana:534,0,0,-0.47335269006581904,
fabiana_pca4,fabiana,pca,4,2,0,ideal_aer,11,fabiana:165,0,0,-1.0246208086971338,
fabiana_pca4,fabiana,pca,4,2,0,ideal_aer,12,fabiana:477,0,0,-1.1021884249105152,
fabiana_pca4,fabiana,pca,4,2,0,ideal_aer,13,fabiana:235,0,0,-1.0343974178781257,
fabiana_pca4,fabiana,pca,4,2,0,ideal_aer,14,fabiana:336,0,0,-1.0521896975682905,
fabiana_pca4,fabiana,pca,4,2,0,ideal_aer,15,fabiana:681,0,0,-1.1591808615597299,
fabiana_pca4,fabiana,pca,4,2,0,ideal_aer,16,fabiana:925,0,0,-0.3482247906623034,
fabiana_pca4,fabiana,pca,4,2,0,ideal_aer,17,fabiana:834,0,0,-1.0550136298667212,
fabiana_pca4,fabiana,pca,4,2,0,ideal_aer,18,fabiana:614,0,0,-1.144691063204232,
fabiana_pca4,fabiana,pca,4,2,0,ideal_aer,19,fabiana:404,0,0,-1.465702683271842,
fabiana_pca4,fabiana,pca,4,2,0,ideal_aer,20,fabiana:481,0,0,-1.1534976721130676,
fabiana_pca4,fabiana,pca,4,2,0,ideal_aer,21,fabiana:515,0,0,-1.2873607599010115,
fabiana_pca4,fabiana,pca,4,2,0,ideal_aer,22,fabiana:341,0,0,-1.0089962652498472,
fabiana_pca4,fabiana,pca,4,2,0,ideal_aer,23,fabiana:4,0,0,-1.4142432728801713,
fabiana_pca4,fabiana,pca,4,2,0,ideal_aer,24,fabiana:838,0,0,-0.9708985960701589,
fabiana_pca4,fabiana,pca,4,2,0,ideal_aer,25,fabiana:213,0,0,-1.0093751480229027,
fabiana_pca4,fabiana,pca,4,2,0,ideal_aer,26,fabiana:37,0,0,-1.0245984585800483,
fabiana_pca4,fabiana,pca,4,2,0,ideal_aer,27,fabiana:1008,0,0,-1.2266197722928518,
fabiana_pca4,fabiana,pca,4,2,0,ideal_aer,28,fabiana:970,0,0,-1.4094534287606364,
fabiana_pca4,fabiana,pca,4,2,0,ideal_aer,29,fabiana:166,0,0,-1.052499383132052,
fabiana_pca4,fabiana,pca,4,2,0,ideal_aer,30,fabiana:652,0,0,-1.4278424937979066,
fabiana_pca4,fabiana,pca,4,2,0,ideal_aer,31,fabiana:224,0,0,-1.1824742491153768,
fabiana_pca4,fabiana,pca,4,2,0,ideal_aer,32,fabiana:377,0,0,-0.9412711193238278,
fabiana_pca4,fabiana,pca,4,2,0,ideal_aer,33,fabiana:946,0,0,-1.079582722513766,
fabiana_pca4,fabiana,pca,4,2,0,ideal_aer,34,fabiana:989,0,0,-1.1599975349624079,
fabiana_pca4,fabiana,pca,4,2,0,ideal_aer,35,fabiana:657,0,0,-1.1620435434651828,
fabiana_pca4,fabiana,pca,4,2,0,ideal_aer,36,fabiana:343,0,0,-1.0157819446554357,
fabiana_pca4,fabiana,pca,4,2,0,ideal_aer,37,fabiana:284,0,0,-1.254732703795653,
fabiana_pca4,fabiana,pca,4,2,0,ideal_aer,38,fabiana:705,0,0,-1.3517186307819276,
fabiana_pca4,fabiana,pca,4,2,0,ideal_aer,39,fabiana:164,0,0,-1.3734416512915328,
fabiana_pca4,fabiana,pca,4,2,0,ideal_aer,40,fabiana:91,1,1,0.8951968030755963,
fabiana_pca4,fabiana,pca,4,2,0,ideal_aer,41,fabiana:88,1,1,1.0992739334774044,
fabiana_pca4,fabiana,pca,4,2,0,ideal_aer,42,fabiana:886,1,1,1.083683345201758,
fabiana_pca4,fabiana,pca,4,2,0,ideal_aer,43,fabiana:529,1,1,1.0923140808003045,
fabiana_pca4,fabiana,pca,4,2,0,ideal_aer,44,fabiana:1019,1,1,1.118905839552201,
fabiana_pca4,fabiana,pca,4,2,0,ideal_aer,45,fabiana:1138,1,1,1.0978240206243672,
fabiana_pca4,fabiana,pca,4,2,0,ideal_aer,46,fabiana:1014,1,1,0.834546660965466,
fabiana_pca4,fabiana,pca,4,2,0,ideal_aer,47,fabiana:1016,1,0,-0.6638989286319238,
fabiana_pca4,fabiana,pca,4,2,0,ideal_aer,48,fabiana:1045,1,1,0.9116238816528694,
fabiana_pca4,fabiana,pca,4,2,0,ideal_aer,49,fabiana:31,1,1,1.0618129915096133,
fabiana_pca4,fabiana,pca,4,2,0,ideal_aer,50,fabiana:152,1,1,0.9952009557728049,
fabiana_pca4,fabiana,pca,4,2,0,ideal_aer,51,fabiana:588,1,0,-0.8013452708338541,
fabiana_pca4,fabiana,pca,4,2,0,ideal_aer,52,fabiana:944,1,1,0.9750319004819284,
fabiana_pca4,fabiana,pca,4,2,0,ideal_aer,53,fabiana:123,1,1,1.0464819753760664,
fabiana_pca4,fabiana,pca,4,2,0,ideal_aer,54,fabiana:438,1,1,0.9724506049461339,
fabiana_pca4,fabiana,pca,4,2,0,ideal_aer,55,fabiana:1078,1,1,1.0142469478173064,
fabiana_pca4,fabiana,pca,4,2,0,ideal_aer,56,fabiana:640,1,1,1.0979714986087608,
fabiana_pca4,fabiana,pca,4,2,0,ideal_aer,57,fabiana:697,1,1,1.0043562625874847,
fabiana_pca4,fabiana,pca,4,2,0,ideal_aer,58,fabiana:524,1,1,1.1180848516687996,
fabiana_pca4,fabiana,pca,4,2,0,ideal_aer,59,fabiana:405,1,1,1.0837252037375125,
fabiana_pca4,fabiana,pca,4,2,0,ideal_aer,60,fabiana:475,1,1,1.034910478477729,
fabiana_pca4,fabiana,pca,4,2,0,ideal_aer,61,fabiana:538,1,1,0.8208770115920687,
fabiana_pca4,fabiana,pca,4,2,0,ideal_aer,62,fabiana:244,1,1,0.9731647613734222,
fabiana_pca4,fabiana,pca,4,2,0,ideal_aer,63,fabiana:298,1,1,0.9998059432124078,
fabiana_pca4,fabiana,pca,4,2,0,ideal_aer,64,fabiana:109,1,1,0.8351757837810722,
fabiana_pca4,fabiana,pca,4,2,0,ideal_aer,65,fabiana:753,1,1,0.7375687501614719,
fabiana_pca4,fabiana,pca,4,2,0,ideal_aer,66,fabiana:544,1,0,-1.2125001615337174,
fabiana_pca4,fabiana,pca,4,2,0,ideal_aer,67,fabiana:366,1,1,1.0264487270836886,
fabiana_pca4,fabiana,pca,4,2,0,ideal_aer,68,fabiana:344,1,1,1.0086845705216079,
fabiana_pca4,fabiana,pca,4,2,0,ideal_aer,69,fabiana:533,1,0,-0.027512025632971615,
fabiana_pca4,fabiana,pca,4,2,0,ideal_aer,70,fabiana:22,1,1,1.0415099126190772,
fabiana_pca4,fabiana,pca,4,2,0,ideal_aer,71,fabiana:893,1,1,1.0164507004191115,
fabiana_pca4,fabiana,pca,4,2,0,ideal_aer,72,fabiana:1010,1,1,0.7013059079615603,
fabiana_pca4,fabiana,pca,4,2,0,ideal_aer,73,fabiana:300,1,1,1.0227787445568952,
fabiana_pca4,fabiana,pca,4,2,0,ideal_aer,74,fabiana:462,1,0,-0.45530168925992476,
fabiana_pca4,fabiana,pca,4,2,0,ideal_aer,75,fabiana:763,1,1,0.9564632022740858,
fabiana_pca4,fabiana,pca,4,2,0,ideal_aer,76,fabiana:826,1,0,-1.1356901643967658,
fabiana_pca4,fabiana,pca,4,2,0,ideal_aer,77,fabiana:680,1,1,0.9688736776025293,
fabiana_pca4,fabiana,pca,4,2,0,ideal_aer,78,fabiana:61,1,1,1.0311856172115388,
fabiana_pca4,fabiana,pca,4,2,0,ideal_aer,79,fabiana:456,1,1,1.0453263673610182,
fabiana_pca4,fabiana,pca,4,2,0,noisy_aer,0,fabiana:539,0,0,-1.3928702800600228,
fabiana_pca4,fabiana,pca,4,2,0,noisy_aer,1,fabiana:465,0,0,-1.3178837721436771,
fabiana_pca4,fabiana,pca,4,2,0,noisy_aer,2,fabiana:725,0,0,-0.49663912161566026,
fabiana_pca4,fabiana,pca,4,2,0,noisy_aer,3,fabiana:879,0,0,-0.9752066911924602,
fabiana_pca4,fabiana,pca,4,2,0,noisy_aer,4,fabiana:243,0,0,-1.1751876702582764,
fabiana_pca4,fabiana,pca,4,2,0,noisy_aer,5,fabiana:552,0,0,-1.0718731071615,
fabiana_pca4,fabiana,pca,4,2,0,noisy_aer,6,fabiana:1018,0,0,-1.1461889222560175,
fabiana_pca4,fabiana,pca,4,2,0,noisy_aer,7,fabiana:664,0,0,-1.0281214248794852,
fabiana_pca4,fabiana,pca,4,2,0,noisy_aer,8,fabiana:34,0,0,-1.1993039346451035,
fabiana_pca4,fabiana,pca,4,2,0,noisy_aer,9,fabiana:168,0,0,-1.2848581394030787,
fabiana_pca4,fabiana,pca,4,2,0,noisy_aer,10,fabiana:534,0,0,-0.49876939943250265,
fabiana_pca4,fabiana,pca,4,2,0,noisy_aer,11,fabiana:165,0,0,-1.0975900844622146,
fabiana_pca4,fabiana,pca,4,2,0,noisy_aer,12,fabiana:477,0,0,-0.9267150271618894,
fabiana_pca4,fabiana,pca,4,2,0,noisy_aer,13,fabiana:235,0,0,-1.1766838407347597,
fabiana_pca4,fabiana,pca,4,2,0,noisy_aer,14,fabiana:336,0,0,-1.0521348629675773,
fabiana_pca4,fabiana,pca,4,2,0,noisy_aer,15,fabiana:681,0,0,-1.1929114416350934,
fabiana_pca4,fabiana,pca,4,2,0,noisy_aer,16,fabiana:925,0,0,-0.36103530521413185,
fabiana_pca4,fabiana,pca,4,2,0,noisy_aer,17,fabiana:834,0,0,-1.0111091652372497,
fabiana_pca4,fabiana,pca,4,2,0,noisy_aer,18,fabiana:614,0,0,-1.2168752284930124,
fabiana_pca4,fabiana,pca,4,2,0,noisy_aer,19,fabiana:404,0,0,-1.2646338702194815,
fabiana_pca4,fabiana,pca,4,2,0,noisy_aer,20,fabiana:481,0,0,-0.9938952258203844,
fabiana_pca4,fabiana,pca,4,2,0,noisy_aer,21,fabiana:515,0,0,-1.3579962262867435,
fabiana_pca4,fabiana,pca,4,2,0,noisy_aer,22,fabiana:341,0,0,-1.010682531509649,
fabiana_pca4,fabiana,pca,4,2,0,noisy_aer,23,fabiana:4,0,0,-1.2290254497957849,
fabiana_pca4,fabiana,pca,4,2,0,noisy_aer,24,fabiana:838,0,0,-0.949558833089921,
fabiana_pca4,fabiana,pca,4,2,0,noisy_aer,25,fabiana:213,0,0,-1.0738815348141122,
fabiana_pca4,fabiana,pca,4,2,0,noisy_aer,26,fabiana:37,0,0,-1.0778317061810985,
fabiana_pca4,fabiana,pca,4,2,0,noisy_aer,27,fabiana:1008,0,0,-1.0158779297896012,
fabiana_pca4,fabiana,pca,4,2,0,noisy_aer,28,fabiana:970,0,0,-1.3390507748300196,
fabiana_pca4,fabiana,pca,4,2,0,noisy_aer,29,fabiana:166,0,0,-1.1069248423674605,
fabiana_pca4,fabiana,pca,4,2,0,noisy_aer,30,fabiana:652,0,0,-1.2817904938290727,
fabiana_pca4,fabiana,pca,4,2,0,noisy_aer,31,fabiana:224,0,0,-1.0168381472515988,
fabiana_pca4,fabiana,pca,4,2,0,noisy_aer,32,fabiana:377,0,0,-0.9878219567010442,
fabiana_pca4,fabiana,pca,4,2,0,noisy_aer,33,fabiana:946,0,0,-0.9581631723309316,
fabiana_pca4,fabiana,pca,4,2,0,noisy_aer,34,fabiana:989,0,0,-1.0304340848175193,
fabiana_pca4,fabiana,pca,4,2,0,noisy_aer,35,fabiana:657,0,0,-0.956766895131463,
fabiana_pca4,fabiana,pca,4,2,0,noisy_aer,36,fabiana:343,0,0,-1.0164155056929496,
fabiana_pca4,fabiana,pca,4,2,0,noisy_aer,37,fabiana:284,0,0,-1.2032701780597044,
fabiana_pca4,fabiana,pca,4,2,0,noisy_aer,38,fabiana:705,0,0,-1.437786609950474,
fabiana_pca4,fabiana,pca,4,2,0,noisy_aer,39,fabiana:164,0,0,-1.3210545899909434,
fabiana_pca4,fabiana,pca,4,2,0,noisy_aer,40,fabiana:91,1,1,0.8495902428451116,
fabiana_pca4,fabiana,pca,4,2,0,noisy_aer,41,fabiana:88,1,1,1.0535804253315695,
fabiana_pca4,fabiana,pca,4,2,0,noisy_aer,42,fabiana:886,1,1,0.9474200074435509,
fabiana_pca4,fabiana,pca,4,2,0,noisy_aer,43,fabiana:529,1,1,1.0234776767531801,
fabiana_pca4,fabiana,pca,4,2,0,noisy_aer,44,fabiana:1019,1,1,1.0781715377194936,
fabiana_pca4,fabiana,pca,4,2,0,noisy_aer,45,fabiana:1138,1,1,0.9706378610666803,
fabiana_pca4,fabiana,pca,4,2,0,noisy_aer,46,fabiana:1014,1,1,0.8511236327025542,
fabiana_pca4,fabiana,pca,4,2,0,noisy_aer,47,fabiana:1016,1,0,-0.566876706281283,
fabiana_pca4,fabiana,pca,4,2,0,noisy_aer,48,fabiana:1045,1,1,1.00785487250422,
fabiana_pca4,fabiana,pca,4,2,0,noisy_aer,49,fabiana:31,1,1,1.0004955471584864,
fabiana_pca4,fabiana,pca,4,2,0,noisy_aer,50,fabiana:152,1,1,1.0255551022239482,
fabiana_pca4,fabiana,pca,4,2,0,noisy_aer,51,fabiana:588,1,0,-0.787568444945338,
fabiana_pca4,fabiana,pca,4,2,0,noisy_aer,52,fabiana:944,1,1,1.030350368005571,
fabiana_pca4,fabiana,pca,4,2,0,noisy_aer,53,fabiana:123,1,1,1.0123005571759696,
fabiana_pca4,fabiana,pca,4,2,0,noisy_aer,54,fabiana:438,1,1,1.0190246034078387,
fabiana_pca4,fabiana,pca,4,2,0,noisy_aer,55,fabiana:1078,1,1,0.9686644083733953,
fabiana_pca4,fabiana,pca,4,2,0,noisy_aer,56,fabiana:640,1,1,1.0525832253473755,
fabiana_pca4,fabiana,pca,4,2,0,noisy_aer,57,fabiana:697,1,1,1.002436179950341,
fabiana_pca4,fabiana,pca,4,2,0,noisy_aer,58,fabiana:524,1,1,1.0967779496173402,
fabiana_pca4,fabiana,pca,4,2,0,noisy_aer,59,fabiana:405,1,1,1.0101083791343073,
fabiana_pca4,fabiana,pca,4,2,0,noisy_aer,60,fabiana:475,1,1,1.027637080806156,
fabiana_pca4,fabiana,pca,4,2,0,noisy_aer,61,fabiana:538,1,1,0.8599715912128579,
fabiana_pca4,fabiana,pca,4,2,0,noisy_aer,62,fabiana:244,1,1,1.0050177845616348,
fabiana_pca4,fabiana,pca,4,2,0,noisy_aer,63,fabiana:298,1,1,1.0243953936663708,
fabiana_pca4,fabiana,pca,4,2,0,noisy_aer,64,fabiana:109,1,1,0.7999717091731353,
fabiana_pca4,fabiana,pca,4,2,0,noisy_aer,65,fabiana:753,1,1,0.7621463709852189,
fabiana_pca4,fabiana,pca,4,2,0,noisy_aer,66,fabiana:544,1,0,-1.3064120823775918,
fabiana_pca4,fabiana,pca,4,2,0,noisy_aer,67,fabiana:366,1,1,0.9935181634198014,
fabiana_pca4,fabiana,pca,4,2,0,noisy_aer,68,fabiana:344,1,1,1.0815335271790074,
fabiana_pca4,fabiana,pca,4,2,0,noisy_aer,69,fabiana:533,1,1,0.05899967998806288,
fabiana_pca4,fabiana,pca,4,2,0,noisy_aer,70,fabiana:22,1,1,0.9947513482207144,
fabiana_pca4,fabiana,pca,4,2,0,noisy_aer,71,fabiana:893,1,1,0.945422413809733,
fabiana_pca4,fabiana,pca,4,2,0,noisy_aer,72,fabiana:1010,1,1,0.6487266712259133,
fabiana_pca4,fabiana,pca,4,2,0,noisy_aer,73,fabiana:300,1,1,1.0420505172585626,
fabiana_pca4,fabiana,pca,4,2,0,noisy_aer,74,fabiana:462,1,0,-0.39014599944256234,
fabiana_pca4,fabiana,pca,4,2,0,noisy_aer,75,fabiana:763,1,1,0.9852612330118768,
fabiana_pca4,fabiana,pca,4,2,0,noisy_aer,76,fabiana:826,1,0,-1.1539753069913978,
fabiana_pca4,fabiana,pca,4,2,0,noisy_aer,77,fabiana:680,1,1,1.0114264171244525,
fabiana_pca4,fabiana,pca,4,2,0,noisy_aer,78,fabiana:61,1,1,0.9916327682762406,
fabiana_pca4,fabiana,pca,4,2,0,noisy_aer,79,fabiana:456,1,1,1.1261588221789602,
cic_pca4,cic,pca,4,0,0,exact,0,ARM:178942,0,0,-0.995380945724713,
cic_pca4,cic,pca,4,0,0,exact,1,ARM:198024,0,0,-0.9944156022402483,
cic_pca4,cic,pca,4,0,0,exact,2,ARM:107253,0,0,-0.8926570688965575,
cic_pca4,cic,pca,4,0,0,exact,3,ARM:66507,0,0,-0.9903293790265272,
cic_pca4,cic,pca,4,0,0,exact,4,ARM:111503,0,0,-0.7846973261643083,
cic_pca4,cic,pca,4,0,0,exact,5,ARM:20116,0,0,-0.5830410548463305,
cic_pca4,cic,pca,4,0,0,exact,6,ARM:208197,0,0,-0.99497346137521,
cic_pca4,cic,pca,4,0,0,exact,7,ARM:28695,0,0,-0.9809063165835009,
cic_pca4,cic,pca,4,0,0,exact,8,ARM:96276,0,0,-1.0005279629984019,
cic_pca4,cic,pca,4,0,0,exact,9,ARM:7363,0,0,-1.001386574141176,
cic_pca4,cic,pca,4,0,0,exact,10,MIPS:219972,0,0,-1.1335101373716663,
cic_pca4,cic,pca,4,0,0,exact,11,MIPS:23001,0,0,-1.1146002369278096,
cic_pca4,cic,pca,4,0,0,exact,12,MIPS:79478,0,0,-0.9843962121338626,
cic_pca4,cic,pca,4,0,0,exact,13,MIPS:34314,0,0,-0.9874776084946432,
cic_pca4,cic,pca,4,0,0,exact,14,MIPS:28086,0,1,0.8497197342063818,
cic_pca4,cic,pca,4,0,0,exact,15,MIPS:108768,0,1,0.9328965880641419,
cic_pca4,cic,pca,4,0,0,exact,16,MIPS:205746,0,0,-1.1634981709067849,
cic_pca4,cic,pca,4,0,0,exact,17,MIPS:249059,0,1,0.9445085183778563,
cic_pca4,cic,pca,4,0,0,exact,18,MIPS:4617,0,1,0.8874389796301192,
cic_pca4,cic,pca,4,0,0,exact,19,MIPS:140366,0,0,-1.0588335760573453,
cic_pca4,cic,pca,4,0,0,exact,20,MIPSEL:171361,0,0,-1.0087397337375932,
cic_pca4,cic,pca,4,0,0,exact,21,MIPSEL:178878,0,0,-0.8965606394803655,
cic_pca4,cic,pca,4,0,0,exact,22,MIPSEL:106204,0,1,0.6690664956225847,
cic_pca4,cic,pca,4,0,0,exact,23,MIPSEL:143561,0,0,-0.901658234285286,
cic_pca4,cic,pca,4,0,0,exact,24,MIPSEL:148601,0,0,-0.9695080451996242,
cic_pca4,cic,pca,4,0,0,exact,25,MIPSEL:243254,0,0,-0.9389325084613288,
cic_pca4,cic,pca,4,0,0,exact,26,MIPSEL:131428,0,1,0.06185198616515519,
cic_pca4,cic,pca,4,0,0,exact,27,MIPSEL:236009,0,0,-0.9722982019464145,
cic_pca4,cic,pca,4,0,0,exact,28,MIPSEL:131096,0,0,-0.9520127666676016,
cic_pca4,cic,pca,4,0,0,exact,29,MIPSEL:77059,0,0,-0.9095932181717233,
cic_pca4,cic,pca,4,0,0,exact,30,x86:287335,0,1,0.23871328833784378,
cic_pca4,cic,pca,4,0,0,exact,31,x86:182137,0,1,0.9154644168378523,
cic_pca4,cic,pca,4,0,0,exact,32,x86:60581,0,0,-1.030117204178628,
cic_pca4,cic,pca,4,0,0,exact,33,x86:101616,0,1,0.4671058136276096,
cic_pca4,cic,pca,4,0,0,exact,34,x86:55614,0,0,-1.0785705337674387,
cic_pca4,cic,pca,4,0,0,exact,35,x86:279037,0,0,-0.6377765938480532,
cic_pca4,cic,pca,4,0,0,exact,36,x86:293843,0,1,0.5636972175303199,
cic_pca4,cic,pca,4,0,0,exact,37,x86:142742,0,0,-1.0143777990322067,
cic_pca4,cic,pca,4,0,0,exact,38,x86:194228,0,0,-1.0291590376530313,
cic_pca4,cic,pca,4,0,0,exact,39,x86:132518,0,0,-1.114788264051572,
cic_pca4,cic,pca,4,0,0,exact,40,ARM:635222,1,0,-0.9974362739056194,
cic_pca4,cic,pca,4,0,0,exact,41,ARM:347597,1,0,-0.8693952442191296,
cic_pca4,cic,pca,4,0,0,exact,42,ARM:433265,1,0,-0.9335378788710545,
cic_pca4,cic,pca,4,0,0,exact,43,ARM:434099,1,0,-0.8883883372301732,
cic_pca4,cic,pca,4,0,0,exact,44,ARM:642671,1,1,0.5981374126053852,
cic_pca4,cic,pca,4,0,0,exact,45,ARM:326109,1,0,-0.7511389121266568,
cic_pca4,cic,pca,4,0,0,exact,46,ARM:509068,1,0,-0.9907121654279577,
cic_pca4,cic,pca,4,0,0,exact,47,ARM:364789,1,0,-1.0056369044208133,
cic_pca4,cic,pca,4,0,0,exact,48,ARM:507232,1,0,-0.9506075891308282,
cic_pca4,cic,pca,4,0,0,exact,49,ARM:618964,1,0,-0.9285213604717882,
cic_pca4,cic,pca,4,0,0,exact,50,MIPS:278619,1,0,-0.8416429191756797,
cic_pca4,cic,pca,4,0,0,exact,51,MIPS:284551,1,1,0.797171754480581,
cic_pca4,cic,pca,4,0,0,exact,52,MIPS:323524,1,1,0.376213493579471,
cic_pca4,cic,pca,4,0,0,exact,53,MIPS:256910,1,1,1.235934144399521,
cic_pca4,cic,pca,4,0,0,exact,54,MIPS:323769,1,1,1.2917214721983268,
cic_pca4,cic,pca,4,0,0,exact,55,MIPS:371520,1,1,0.9977442307499155,
cic_pca4,cic,pca,4,0,0,exact,56,MIPS:391693,1,1,1.2838730485866439,
cic_pca4,cic,pca,4,0,0,exact,57,MIPS:385014,1,1,1.0541277449588873,
cic_pca4,cic,pca,4,0,0,exact,58,MIPS:420404,1,1,1.1746174938594796,
cic_pca4,cic,pca,4,0,0,exact,59,MIPS:393808,1,1,1.0093175303398887,
cic_pca4,cic,pca,4,0,0,exact,60,MIPSEL:259546,1,1,1.0893398804643915,
cic_pca4,cic,pca,4,0,0,exact,61,MIPSEL:514064,1,1,0.10756246719523138,
cic_pca4,cic,pca,4,0,0,exact,62,MIPSEL:425905,1,0,-0.9818985542466162,
cic_pca4,cic,pca,4,0,0,exact,63,MIPSEL:317630,1,1,1.0868509165814642,
cic_pca4,cic,pca,4,0,0,exact,64,MIPSEL:452897,1,1,0.25678241004729646,
cic_pca4,cic,pca,4,0,0,exact,65,MIPSEL:257344,1,1,1.0102221104901912,
cic_pca4,cic,pca,4,0,0,exact,66,MIPSEL:352116,1,0,-0.6644266337419366,
cic_pca4,cic,pca,4,0,0,exact,67,MIPSEL:390296,1,1,0.8276432357535216,
cic_pca4,cic,pca,4,0,0,exact,68,MIPSEL:387578,1,1,0.9888637179686866,
cic_pca4,cic,pca,4,0,0,exact,69,MIPSEL:336514,1,0,-0.06531221661467917,
cic_pca4,cic,pca,4,0,0,exact,70,x86:313435,1,1,0.9690530619347715,
cic_pca4,cic,pca,4,0,0,exact,71,x86:326749,1,1,0.9126952236214836,
cic_pca4,cic,pca,4,0,0,exact,72,x86:478730,1,1,1.1266507251383158,
cic_pca4,cic,pca,4,0,0,exact,73,x86:481234,1,0,-0.9242831210919388,
cic_pca4,cic,pca,4,0,0,exact,74,x86:470215,1,0,-1.0762110707151638,
cic_pca4,cic,pca,4,0,0,exact,75,x86:443124,1,1,0.8187516904596968,
cic_pca4,cic,pca,4,0,0,exact,76,x86:488347,1,1,1.0831063165068944,
cic_pca4,cic,pca,4,0,0,exact,77,x86:386346,1,0,-0.857957301712779,
cic_pca4,cic,pca,4,0,0,exact,78,x86:318093,1,1,0.8756854793603257,
cic_pca4,cic,pca,4,0,0,exact,79,x86:448893,1,1,0.530092633030613,
cic_pca4,cic,pca,4,0,0,ideal_aer,0,ARM:178942,0,0,-0.874201246970638,
cic_pca4,cic,pca,4,0,0,ideal_aer,1,ARM:198024,0,0,-0.9959786100355081,
cic_pca4,cic,pca,4,0,0,ideal_aer,2,ARM:107253,0,0,-0.8572316711202157,
cic_pca4,cic,pca,4,0,0,ideal_aer,3,ARM:66507,0,0,-0.9284591981532402,
cic_pca4,cic,pca,4,0,0,ideal_aer,4,ARM:111503,0,0,-0.7813525565977408,
cic_pca4,cic,pca,4,0,0,ideal_aer,5,ARM:20116,0,0,-0.5571459890976294,
cic_pca4,cic,pca,4,0,0,ideal_aer,6,ARM:208197,0,0,-1.0489772405358455,
cic_pca4,cic,pca,4,0,0,ideal_aer,7,ARM:28695,0,0,-0.9790104521435776,
cic_pca4,cic,pca,4,0,0,ideal_aer,8,ARM:96276,0,0,-1.0277806580597701,
cic_pca4,cic,pca,4,0,0,ideal_aer,9,ARM:7363,0,0,-1.0889028287445437,
cic_pca4,cic,pca,4,0,0,ideal_aer,10,MIPS:219972,0,0,-1.168622803272231,
cic_pca4,cic,pca,4,0,0,ideal_aer,11,MIPS:23001,0,0,-1.0421947177680333,
cic_pca4,cic,pca,4,0,0,ideal_aer,12,MIPS:79478,0,0,-1.03987016292646,
cic_pca4,cic,pca,4,0,0,ideal_aer,13,MIPS:34314,0,0,-1.2282720650146142,
cic_pca4,cic,pca,4,0,0,ideal_aer,14,MIPS:28086,0,1,0.8199587767575887,
cic_pca4,cic,pca,4,0,0,ideal_aer,15,MIPS:108768,0,1,1.0382504643210062,
cic_pca4,cic,pca,4,0,0,ideal_aer,16,MIPS:205746,0,0,-1.2000666157022053,
cic_pca4,cic,pca,4,0,0,ideal_aer,17,MIPS:249059,0,1,1.0930419517901928,
cic_pca4,cic,pca,4,0,0,ideal_aer,18,MIPS:4617,0,1,0.909438420176252,
cic_pca4,cic,pca,4,0,0,ideal_aer,19,MIPS:140366,0,0,-1.139489593779865,
cic_pca4,cic,pca,4,0,0,ideal_aer,20,MIPSEL:171361,0,0,-1.1380964155714528,
cic_pca4,cic,pca,4,0,0,ideal_aer,21,MIPSEL:178878,0,0,-1.1286346319709324,
cic_pca4,cic,pca,4,0,0,ideal_aer,22,MIPSEL:106204,0,1,0.7949605968415174,
cic_pca4,cic,pca,4,0,0,ideal_aer,23,MIPSEL:143561,0,0,-1.0810244999944167,
cic_pca4,cic,pca,4,0,0,ideal_aer,24,MIPSEL:148601,0,0,-1.135999295642812,
cic_pca4,cic,pca,4,0,0,ideal_aer,25,MIPSEL:243254,0,0,-0.9249952207610619,
cic_pca4,cic,pca,4,0,0,ideal_aer,26,MIPSEL:131428,0,1,0.1266082057959475,
cic_pca4,cic,pca,4,0,0,ideal_aer,27,MIPSEL:236009,0,0,-1.0978313464539897,
cic_pca4,cic,pca,4,0,0,ideal_aer,28,MIPSEL:131096,0,0,-0.9509338438837855,
cic_pca4,cic,pca,4,0,0,ideal_aer,29,MIPSEL:77059,0,0,-0.9949728939384901,
cic_pca4,cic,pca,4,0,0,ideal_aer,30,x86:287335,0,1,0.21065713996592267,
cic_pca4,cic,pca,4,0,0,ideal_aer,31,x86:182137,0,1,0.9830091270418586,
cic_pca4,cic,pca,4,0,0,ideal_aer,32,x86:60581,0,0,-0.9117952158114622,
cic_pca4,cic,pca,4,0,0,ideal_aer,33,x86:101616,0,1,0.6765658650684006,
cic_pca4,cic,pca,4,0,0,ideal_aer,34,x86:55614,0,0,-1.2374688174563353,
cic_pca4,cic,pca,4,0,0,ideal_aer,35,x86:279037,0,0,-0.6216530048247209,
cic_pca4,cic,pca,4,0,0,ideal_aer,36,x86:293843,0,1,0.6114203568637295,
cic_pca4,cic,pca,4,0,0,ideal_aer,37,x86:142742,0,0,-1.1257598718860709,
cic_pca4,cic,pca,4,0,0,ideal_aer,38,x86:194228,0,0,-1.2167094494572437,
cic_pca4,cic,pca,4,0,0,ideal_aer,39,x86:132518,0,0,-1.1642835077209064,
cic_pca4,cic,pca,4,0,0,ideal_aer,40,ARM:635222,1,0,-1.1281015465475668,
cic_pca4,cic,pca,4,0,0,ideal_aer,41,ARM:347597,1,0,-0.9076986168354382,
cic_pca4,cic,pca,4,0,0,ideal_aer,42,ARM:433265,1,0,-0.9785126788825649,
cic_pca4,cic,pca,4,0,0,ideal_aer,43,ARM:434099,1,0,-1.0255454506431236,
cic_pca4,cic,pca,4,0,0,ideal_aer,44,ARM:642671,1,1,0.630620364197717,
cic_pca4,cic,pca,4,0,0,ideal_aer,45,ARM:326109,1,0,-0.7807593034293165,
cic_pca4,cic,pca,4,0,0,ideal_aer,46,ARM:509068,1,0,-0.9791187536397206,
cic_pca4,cic,pca,4,0,0,ideal_aer,47,ARM:364789,1,0,-1.0046844058771234,
cic_pca4,cic,pca,4,0,0,ideal_aer,48,ARM:507232,1,0,-0.8850255048551272,
cic_pca4,cic,pca,4,0,0,ideal_aer,49,ARM:618964,1,0,-0.8800278610484153,
cic_pca4,cic,pca,4,0,0,ideal_aer,50,MIPS:278619,1,0,-0.8400059604291639,
cic_pca4,cic,pca,4,0,0,ideal_aer,51,MIPS:284551,1,1,0.8066242129932223,
cic_pca4,cic,pca,4,0,0,ideal_aer,52,MIPS:323524,1,1,0.5007969874766924,
cic_pca4,cic,pca,4,0,0,ideal_aer,53,MIPS:256910,1,1,1.1448110135860594,
cic_pca4,cic,pca,4,0,0,ideal_aer,54,MIPS:323769,1,1,1.1432037612465806,
cic_pca4,cic,pca,4,0,0,ideal_aer,55,MIPS:371520,1,1,0.9554162146013683,
cic_pca4,cic,pca,4,0,0,ideal_aer,56,MIPS:391693,1,1,1.172353382415584,
cic_pca4,cic,pca,4,0,0,ideal_aer,57,MIPS:385014,1,1,1.0730475833174022,
cic_pca4,cic,pca,4,0,0,ideal_aer,58,MIPS:420404,1,1,1.0036491805967847,
cic_pca4,cic,pca,4,0,0,ideal_aer,59,MIPS:393808,1,1,1.0618460665352076,
cic_pca4,cic,pca,4,0,0,ideal_aer,60,MIPSEL:259546,1,1,1.2357723341525646,
cic_pca4,cic,pca,4,0,0,ideal_aer,61,MIPSEL:514064,1,1,0.12301677098135527,
cic_pca4,cic,pca,4,0,0,ideal_aer,62,MIPSEL:425905,1,0,-1.1091952484173895,
cic_pca4,cic,pca,4,0,0,ideal_aer,63,MIPSEL:317630,1,1,1.0985570227061001,
cic_pca4,cic,pca,4,0,0,ideal_aer,64,MIPSEL:452897,1,1,0.1964249311442538,
cic_pca4,cic,pca,4,0,0,ideal_aer,65,MIPSEL:257344,1,1,1.1558094501779341,
cic_pca4,cic,pca,4,0,0,ideal_aer,66,MIPSEL:352116,1,0,-0.6893766475531033,
cic_pca4,cic,pca,4,0,0,ideal_aer,67,MIPSEL:390296,1,1,0.766881971844478,
cic_pca4,cic,pca,4,0,0,ideal_aer,68,MIPSEL:387578,1,1,1.0624779222351268,
cic_pca4,cic,pca,4,0,0,ideal_aer,69,MIPSEL:336514,1,0,-0.0655725573676828,
cic_pca4,cic,pca,4,0,0,ideal_aer,70,x86:313435,1,1,1.073604403759675,
cic_pca4,cic,pca,4,0,0,ideal_aer,71,x86:326749,1,1,1.0086596748811527,
cic_pca4,cic,pca,4,0,0,ideal_aer,72,x86:478730,1,1,1.250482067518321,
cic_pca4,cic,pca,4,0,0,ideal_aer,73,x86:481234,1,0,-1.0489992763609162,
cic_pca4,cic,pca,4,0,0,ideal_aer,74,x86:470215,1,0,-1.2435844506051419,
cic_pca4,cic,pca,4,0,0,ideal_aer,75,x86:443124,1,1,0.8308258362548693,
cic_pca4,cic,pca,4,0,0,ideal_aer,76,x86:488347,1,1,1.1561288069553466,
cic_pca4,cic,pca,4,0,0,ideal_aer,77,x86:386346,1,0,-0.7876256713339629,
cic_pca4,cic,pca,4,0,0,ideal_aer,78,x86:318093,1,1,0.8548386434360207,
cic_pca4,cic,pca,4,0,0,ideal_aer,79,x86:448893,1,1,0.5936827142955574,
cic_pca4,cic,pca,4,0,0,noisy_aer,0,ARM:178942,0,0,-0.9659097572583784,
cic_pca4,cic,pca,4,0,0,noisy_aer,1,ARM:198024,0,0,-1.0281888313728376,
cic_pca4,cic,pca,4,0,0,noisy_aer,2,ARM:107253,0,0,-0.6945471550994176,
cic_pca4,cic,pca,4,0,0,noisy_aer,3,ARM:66507,0,0,-1.0430432928764302,
cic_pca4,cic,pca,4,0,0,noisy_aer,4,ARM:111503,0,0,-0.7968381192656417,
cic_pca4,cic,pca,4,0,0,noisy_aer,5,ARM:20116,0,0,-0.4194741467310859,
cic_pca4,cic,pca,4,0,0,noisy_aer,6,ARM:208197,0,0,-1.0704752276859324,
cic_pca4,cic,pca,4,0,0,noisy_aer,7,ARM:28695,0,0,-0.8890302511210422,
cic_pca4,cic,pca,4,0,0,noisy_aer,8,ARM:96276,0,0,-0.9863593631200789,
cic_pca4,cic,pca,4,0,0,noisy_aer,9,ARM:7363,0,0,-0.982849900457184,
cic_pca4,cic,pca,4,0,0,noisy_aer,10,MIPS:219972,0,0,-1.0589905575100351,
cic_pca4,cic,pca,4,0,0,noisy_aer,11,MIPS:23001,0,0,-1.0267979797743707,
cic_pca4,cic,pca,4,0,0,noisy_aer,12,MIPS:79478,0,0,-0.9660685522697572,
cic_pca4,cic,pca,4,0,0,noisy_aer,13,MIPS:34314,0,0,-0.9081598841525742,
cic_pca4,cic,pca,4,0,0,noisy_aer,14,MIPS:28086,0,1,0.7516601101175897,
cic_pca4,cic,pca,4,0,0,noisy_aer,15,MIPS:108768,0,1,0.9584218263977962,
cic_pca4,cic,pca,4,0,0,noisy_aer,16,MIPS:205746,0,0,-1.2076818612324076,
cic_pca4,cic,pca,4,0,0,noisy_aer,17,MIPS:249059,0,1,0.8348130064806578,
cic_pca4,cic,pca,4,0,0,noisy_aer,18,MIPS:4617,0,1,0.6220601789225138,
cic_pca4,cic,pca,4,0,0,noisy_aer,19,MIPS:140366,0,0,-1.1127296720543587,
cic_pca4,cic,pca,4,0,0,noisy_aer,20,MIPSEL:171361,0,0,-1.0155668806396443,
cic_pca4,cic,pca,4,0,0,noisy_aer,21,MIPSEL:178878,0,0,-0.7828225614447044,
cic_pca4,cic,pca,4,0,0,noisy_aer,22,MIPSEL:106204,0,1,0.5549695403837178,
cic_pca4,cic,pca,4,0,0,noisy_aer,23,MIPSEL:143561,0,0,-0.9854386686248082,
cic_pca4,cic,pca,4,0,0,noisy_aer,24,MIPSEL:148601,0,0,-0.8531573991769057,
cic_pca4,cic,pca,4,0,0,noisy_aer,25,MIPSEL:243254,0,0,-0.9435965958722479,
cic_pca4,cic,pca,4,0,0,noisy_aer,26,MIPSEL:131428,0,1,0.06749480860104434,
cic_pca4,cic,pca,4,0,0,noisy_aer,27,MIPSEL:236009,0,0,-1.0050967460278633,
cic_pca4,cic,pca,4,0,0,noisy_aer,28,MIPSEL:131096,0,0,-1.0331833763964837,
cic_pca4,cic,pca,4,0,0,noisy_aer,29,MIPSEL:77059,0,0,-0.8015265992333178,
cic_pca4,cic,pca,4,0,0,noisy_aer,30,x86:287335,0,1,0.2116586168279968,
cic_pca4,cic,pca,4,0,0,noisy_aer,31,x86:182137,0,1,0.9725583896177319,
cic_pca4,cic,pca,4,0,0,noisy_aer,32,x86:60581,0,0,-1.0199896921251423,
cic_pca4,cic,pca,4,0,0,noisy_aer,33,x86:101616,0,1,0.5693150308720674,
cic_pca4,cic,pca,4,0,0,noisy_aer,34,x86:55614,0,0,-1.1032991651611237,
cic_pca4,cic,pca,4,0,0,noisy_aer,35,x86:279037,0,0,-0.6879134723071234,
cic_pca4,cic,pca,4,0,0,noisy_aer,36,x86:293843,0,1,0.7038058322338567,
cic_pca4,cic,pca,4,0,0,noisy_aer,37,x86:142742,0,0,-0.970710837100643,
cic_pca4,cic,pca,4,0,0,noisy_aer,38,x86:194228,0,0,-1.106047209678406,
cic_pca4,cic,pca,4,0,0,noisy_aer,39,x86:132518,0,0,-1.0719803584707686,
cic_pca4,cic,pca,4,0,0,noisy_aer,40,ARM:635222,1,0,-1.0647815970639736,
cic_pca4,cic,pca,4,0,0,noisy_aer,41,ARM:347597,1,0,-0.951293225841001,
cic_pca4,cic,pca,4,0,0,noisy_aer,42,ARM:433265,1,0,-1.0574617478525128,
cic_pca4,cic,pca,4,0,0,noisy_aer,43,ARM:434099,1,0,-0.9226590633125837,
cic_pca4,cic,pca,4,0,0,noisy_aer,44,ARM:642671,1,1,0.6086370092354072,
cic_pca4,cic,pca,4,0,0,noisy_aer,45,ARM:326109,1,0,-0.6469395084809038,
cic_pca4,cic,pca,4,0,0,noisy_aer,46,ARM:509068,1,0,-0.8761641779552118,
cic_pca4,cic,pca,4,0,0,noisy_aer,47,ARM:364789,1,0,-1.1718279576417001,
cic_pca4,cic,pca,4,0,0,noisy_aer,48,ARM:507232,1,0,-0.9483472150486079,
cic_pca4,cic,pca,4,0,0,noisy_aer,49,ARM:618964,1,0,-0.9406514991816026,
cic_pca4,cic,pca,4,0,0,noisy_aer,50,MIPS:278619,1,0,-0.6490593132843334,
cic_pca4,cic,pca,4,0,0,noisy_aer,51,MIPS:284551,1,1,0.8196883118117103,
cic_pca4,cic,pca,4,0,0,noisy_aer,52,MIPS:323524,1,1,0.4104781453093634,
cic_pca4,cic,pca,4,0,0,noisy_aer,53,MIPS:256910,1,1,1.123946348960829,
cic_pca4,cic,pca,4,0,0,noisy_aer,54,MIPS:323769,1,1,1.234769643866532,
cic_pca4,cic,pca,4,0,0,noisy_aer,55,MIPS:371520,1,1,0.9992117955842446,
cic_pca4,cic,pca,4,0,0,noisy_aer,56,MIPS:391693,1,1,1.1139165634741808,
cic_pca4,cic,pca,4,0,0,noisy_aer,57,MIPS:385014,1,1,0.8508440015636018,
cic_pca4,cic,pca,4,0,0,noisy_aer,58,MIPS:420404,1,1,1.206936312244512,
cic_pca4,cic,pca,4,0,0,noisy_aer,59,MIPS:393808,1,1,0.9169080659287672,
cic_pca4,cic,pca,4,0,0,noisy_aer,60,MIPSEL:259546,1,1,0.9634585493389738,
cic_pca4,cic,pca,4,0,0,noisy_aer,61,MIPSEL:514064,1,1,0.1686031801755215,
cic_pca4,cic,pca,4,0,0,noisy_aer,62,MIPSEL:425905,1,0,-1.0790155709153226,
cic_pca4,cic,pca,4,0,0,noisy_aer,63,MIPSEL:317630,1,1,0.9592624819928026,
cic_pca4,cic,pca,4,0,0,noisy_aer,64,MIPSEL:452897,1,1,0.3843181969530816,
cic_pca4,cic,pca,4,0,0,noisy_aer,65,MIPSEL:257344,1,1,0.9158729093777593,
cic_pca4,cic,pca,4,0,0,noisy_aer,66,MIPSEL:352116,1,0,-0.6311481368843261,
cic_pca4,cic,pca,4,0,0,noisy_aer,67,MIPSEL:390296,1,1,0.7756022945628321,
cic_pca4,cic,pca,4,0,0,noisy_aer,68,MIPSEL:387578,1,1,0.9492138395387661,
cic_pca4,cic,pca,4,0,0,noisy_aer,69,MIPSEL:336514,1,0,-0.09199158795585288,
cic_pca4,cic,pca,4,0,0,noisy_aer,70,x86:313435,1,1,0.8344744090673695,
cic_pca4,cic,pca,4,0,0,noisy_aer,71,x86:326749,1,1,0.9723876539292622,
cic_pca4,cic,pca,4,0,0,noisy_aer,72,x86:478730,1,1,0.9923186688086312,
cic_pca4,cic,pca,4,0,0,noisy_aer,73,x86:481234,1,0,-0.835252078504457,
cic_pca4,cic,pca,4,0,0,noisy_aer,74,x86:470215,1,0,-1.0146451637130265,
cic_pca4,cic,pca,4,0,0,noisy_aer,75,x86:443124,1,1,0.7830752857235614,
cic_pca4,cic,pca,4,0,0,noisy_aer,76,x86:488347,1,1,0.9940634519533302,
cic_pca4,cic,pca,4,0,0,noisy_aer,77,x86:386346,1,0,-0.714284420381436,
cic_pca4,cic,pca,4,0,0,noisy_aer,78,x86:318093,1,1,0.8682655037515803,
cic_pca4,cic,pca,4,0,0,noisy_aer,79,x86:448893,1,1,0.43628779838601406,
cic_pca4,cic,pca,4,1,0,exact,0,ARM:138184,0,0,-1.008627392057881,
cic_pca4,cic,pca,4,1,0,exact,1,ARM:208268,0,0,-1.001457414270797,
cic_pca4,cic,pca,4,1,0,exact,2,ARM:164484,0,0,-0.9292693927630946,
cic_pca4,cic,pca,4,1,0,exact,3,ARM:183145,0,0,-0.8666406629721526,
cic_pca4,cic,pca,4,1,0,exact,4,ARM:150242,0,0,-1.0060852587570155,
cic_pca4,cic,pca,4,1,0,exact,5,ARM:110820,0,0,-0.7462156536894258,
cic_pca4,cic,pca,4,1,0,exact,6,ARM:28562,0,0,-1.0027282404515205,
cic_pca4,cic,pca,4,1,0,exact,7,ARM:67820,0,0,-1.0109506891062119,
cic_pca4,cic,pca,4,1,0,exact,8,ARM:113102,0,0,-1.0101069223380932,
cic_pca4,cic,pca,4,1,0,exact,9,ARM:149439,0,0,-1.0095616647703054,
cic_pca4,cic,pca,4,1,0,exact,10,MIPS:90624,0,0,-0.3540564918190603,
cic_pca4,cic,pca,4,1,0,exact,11,MIPS:246091,0,0,-0.950949738500406,
cic_pca4,cic,pca,4,1,0,exact,12,MIPS:61621,0,0,-0.9184540319631955,
cic_pca4,cic,pca,4,1,0,exact,13,MIPS:23031,0,0,-0.9836927704444953,
cic_pca4,cic,pca,4,1,0,exact,14,MIPS:177762,0,1,0.7062006087091901,
cic_pca4,cic,pca,4,1,0,exact,15,MIPS:119286,0,0,-0.37833457829797634,
cic_pca4,cic,pca,4,1,0,exact,16,MIPS:96764,0,1,0.6544661151531985,
cic_pca4,cic,pca,4,1,0,exact,17,MIPS:205646,0,1,0.27937381198492345,
cic_pca4,cic,pca,4,1,0,exact,18,MIPS:243016,0,1,0.3029179924379576,
cic_pca4,cic,pca,4,1,0,exact,19,MIPS:161577,0,1,0.17235558128613926,
cic_pca4,cic,pca,4,1,0,exact,20,MIPSEL:239085,0,0,-1.0324674562855305,
cic_pca4,cic,pca,4,1,0,exact,21,MIPSEL:79635,0,0,-0.9741394123181086,
cic_pca4,cic,pca,4,1,0,exact,22,MIPSEL:15135,0,1,1.0418162798708583,
cic_pca4,cic,pca,4,1,0,exact,23,MIPSEL:41522,0,0,-1.0660810383344588,
cic_pca4,cic,pca,4,1,0,exact,24,MIPSEL:241103,0,0,-1.0906769256880204,
cic_pca4,cic,pca,4,1,0,exact,25,MIPSEL:23316,0,1,0.38188088747239907,
cic_pca4,cic,pca,4,1,0,exact,26,MIPSEL:209081,0,1,0.7463736021712033,
cic_pca4,cic,pca,4,1,0,exact,27,MIPSEL:170319,0,0,-1.0914237303437868,
cic_pca4,cic,pca,4,1,0,exact,28,MIPSEL:52216,0,0,-0.8295804214849667,
cic_pca4,cic,pca,4,1,0,exact,29,MIPSEL:189862,0,0,-0.7632653254956092,
cic_pca4,cic,pca,4,1,0,exact,30,x86:193258,0,0,-0.986744186048097,
cic_pca4,cic,pca,4,1,0,exact,31,x86:155851,0,1,0.5975752968804331,
cic_pca4,cic,pca,4,1,0,exact,32,x86:48050,0,0,-0.32433223460399907,
cic_pca4,cic,pca,4,1,0,exact,33,x86:63795,0,0,-0.9734041974393304,
cic_pca4,cic,pca,4,1,0,exact,34,x86:253275,0,0,-1.0083469361873945,
cic_pca4,cic,pca,4,1,0,exact,35,x86:139524,0,0,-1.0228877841343464,
cic_pca4,cic,pca,4,1,0,exact,36,x86:301220,0,0,-1.0158433905568098,
cic_pca4,cic,pca,4,1,0,exact,37,x86:202575,0,0,-0.7495798350457303,
cic_pca4,cic,pca,4,1,0,exact,38,x86:41072,0,0,-0.9227996715891962,
cic_pca4,cic,pca,4,1,0,exact,39,x86:703,0,0,-0.9729130212110408,
cic_pca4,cic,pca,4,1,0,exact,40,ARM:602192,1,0,-0.026698244755599454,
cic_pca4,cic,pca,4,1,0,exact,41,ARM:339447,1,0,-1.003678649147081,
cic_pca4,cic,pca,4,1,0,exact,42,ARM:465013,1,0,-0.9557241670146503,
cic_pca4,cic,pca,4,1,0,exact,43,ARM:311177,1,1,0.9850642705957783,
cic_pca4,cic,pca,4,1,0,exact,44,ARM:326305,1,1,0.3407745504514465,
cic_pca4,cic,pca,4,1,0,exact,45,ARM:627817,1,0,-1.0186572611029305,
cic_pca4,cic,pca,4,1,0,exact,46,ARM:445926,1,1,1.3028998598460095,
cic_pca4,cic,pca,4,1,0,exact,47,ARM:347996,1,0,-0.844883711008307,
cic_pca4,cic,pca,4,1,0,exact,48,ARM:445710,1,0,-0.9868620289751164,
cic_pca4,cic,pca,4,1,0,exact,49,ARM:378396,1,0,-0.9689894703596404,
cic_pca4,cic,pca,4,1,0,exact,50,MIPS:275048,1,1,0.6535274302048975,
cic_pca4,cic,pca,4,1,0,exact,51,MIPS:313136,1,1,1.1173425193932822,
cic_pca4,cic,pca,4,1,0,exact,52,MIPS:425402,1,1,1.0865144178980768,
cic_pca4,cic,pca,4,1,0,exact,53,MIPS:387465,1,0,-0.5082469985406739,
cic_pca4,cic,pca,4,1,0,exact,54,MIPS:304035,1,1,1.127692150845026,
cic_pca4,cic,pca,4,1,0,exact,55,MIPS:417381,1,0,-0.28425722821879584,
cic_pca4,cic,pca,4,1,0,exact,56,MIPS:422349,1,1,1.0662805078098507,
cic_pca4,cic,pca,4,1,0,exact,57,MIPS:279363,1,1,1.0701524185829805,
cic_pca4,cic,pca,4,1,0,exact,58,MIPS:339594,1,0,-0.9435262671525384,
cic_pca4,cic,pca,4,1,0,exact,59,MIPS:384196,1,1,1.2048918698019415,
cic_pca4,cic,pca,4,1,0,exact,60,MIPSEL:343383,1,1,0.8121958526862488,
cic_pca4,cic,pca,4,1,0,exact,61,MIPSEL:458020,1,1,0.9634938382600137,
cic_pca4,cic,pca,4,1,0,exact,62,MIPSEL:511666,1,1,0.7718995300693343,
cic_pca4,cic,pca,4,1,0,exact,63,MIPSEL:291626,1,1,0.9698071870102432,
cic_pca4,cic,pca,4,1,0,exact,64,MIPSEL:342265,1,1,0.9584476856923929,
cic_pca4,cic,pca,4,1,0,exact,65,MIPSEL:403039,1,0,-0.13858747712564667,
cic_pca4,cic,pca,4,1,0,exact,66,MIPSEL:263127,1,1,0.8260246222423481,
cic_pca4,cic,pca,4,1,0,exact,67,MIPSEL:495565,1,0,-1.0584673608360895,
cic_pca4,cic,pca,4,1,0,exact,68,MIPSEL:398556,1,1,0.5233237276657721,
cic_pca4,cic,pca,4,1,0,exact,69,MIPSEL:285883,1,1,0.9602022014971847,
cic_pca4,cic,pca,4,1,0,exact,70,x86:331916,1,0,-0.9944171229263132,
cic_pca4,cic,pca,4,1,0,exact,71,x86:409819,1,1,1.0541903415086202,
cic_pca4,cic,pca,4,1,0,exact,72,x86:413251,1,0,-0.7834560378494466,
cic_pca4,cic,pca,4,1,0,exact,73,x86:419189,1,0,-0.4512360264441152,
cic_pca4,cic,pca,4,1,0,exact,74,x86:484386,1,0,-0.9530310281840797,
cic_pca4,cic,pca,4,1,0,exact,75,x86:450689,1,0,-0.9452673471346833,
cic_pca4,cic,pca,4,1,0,exact,76,x86:310881,1,1,1.0195928049650431,
cic_pca4,cic,pca,4,1,0,exact,77,x86:395287,1,1,0.44404997025204807,
cic_pca4,cic,pca,4,1,0,exact,78,x86:328564,1,1,0.7337949038820478,
cic_pca4,cic,pca,4,1,0,exact,79,x86:443300,1,1,0.9192476199193867,
cic_pca4,cic,pca,4,1,0,ideal_aer,0,ARM:138184,0,0,-0.8910164107779797,
cic_pca4,cic,pca,4,1,0,ideal_aer,1,ARM:208268,0,0,-0.9276369076911604,
cic_pca4,cic,pca,4,1,0,ideal_aer,2,ARM:164484,0,0,-0.6991834345716506,
cic_pca4,cic,pca,4,1,0,ideal_aer,3,ARM:183145,0,0,-0.7112533708188375,
cic_pca4,cic,pca,4,1,0,ideal_aer,4,ARM:150242,0,0,-0.9534185244583793,
cic_pca4,cic,pca,4,1,0,ideal_aer,5,ARM:110820,0,0,-0.6726881217596832,
cic_pca4,cic,pca,4,1,0,ideal_aer,6,ARM:28562,0,0,-0.9726542722935849,
cic_pca4,cic,pca,4,1,0,ideal_aer,7,ARM:67820,0,0,-1.0380607382829319,
cic_pca4,cic,pca,4,1,0,ideal_aer,8,ARM:113102,0,0,-1.00690194650677,
cic_pca4,cic,pca,4,1,0,ideal_aer,9,ARM:149439,0,0,-0.9544180416866199,
cic_pca4,cic,pca,4,1,0,ideal_aer,10,MIPS:90624,0,0,-0.4351892371025094,
cic_pca4,cic,pca,4,1,0,ideal_aer,11,MIPS:246091,0,0,-1.0456837121761673,
cic_pca4,cic,pca,4,1,0,ideal_aer,12,MIPS:61621,0,0,-0.9042586285961942,
cic_pca4,cic,pca,4,1,0,ideal_aer,13,MIPS:23031,0,0,-1.1844325150981754,
cic_pca4,cic,pca,4,1,0,ideal_aer,14,MIPS:177762,0,1,0.7784162566679065,
cic_pca4,cic,pca,4,1,0,ideal_aer,15,MIPS:119286,0,0,-0.548849008338496,
cic_pca4,cic,pca,4,1,0,ideal_aer,16,MIPS:96764,0,1,0.7170997352578372,
cic_pca4,cic,pca,4,1,0,ideal_aer,17,MIPS:205646,0,1,0.09769304678171026,
cic_pca4,cic,pca,4,1,0,ideal_aer,18,MIPS:243016,0,1,0.6026824809164715,
cic_pca4,cic,pca,4,1,0,ideal_aer,19,MIPS:161577,0,1,0.21006697159854887,
cic_pca4,cic,pca,4,1,0,ideal_aer,20,MIPSEL:239085,0,0,-0.9624615285752918,
cic_pca4,cic,pca,4,1,0,ideal_aer,21,MIPSEL:79635,0,0,-1.0315256979330254,
cic_pca4,cic,pca,4,1,0,ideal_aer,22,MIPSEL:15135,0,1,1.1082533482367176,
cic_pca4,cic,pca,4,1,0,ideal_aer,23,MIPSEL:41522,0,0,-1.0467297001273126,
cic_pca4,cic,pca,4,1,0,ideal_aer,24,MIPSEL:241103,0,0,-1.0726015800530302,
cic_pca4,cic,pca,4,1,0,ideal_aer,25,MIPSEL:23316,0,1,0.3656894538512477,
cic_pca4,cic,pca,4,1,0,ideal_aer,26,MIPSEL:209081,0,1,0.5937478888423011,
cic_pca4,cic,pca,4,1,0,ideal_aer,27,MIPSEL:170319,0,0,-1.1697518965348608,
cic_pca4,cic,pca,4,1,0,ideal_aer,28,MIPSEL:52216,0,0,-0.8164034756983511,
cic_pca4,cic,pca,4,1,0,ideal_aer,29,MIPSEL:189862,0,0,-0.8898006996859027,
cic_pca4,cic,pca,4,1,0,ideal_aer,30,x86:193258,0,0,-1.0951026810493119,
cic_pca4,cic,pca,4,1,0,ideal_aer,31,x86:155851,0,1,0.6383441252210303,
cic_pca4,cic,pca,4,1,0,ideal_aer,32,x86:48050,0,0,-0.2873721633484236,
cic_pca4,cic,pca,4,1,0,ideal_aer,33,x86:63795,0,0,-0.9147589098346334,
cic_pca4,cic,pca,4,1,0,ideal_aer,34,x86:253275,0,0,-1.0195617526876863,
cic_pca4,cic,pca,4,1,0,ideal_aer,35,x86:139524,0,0,-1.2520514306428412,
cic_pca4,cic,pca,4,1,0,ideal_aer,36,x86:301220,0,0,-1.1360051127523465,
cic_pca4,cic,pca,4,1,0,ideal_aer,37,x86:202575,0,0,-0.8053787231832907,
cic_pca4,cic,pca,4,1,0,ideal_aer,38,x86:41072,0,0,-0.9749357809187864,
cic_pca4,cic,pca,4,1,0,ideal_aer,39,x86:703,0,0,-1.1790370683726161,
cic_pca4,cic,pca,4,1,0,ideal_aer,40,ARM:602192,1,1,0.10993903607652328,
cic_pca4,cic,pca,4,1,0,ideal_aer,41,ARM:339447,1,0,-0.9074034948442218,
cic_pca4,cic,pca,4,1,0,ideal_aer,42,ARM:465013,1,0,-0.8232020471086661,
cic_pca4,cic,pca,4,1,0,ideal_aer,43,ARM:311177,1,1,1.289318836314304,
cic_pca4,cic,pca,4,1,0,ideal_aer,44,ARM:326305,1,1,0.48621313991600223,
cic_pca4,cic,pca,4,1,0,ideal_aer,45,ARM:627817,1,0,-0.7959218426618753,
cic_pca4,cic,pca,4,1,0,ideal_aer,46,ARM:445926,1,1,1.44673942200875,
cic_pca4,cic,pca,4,1,0,ideal_aer,47,ARM:347996,1,0,-0.6340149370047772,
cic_pca4,cic,pca,4,1,0,ideal_aer,48,ARM:445710,1,0,-0.8886344101378094,
cic_pca4,cic,pca,4,1,0,ideal_aer,49,ARM:378396,1,0,-0.6391895886558439,
cic_pca4,cic,pca,4,1,0,ideal_aer,50,MIPS:275048,1,1,0.6326559500276285,
cic_pca4,cic,pca,4,1,0,ideal_aer,51,MIPS:313136,1,1,1.1976826506771066,
cic_pca4,cic,pca,4,1,0,ideal_aer,52,MIPS:425402,1,1,1.1960732605520175,
cic_pca4,cic,pca,4,1,0,ideal_aer,53,MIPS:387465,1,0,-0.5529027064063095,
cic_pca4,cic,pca,4,1,0,ideal_aer,54,MIPS:304035,1,1,1.1754431420475748,
cic_pca4,cic,pca,4,1,0,ideal_aer,55,MIPS:417381,1,0,-0.27059672425711295,
cic_pca4,cic,pca,4,1,0,ideal_aer,56,MIPS:422349,1,1,1.2135870902208983,
cic_pca4,cic,pca,4,1,0,ideal_aer,57,MIPS:279363,1,1,1.0938907859051292,
cic_pca4,cic,pca,4,1,0,ideal_aer,58,MIPS:339594,1,0,-0.9236831048935885,
cic_pca4,cic,pca,4,1,0,ideal_aer,59,MIPS:384196,1,1,1.4210468330922021,
cic_pca4,cic,pca,4,1,0,ideal_aer,60,MIPSEL:343383,1,1,0.9886890599009865,
cic_pca4,cic,pca,4,1,0,ideal_aer,61,MIPSEL:458020,1,1,0.9385680713385622,
cic_pca4,cic,pca,4,1,0,ideal_aer,62,MIPSEL:511666,1,1,0.9343628412053369,
cic_pca4,cic,pca,4,1,0,ideal_aer,63,MIPSEL:291626,1,1,0.9833107219947064,
cic_pca4,cic,pca,4,1,0,ideal_aer,64,MIPSEL:342265,1,1,1.1459540127009271,
cic_pca4,cic,pca,4,1,0,ideal_aer,65,MIPSEL:403039,1,1,0.01188663828315445,
cic_pca4,cic,pca,4,1,0,ideal_aer,66,MIPSEL:263127,1,1,0.6945061488106171,
cic_pca4,cic,pca,4,1,0,ideal_aer,67,MIPSEL:495565,1,0,-1.2798062920749116,
cic_pca4,cic,pca,4,1,0,ideal_aer,68,MIPSEL:398556,1,1,0.5815303200833948,
cic_pca4,cic,pca,4,1,0,ideal_aer,69,MIPSEL:285883,1,1,1.1057655719940627,
cic_pca4,cic,pca,4,1,0,ideal_aer,70,x86:331916,1,0,-1.2548874328510946,
cic_pca4,cic,pca,4,1,0,ideal_aer,71,x86:409819,1,1,1.062685094257537,
cic_pca4,cic,pca,4,1,0,ideal_aer,72,x86:413251,1,0,-0.8380629080053374,
cic_pca4,cic,pca,4,1,0,ideal_aer,73,x86:419189,1,0,-0.5569782946299537,
cic_pca4,cic,pca,4,1,0,ideal_aer,74,x86:484386,1,0,-0.9615697071822109,
cic_pca4,cic,pca,4,1,0,ideal_aer,75,x86:450689,1,0,-1.0890106942908178,
cic_pca4,cic,pca,4,1,0,ideal_aer,76,x86:310881,1,1,1.0121070438850717,
cic_pca4,cic,pca,4,1,0,ideal_aer,77,x86:395287,1,1,0.5134917821412659,
cic_pca4,cic,pca,4,1,0,ideal_aer,78,x86:328564,1,1,0.5446826239323876,
cic_pca4,cic,pca,4,1,0,ideal_aer,79,x86:443300,1,1,0.8513289529767154,
cic_pca4,cic,pca,4,1,0,noisy_aer,0,ARM:138184,0,0,-1.0943877001210485,
cic_pca4,cic,pca,4,1,0,noisy_aer,1,ARM:208268,0,0,-1.0866729151077668,
cic_pca4,cic,pca,4,1,0,noisy_aer,2,ARM:164484,0,0,-0.7736122636656464,
cic_pca4,cic,pca,4,1,0,noisy_aer,3,ARM:183145,0,0,-0.7342570328697038,
cic_pca4,cic,pca,4,1,0,noisy_aer,4,ARM:150242,0,0,-1.026064193474534,
cic_pca4,cic,pca,4,1,0,noisy_aer,5,ARM:110820,0,0,-0.6125231223263967,
cic_pca4,cic,pca,4,1,0,noisy_aer,6,ARM:28562,0,0,-1.0028392167695666,
cic_pca4,cic,pca,4,1,0,noisy_aer,7,ARM:67820,0,0,-0.8305850260408623,
cic_pca4,cic,pca,4,1,0,noisy_aer,8,ARM:113102,0,0,-0.8989320095059017,
cic_pca4,cic,pca,4,1,0,noisy_aer,9,ARM:149439,0,0,-0.9610905169102404,
cic_pca4,cic,pca,4,1,0,noisy_aer,10,MIPS:90624,0,0,-0.36926522916835336,
cic_pca4,cic,pca,4,1,0,noisy_aer,11,MIPS:246091,0,0,-0.8767216801662872,
cic_pca4,cic,pca,4,1,0,noisy_aer,12,MIPS:61621,0,0,-0.8930163274171621,
cic_pca4,cic,pca,4,1,0,noisy_aer,13,MIPS:23031,0,0,-1.2147110272915613,
cic_pca4,cic,pca,4,1,0,noisy_aer,14,MIPS:177762,0,1,0.9981945338081529,
cic_pca4,cic,pca,4,1,0,noisy_aer,15,MIPS:119286,0,0,-0.2397216356231191,
cic_pca4,cic,pca,4,1,0,noisy_aer,16,MIPS:96764,0,1,0.8275047419232961,
cic_pca4,cic,pca,4,1,0,noisy_aer,17,MIPS:205646,0,1,0.2876327335014488,
cic_pca4,cic,pca,4,1,0,noisy_aer,18,MIPS:243016,0,1,0.45371210199728085,
cic_pca4,cic,pca,4,1,0,noisy_aer,19,MIPS:161577,0,1,0.36254567985009667,
cic_pca4,cic,pca,4,1,0,noisy_aer,20,MIPSEL:239085,0,0,-1.0528469999935433,
cic_pca4,cic,pca,4,1,0,noisy_aer,21,MIPSEL:79635,0,0,-0.7692931271861696,
cic_pca4,cic,pca,4,1,0,noisy_aer,22,MIPSEL:15135,0,1,1.1215837156422264,
cic_pca4,cic,pca,4,1,0,noisy_aer,23,MIPSEL:41522,0,0,-1.1711171573351877,
cic_pca4,cic,pca,4,1,0,noisy_aer,24,MIPSEL:241103,0,0,-1.1677177588687209,
cic_pca4,cic,pca,4,1,0,noisy_aer,25,MIPSEL:23316,0,1,0.734779918931139,
cic_pca4,cic,pca,4,1,0,noisy_aer,26,MIPSEL:209081,0,1,0.9880143014713894,
cic_pca4,cic,pca,4,1,0,noisy_aer,27,MIPSEL:170319,0,0,-1.2353565690148764,
cic_pca4,cic,pca,4,1,0,noisy_aer,28,MIPSEL:52216,0,0,-0.7822269210624393,
cic_pca4,cic,pca,4,1,0,noisy_aer,29,MIPSEL:189862,0,0,-0.730477546231106,
cic_pca4,cic,pca,4,1,0,noisy_aer,30,x86:193258,0,0,-0.8664073214114092,
cic_pca4,cic,pca,4,1,0,noisy_aer,31,x86:155851,0,1,0.5831234811967063,
cic_pca4,cic,pca,4,1,0,noisy_aer,32,x86:48050,0,0,-0.26987482914595917,
cic_pca4,cic,pca,4,1,0,noisy_aer,33,x86:63795,0,0,-0.9452547674165581,
cic_pca4,cic,pca,4,1,0,noisy_aer,34,x86:253275,0,0,-0.7175800845652471,
cic_pca4,cic,pca,4,1,0,noisy_aer,35,x86:139524,0,0,-0.7609997272167752,
cic_pca4,cic,pca,4,1,0,noisy_aer,36,x86:301220,0,0,-0.7553832178593303,
cic_pca4,cic,pca,4,1,0,noisy_aer,37,x86:202575,0,0,-0.49027379647111546,
cic_pca4,cic,pca,4,1,0,noisy_aer,38,x86:41072,0,0,-1.0259549871585887,
cic_pca4,cic,pca,4,1,0,noisy_aer,39,x86:703,0,0,-0.8673160536202165,
cic_pca4,cic,pca,4,1,0,noisy_aer,40,ARM:602192,1,1,0.023452574020260353,
cic_pca4,cic,pca,4,1,0,noisy_aer,41,ARM:339447,1,0,-1.1313505962869934,
cic_pca4,cic,pca,4,1,0,noisy_aer,42,ARM:465013,1,0,-1.010604391561784,
cic_pca4,cic,pca,4,1,0,noisy_aer,43,ARM:311177,1,1,0.6975145093507684,
cic_pca4,cic,pca,4,1,0,noisy_aer,44,ARM:326305,1,1,0.42765981474200165,
cic_pca4,cic,pca,4,1,0,noisy_aer,45,ARM:627817,1,0,-1.1100534243835687,
cic_pca4,cic,pca,4,1,0,noisy_aer,46,ARM:445926,1,1,1.6140026219537622,
cic_pca4,cic,pca,4,1,0,noisy_aer,47,ARM:347996,1,0,-0.9028697776617525,
cic_pca4,cic,pca,4,1,0,noisy_aer,48,ARM:445710,1,0,-1.035494580333505,
cic_pca4,cic,pca,4,1,0,noisy_aer,49,ARM:378396,1,0,-0.9165994892855125,
cic_pca4,cic,pca,4,1,0,noisy_aer,50,MIPS:275048,1,1,0.8727465244431213,
cic_pca4,cic,pca,4,1,0,noisy_aer,51,MIPS:313136,1,1,1.1372695578492857,
cic_pca4,cic,pca,4,1,0,noisy_aer,52,MIPS:425402,1,1,0.978917933475374,
cic_pca4,cic,pca,4,1,0,noisy_aer,53,MIPS:387465,1,0,-0.27097936649359067,
cic_pca4,cic,pca,4,1,0,noisy_aer,54,MIPS:304035,1,1,1.1365787734899677,
cic_pca4,cic,pca,4,1,0,noisy_aer,55,MIPS:417381,1,0,-0.15231550787656145,
cic_pca4,cic,pca,4,1,0,noisy_aer,56,MIPS:422349,1,1,1.1703999997232963,
cic_pca4,cic,pca,4,1,0,noisy_aer,57,MIPS:279363,1,1,0.9757314736703551,
cic_pca4,cic,pca,4,1,0,noisy_aer,58,MIPS:339594,1,0,-0.873820394154301,
cic_pca4,cic,pca,4,1,0,noisy_aer,59,MIPS:384196,1,1,1.2995883210984256,
cic_pca4,cic,pca,4,1,0,noisy_aer,60,MIPSEL:343383,1,1,1.0509876336037844,
cic_pca4,cic,pca,4,1,0,noisy_aer,61,MIPSEL:458020,1,1,0.9593934114701905,
cic_pca4,cic,pca,4,1,0,noisy_aer,62,MIPSEL:511666,1,1,0.8766889981244559,
cic_pca4,cic,pca,4,1,0,noisy_aer,63,MIPSEL:291626,1,1,1.0209742654818563,
cic_pca4,cic,pca,4,1,0,noisy_aer,64,MIPSEL:342265,1,1,1.049094601493364,
cic_pca4,cic,pca,4,1,0,noisy_aer,65,MIPSEL:403039,1,0,-0.1616403177525172,
cic_pca4,cic,pca,4,1,0,noisy_aer,66,MIPSEL:263127,1,1,0.9426762148958104,
cic_pca4,cic,pca,4,1,0,noisy_aer,67,MIPSEL:495565,1,0,-0.7139685331150192,
cic_pca4,cic,pca,4,1,0,noisy_aer,68,MIPSEL:398556,1,1,0.5579242523716791,
cic_pca4,cic,pca,4,1,0,noisy_aer,69,MIPSEL:285883,1,1,0.9347123922263004,
cic_pca4,cic,pca,4,1,0,noisy_aer,70,x86:331916,1,0,-0.9382145844632617,
cic_pca4,cic,pca,4,1,0,noisy_aer,71,x86:409819,1,1,1.0268505661344123,
cic_pca4,cic,pca,4,1,0,noisy_aer,72,x86:413251,1,0,-0.6631124860285049,
cic_pca4,cic,pca,4,1,0,noisy_aer,73,x86:419189,1,0,-0.12750446005923433,
cic_pca4,cic,pca,4,1,0,noisy_aer,74,x86:484386,1,0,-0.8775423036935233,
cic_pca4,cic,pca,4,1,0,noisy_aer,75,x86:450689,1,0,-0.9229454756877487,
cic_pca4,cic,pca,4,1,0,noisy_aer,76,x86:310881,1,1,1.0030577975145922,
cic_pca4,cic,pca,4,1,0,noisy_aer,77,x86:395287,1,1,0.46313266641016604,
cic_pca4,cic,pca,4,1,0,noisy_aer,78,x86:328564,1,1,0.7474931959833931,
cic_pca4,cic,pca,4,1,0,noisy_aer,79,x86:443300,1,1,0.8008482757499811,
cic_pca4,cic,pca,4,2,0,exact,0,ARM:149599,0,0,-0.9758721342587989,
cic_pca4,cic,pca,4,2,0,exact,1,ARM:218248,0,0,-0.4868081598270597,
cic_pca4,cic,pca,4,2,0,exact,2,ARM:39778,0,0,-0.9841664914905471,
cic_pca4,cic,pca,4,2,0,exact,3,ARM:103327,0,0,-0.27885863752021645,
cic_pca4,cic,pca,4,2,0,exact,4,ARM:217150,0,0,-0.9073289176224896,
cic_pca4,cic,pca,4,2,0,exact,5,ARM:217970,0,1,0.3890936999605391,
cic_pca4,cic,pca,4,2,0,exact,6,ARM:44535,0,0,-0.9072307490674317,
cic_pca4,cic,pca,4,2,0,exact,7,ARM:123274,0,0,-0.9808521522977934,
cic_pca4,cic,pca,4,2,0,exact,8,ARM:135757,0,0,-0.9472929367513364,
cic_pca4,cic,pca,4,2,0,exact,9,ARM:133851,0,0,-1.057788222020383,
cic_pca4,cic,pca,4,2,0,exact,10,MIPS:108958,0,0,-1.0510240733306722,
cic_pca4,cic,pca,4,2,0,exact,11,MIPS:88579,0,0,-1.0541895050386616,
cic_pca4,cic,pca,4,2,0,exact,12,MIPS:57867,0,0,-1.0517387501686883,
cic_pca4,cic,pca,4,2,0,exact,13,MIPS:168002,0,0,-1.008803584704956,
cic_pca4,cic,pca,4,2,0,exact,14,MIPS:213771,0,1,1.0341733349325462,
cic_pca4,cic,pca,4,2,0,exact,15,MIPS:91932,0,1,0.611870476016959,
cic_pca4,cic,pca,4,2,0,exact,16,MIPS:205244,0,1,0.43690533628205486,
cic_pca4,cic,pca,4,2,0,exact,17,MIPS:198964,0,1,0.21190379501341217,
cic_pca4,cic,pca,4,2,0,exact,18,MIPS:80312,0,0,-1.0620566071448638,
cic_pca4,cic,pca,4,2,0,exact,19,MIPS:176507,0,1,1.0951838199159238,
cic_pca4,cic,pca,4,2,0,exact,20,MIPSEL:221237,0,0,-1.0244036537681946,
cic_pca4,cic,pca,4,2,0,exact,21,MIPSEL:207150,0,0,-1.0397095908225937,
cic_pca4,cic,pca,4,2,0,exact,22,MIPSEL:129775,0,0,-0.2508873498559361,
cic_pca4,cic,pca,4,2,0,exact,23,MIPSEL:239257,0,0,-0.9707702689548531,
cic_pca4,cic,pca,4,2,0,exact,24,MIPSEL:1772,0,1,0.5621734453641563,
cic_pca4,cic,pca,4,2,0,exact,25,MIPSEL:183815,0,0,-1.0405248104534603,
cic_pca4,cic,pca,4,2,0,exact,26,MIPSEL:80849,0,0,-0.8030550116612859,
cic_pca4,cic,pca,4,2,0,exact,27,MIPSEL:170223,0,0,-0.8909892379208607,
cic_pca4,cic,pca,4,2,0,exact,28,MIPSEL:175013,0,0,-1.0533286019701107,
cic_pca4,cic,pca,4,2,0,exact,29,MIPSEL:188355,0,0,-0.7310379615959247,
cic_pca4,cic,pca,4,2,0,exact,30,x86:104520,0,0,-1.2187352695192057,
cic_pca4,cic,pca,4,2,0,exact,31,x86:1403,0,0,-0.9984839218553262,
cic_pca4,cic,pca,4,2,0,exact,32,x86:242449,0,1,0.32886818189362055,
cic_pca4,cic,pca,4,2,0,exact,33,x86:110149,0,0,-1.1419307112214399,
cic_pca4,cic,pca,4,2,0,exact,34,x86:234374,0,0,-0.08849252320255263,
cic_pca4,cic,pca,4,2,0,exact,35,x86:283681,0,1,0.040445182320203665,
cic_pca4,cic,pca,4,2,0,exact,36,x86:47615,0,0,-0.8253218113917818,
cic_pca4,cic,pca,4,2,0,exact,37,x86:269301,0,1,0.3106892618822529,
cic_pca4,cic,pca,4,2,0,exact,38,x86:275701,0,0,-0.920659869609079,
cic_pca4,cic,pca,4,2,0,exact,39,x86:43789,0,0,-1.1191780860026492,
cic_pca4,cic,pca,4,2,0,exact,40,ARM:351875,1,0,-1.067933775974919,
cic_pca4,cic,pca,4,2,0,exact,41,ARM:490964,1,0,-0.8611502160781023,
cic_pca4,cic,pca,4,2,0,exact,42,ARM:639821,1,1,0.8477651949248517,
cic_pca4,cic,pca,4,2,0,exact,43,ARM:465690,1,1,0.622827011273166,
cic_pca4,cic,pca,4,2,0,exact,44,ARM:545331,1,1,0.3712512502443725,
cic_pca4,cic,pca,4,2,0,exact,45,ARM:236702,1,1,0.48969933968473706,
cic_pca4,cic,pca,4,2,0,exact,46,ARM:529279,1,1,0.6120631120862168,
cic_pca4,cic,pca,4,2,0,exact,47,ARM:623571,1,1,1.1078952067564458,
cic_pca4,cic,pca,4,2,0,exact,48,ARM:577874,1,0,-1.005012449343885,
cic_pca4,cic,pca,4,2,0,exact,49,ARM:586094,1,1,1.2005488899145949,
cic_pca4,cic,pca,4,2,0,exact,50,MIPS:408236,1,1,1.0177050853877212,
cic_pca4,cic,pca,4,2,0,exact,51,MIPS:404681,1,0,-0.022677263819307403,
cic_pca4,cic,pca,4,2,0,exact,52,MIPS:369025,1,1,0.5457266609181599,
cic_pca4,cic,pca,4,2,0,exact,53,MIPS:358976,1,1,0.9278591630887072,
cic_pca4,cic,pca,4,2,0,exact,54,MIPS:393250,1,0,-0.9590740536085097,
cic_pca4,cic,pca,4,2,0,exact,55,MIPS:303152,1,1,1.0760825184057352,
cic_pca4,cic,pca,4,2,0,exact,56,MIPS:317959,1,1,0.46003782854705905,
cic_pca4,cic,pca,4,2,0,exact,57,MIPS:418293,1,1,0.8702087149695332,
cic_pca4,cic,pca,4,2,0,exact,58,MIPS:277139,1,1,1.0501258193138265,
cic_pca4,cic,pca,4,2,0,exact,59,MIPS:280557,1,1,0.9601143922683022,
cic_pca4,cic,pca,4,2,0,exact,60,MIPSEL:338846,1,0,-1.0403191518580672,
cic_pca4,cic,pca,4,2,0,exact,61,MIPSEL:432527,1,1,0.9778370175054202,
cic_pca4,cic,pca,4,2,0,exact,62,MIPSEL:258708,1,1,0.3884532677695577,
cic_pca4,cic,pca,4,2,0,exact,63,MIPSEL:433648,1,1,0.42945972404814536,
cic_pca4,cic,pca,4,2,0,exact,64,MIPSEL:276511,1,0,-0.7331619557773578,
cic_pca4,cic,pca,4,2,0,exact,65,MIPSEL:282981,1,1,0.4926731526082073,
cic_pca4,cic,pca,4,2,0,exact,66,MIPSEL:321355,1,1,0.9190255789387654,
cic_pca4,cic,pca,4,2,0,exact,67,MIPSEL:296347,1,1,0.5042175896122357,
cic_pca4,cic,pca,4,2,0,exact,68,MIPSEL:457719,1,1,0.5552020434172067,
cic_pca4,cic,pca,4,2,0,exact,69,MIPSEL:285436,1,1,0.6846259329520319,
cic_pca4,cic,pca,4,2,0,exact,70,x86:459134,1,0,-0.9995591616115885,
cic_pca4,cic,pca,4,2,0,exact,71,x86:387725,1,1,0.8416651048042004,
cic_pca4,cic,pca,4,2,0,exact,72,x86:479702,1,1,0.9118072773396817,
cic_pca4,cic,pca,4,2,0,exact,73,x86:311891,1,0,-0.041160104341744774,
cic_pca4,cic,pca,4,2,0,exact,74,x86:368526,1,1,0.7576282981309579,
cic_pca4,cic,pca,4,2,0,exact,75,x86:417078,1,0,-0.13482130483475457,
cic_pca4,cic,pca,4,2,0,exact,76,x86:471066,1,1,0.5534938717854682,
cic_pca4,cic,pca,4,2,0,exact,77,x86:517565,1,0,-1.1480062406382046,
cic_pca4,cic,pca,4,2,0,exact,78,x86:310303,1,0,-0.28036117283830275,
cic_pca4,cic,pca,4,2,0,exact,79,x86:372805,1,1,1.037771533914373,
cic_pca4,cic,pca,4,2,0,ideal_aer,0,ARM:149599,0,0,-0.9478574546684843,
cic_pca4,cic,pca,4,2,0,ideal_aer,1,ARM:218248,0,0,-0.521766523237628,
cic_pca4,cic,pca,4,2,0,ideal_aer,2,ARM:39778,0,0,-0.9520111156638528,
cic_pca4,cic,pca,4,2,0,ideal_aer,3,ARM:103327,0,0,-0.34021372490136903,
cic_pca4,cic,pca,4,2,0,ideal_aer,4,ARM:217150,0,0,-0.8666479694896664,
cic_pca4,cic,pca,4,2,0,ideal_aer,5,ARM:217970,0,1,0.40718920114130625,
cic_pca4,cic,pca,4,2,0,ideal_aer,6,ARM:44535,0,0,-0.9327166947034217,
cic_pca4,cic,pca,4,2,0,ideal_aer,7,ARM:123274,0,0,-1.1058143219847456,
cic_pca4,cic,pca,4,2,0,ideal_aer,8,ARM:135757,0,0,-0.877285561553455,
cic_pca4,cic,pca,4,2,0,ideal_aer,9,ARM:133851,0,0,-1.0658357465023012,
cic_pca4,cic,pca,4,2,0,ideal_aer,10,MIPS:108958,0,0,-1.025360022319599,
cic_pca4,cic,pca,4,2,0,ideal_aer,11,MIPS:88579,0,0,-1.1706711376562189,
cic_pca4,cic,pca,4,2,0,ideal_aer,12,MIPS:57867,0,0,-1.2307401682915313,
cic_pca4,cic,pca,4,2,0,ideal_aer,13,MIPS:168002,0,0,-1.055827817788121,
cic_pca4,cic,pca,4,2,0,ideal_aer,14,MIPS:213771,0,1,0.9771414032751422,
cic_pca4,cic,pca,4,2,0,ideal_aer,15,MIPS:91932,0,1,0.49773826138117305,
cic_pca4,cic,pca,4,2,0,ideal_aer,16,MIPS:205244,0,1,0.48982291204538386,
cic_pca4,cic,pca,4,2,0,ideal_aer,17,MIPS:198964,0,1,0.2535887231740109,
cic_pca4,cic,pca,4,2,0,ideal_aer,18,MIPS:80312,0,0,-1.0463222039031042,
cic_pca4,cic,pca,4,2,0,ideal_aer,19,MIPS:176507,0,1,1.170094231931671,
cic_pca4,cic,pca,4,2,0,ideal_aer,20,MIPSEL:221237,0,0,-1.2336117393484254,
cic_pca4,cic,pca,4,2,0,ideal_aer,21,MIPSEL:207150,0,0,-1.2114653184326984,
cic_pca4,cic,pca,4,2,0,ideal_aer,22,MIPSEL:129775,0,0,-0.18506206093346,
cic_pca4,cic,pca,4,2,0,ideal_aer,23,MIPSEL:239257,0,0,-0.9796992017784983,
cic_pca4,cic,pca,4,2,0,ideal_aer,24,MIPSEL:1772,0,1,0.623871015771069,
cic_pca4,cic,pca,4,2,0,ideal_aer,25,MIPSEL:183815,0,0,-1.0944801016304693,
cic_pca4,cic,pca,4,2,0,ideal_aer,26,MIPSEL:80849,0,0,-0.7910978268777996,
cic_pca4,cic,pca,4,2,0,ideal_aer,27,MIPSEL:170223,0,0,-0.7916191795573474,
cic_pca4,cic,pca,4,2,0,ideal_aer,28,MIPSEL:175013,0,0,-0.9632644650682899,
cic_pca4,cic,pca,4,2,0,ideal_aer,29,MIPSEL:188355,0,0,-0.6769157860453429,
cic_pca4,cic,pca,4,2,0,ideal_aer,30,x86:104520,0,0,-1.1517545508197,
cic_pca4,cic,pca,4,2,0,ideal_aer,31,x86:1403,0,0,-1.0250168463306504,
cic_pca4,cic,pca,4,2,0,ideal_aer,32,x86:242449,0,1,0.5180242077577639,
cic_pca4,cic,pca,4,2,0,ideal_aer,33,x86:110149,0,0,-1.2753813557612173,
cic_pca4,cic,pca,4,2,0,ideal_aer,34,x86:234374,0,0,-0.13099358214861617,
cic_pca4,cic,pca,4,2,0,ideal_aer,35,x86:283681,0,0,-0.021342187825530767,
cic_pca4,cic,pca,4,2,0,ideal_aer,36,x86:47615,0,0,-0.7334403250431737,
cic_pca4,cic,pca,4,2,0,ideal_aer,37,x86:269301,0,1,0.3374272641617854,
cic_pca4,cic,pca,4,2,0,ideal_aer,38,x86:275701,0,0,-0.9120808606024774,
cic_pca4,cic,pca,4,2,0,ideal_aer,39,x86:43789,0,0,-1.2121641074541558,
cic_pca4,cic,pca,4,2,0,ideal_aer,40,ARM:351875,1,0,-1.1152244600757584,
cic_pca4,cic,pca,4,2,0,ideal_aer,41,ARM:490964,1,0,-0.8815503932046759,
cic_pca4,cic,pca,4,2,0,ideal_aer,42,ARM:639821,1,1,0.8894825172100028,
cic_pca4,cic,pca,4,2,0,ideal_aer,43,ARM:465690,1,1,0.6345954984183415,
cic_pca4,cic,pca,4,2,0,ideal_aer,44,ARM:545331,1,1,0.3540744423755059,
cic_pca4,cic,pca,4,2,0,ideal_aer,45,ARM:236702,1,1,0.4095827421324099,
cic_pca4,cic,pca,4,2,0,ideal_aer,46,ARM:529279,1,1,0.5838964279027252,
cic_pca4,cic,pca,4,2,0,ideal_aer,47,ARM:623571,1,1,1.3034626369200701,
cic_pca4,cic,pca,4,2,0,ideal_aer,48,ARM:577874,1,0,-1.0160828238181305,
cic_pca4,cic,pca,4,2,0,ideal_aer,49,ARM:586094,1,1,1.1693178496837033,
cic_pca4,cic,pca,4,2,0,ideal_aer,50,MIPS:408236,1,1,1.085082228110382,
cic_pca4,cic,pca,4,2,0,ideal_aer,51,MIPS:404681,1,0,-0.1337313577315219,
cic_pca4,cic,pca,4,2,0,ideal_aer,52,MIPS:369025,1,1,0.47884474189609366,
cic_pca4,cic,pca,4,2,0,ideal_aer,53,MIPS:358976,1,1,0.9546980165406022,
cic_pca4,cic,pca,4,2,0,ideal_aer,54,MIPS:393250,1,0,-0.9899273814207467,
cic_pca4,cic,pca,4,2,0,ideal_aer,55,MIPS:303152,1,1,1.2298432098343892,
cic_pca4,cic,pca,4,2,0,ideal_aer,56,MIPS:317959,1,1,0.35182525402348663,
cic_pca4,cic,pca,4,2,0,ideal_aer,57,MIPS:418293,1,1,0.8554562583204401,
cic_pca4,cic,pca,4,2,0,ideal_aer,58,MIPS:277139,1,1,1.1436160302950045,
cic_pca4,cic,pca,4,2,0,ideal_aer,59,MIPS:280557,1,1,1.1063394561765953,
cic_pca4,cic,pca,4,2,0,ideal_aer,60,MIPSEL:338846,1,0,-1.1482033747165001,
cic_pca4,cic,pca,4,2,0,ideal_aer,61,MIPSEL:432527,1,1,0.8485375527282194,
cic_pca4,cic,pca,4,2,0,ideal_aer,62,MIPSEL:258708,1,1,0.360945052646256,
cic_pca4,cic,pca,4,2,0,ideal_aer,63,MIPSEL:433648,1,1,0.4382943321284855,
cic_pca4,cic,pca,4,2,0,ideal_aer,64,MIPSEL:276511,1,0,-0.6598353854097656,
cic_pca4,cic,pca,4,2,0,ideal_aer,65,MIPSEL:282981,1,1,0.43048788592622406,
cic_pca4,cic,pca,4,2,0,ideal_aer,66,MIPSEL:321355,1,1,1.1084964319096273,
cic_pca4,cic,pca,4,2,0,ideal_aer,67,MIPSEL:296347,1,1,0.5108536519451287,
cic_pca4,cic,pca,4,2,0,ideal_aer,68,MIPSEL:457719,1,1,0.5314593689708527,
cic_pca4,cic,pca,4,2,0,ideal_aer,69,MIPSEL:285436,1,1,0.6434260857800796,
cic_pca4,cic,pca,4,2,0,ideal_aer,70,x86:459134,1,0,-0.8598418091121572,
cic_pca4,cic,pca,4,2,0,ideal_aer,71,x86:387725,1,1,0.837260389780586,
cic_pca4,cic,pca,4,2,0,ideal_aer,72,x86:479702,1,1,0.9873659766143291,
cic_pca4,cic,pca,4,2,0,ideal_aer,73,x86:311891,1,0,-0.035075346190631296,
cic_pca4,cic,pca,4,2,0,ideal_aer,74,x86:368526,1,1,0.8642668696174522,
cic_pca4,cic,pca,4,2,0,ideal_aer,75,x86:417078,1,0,-0.17525599281268217,
cic_pca4,cic,pca,4,2,0,ideal_aer,76,x86:471066,1,1,0.4986472128669034,
cic_pca4,cic,pca,4,2,0,ideal_aer,77,x86:517565,1,0,-1.0244178604164467,
cic_pca4,cic,pca,4,2,0,ideal_aer,78,x86:310303,1,0,-0.28440268235311505,
cic_pca4,cic,pca,4,2,0,ideal_aer,79,x86:372805,1,1,1.1273194265521125,
cic_pca4,cic,pca,4,2,0,noisy_aer,0,ARM:149599,0,0,-0.9907058029384985,
cic_pca4,cic,pca,4,2,0,noisy_aer,1,ARM:218248,0,0,-0.46597298551900684,
cic_pca4,cic,pca,4,2,0,noisy_aer,2,ARM:39778,0,0,-0.9121270599873101,
cic_pca4,cic,pca,4,2,0,noisy_aer,3,ARM:103327,0,0,-0.2624928315021579,
cic_pca4,cic,pca,4,2,0,noisy_aer,4,ARM:217150,0,0,-0.8583391514224807,
cic_pca4,cic,pca,4,2,0,noisy_aer,5,ARM:217970,0,1,0.26765841198594165,
cic_pca4,cic,pca,4,2,0,noisy_aer,6,ARM:44535,0,0,-0.8991173205737697,
cic_pca4,cic,pca,4,2,0,noisy_aer,7,ARM:123274,0,0,-0.9156307965127488,
cic_pca4,cic,pca,4,2,0,noisy_aer,8,ARM:135757,0,0,-0.9099737594449997,
cic_pca4,cic,pca,4,2,0,noisy_aer,9,ARM:133851,0,0,-1.180461377085673,
cic_pca4,cic,pca,4,2,0,noisy_aer,10,MIPS:108958,0,0,-0.9623353988969872,
cic_pca4,cic,pca,4,2,0,noisy_aer,11,MIPS:88579,0,0,-1.0055987877127606,
cic_pca4,cic,pca,4,2,0,noisy_aer,12,MIPS:57867,0,0,-1.1164956314601768,
cic_pca4,cic,pca,4,2,0,noisy_aer,13,MIPS:168002,0,0,-0.9681836349197241,
cic_pca4,cic,pca,4,2,0,noisy_aer,14,MIPS:213771,0,1,1.0143035975791048,
cic_pca4,cic,pca,4,2,0,noisy_aer,15,MIPS:91932,0,1,0.596777553449962,
cic_pca4,cic,pca,4,2,0,noisy_aer,16,MIPS:205244,0,1,0.5244470331128288,
cic_pca4,cic,pca,4,2,0,noisy_aer,17,MIPS:198964,0,1,0.1982001668704126,
cic_pca4,cic,pca,4,2,0,noisy_aer,18,MIPS:80312,0,0,-1.1014534568554692,
cic_pca4,cic,pca,4,2,0,noisy_aer,19,MIPS:176507,0,1,0.8838185836484977,
cic_pca4,cic,pca,4,2,0,noisy_aer,20,MIPSEL:221237,0,0,-1.144727439354073,
cic_pca4,cic,pca,4,2,0,noisy_aer,21,MIPSEL:207150,0,0,-0.9487741716657003,
cic_pca4,cic,pca,4,2,0,noisy_aer,22,MIPSEL:129775,0,0,-0.27923334569899677,
cic_pca4,cic,pca,4,2,0,noisy_aer,23,MIPSEL:239257,0,0,-0.9163765191059368,
cic_pca4,cic,pca,4,2,0,noisy_aer,24,MIPSEL:1772,0,1,0.5923697829632765,
cic_pca4,cic,pca,4,2,0,noisy_aer,25,MIPSEL:183815,0,0,-0.8818773941770559,
cic_pca4,cic,pca,4,2,0,noisy_aer,26,MIPSEL:80849,0,0,-0.7599648754381738,
cic_pca4,cic,pca,4,2,0,noisy_aer,27,MIPSEL:170223,0,0,-0.9090926450037702,
cic_pca4,cic,pca,4,2,0,noisy_aer,28,MIPSEL:175013,0,0,-1.0504474420760288,
cic_pca4,cic,pca,4,2,0,noisy_aer,29,MIPSEL:188355,0,0,-0.5750896619595769,
cic_pca4,cic,pca,4,2,0,noisy_aer,30,x86:104520,0,0,-1.2337798464395946,
cic_pca4,cic,pca,4,2,0,noisy_aer,31,x86:1403,0,0,-1.0423609673012955,
cic_pca4,cic,pca,4,2,0,noisy_aer,32,x86:242449,0,1,0.40248668418548383,
cic_pca4,cic,pca,4,2,0,noisy_aer,33,x86:110149,0,0,-0.9199090017876796,
cic_pca4,cic,pca,4,2,0,noisy_aer,34,x86:234374,0,0,-0.050151421144296604,
cic_pca4,cic,pca,4,2,0,noisy_aer,35,x86:283681,0,1,0.008617190228191574,
cic_pca4,cic,pca,4,2,0,noisy_aer,36,x86:47615,0,0,-0.7079748215719919,
cic_pca4,cic,pca,4,2,0,noisy_aer,37,x86:269301,0,1,0.2707841836667557,
cic_pca4,cic,pca,4,2,0,noisy_aer,38,x86:275701,0,0,-0.9051194092516066,
cic_pca4,cic,pca,4,2,0,noisy_aer,39,x86:43789,0,0,-1.0532532493184992,
cic_pca4,cic,pca,4,2,0,noisy_aer,40,ARM:351875,1,0,-1.2079240776250075,
cic_pca4,cic,pca,4,2,0,noisy_aer,41,ARM:490964,1,0,-0.9956259737284945,
cic_pca4,cic,pca,4,2,0,noisy_aer,42,ARM:639821,1,1,0.800809907651578,
cic_pca4,cic,pca,4,2,0,noisy_aer,43,ARM:465690,1,1,0.5104473609753403,
cic_pca4,cic,pca,4,2,0,noisy_aer,44,ARM:545331,1,1,0.2625236479370791,
cic_pca4,cic,pca,4,2,0,noisy_aer,45,ARM:236702,1,1,0.5597547129178306,
cic_pca4,cic,pca,4,2,0,noisy_aer,46,ARM:529279,1,1,0.6412416631120581,
cic_pca4,cic,pca,4,2,0,noisy_aer,47,ARM:623571,1,1,0.9903121450354757,
cic_pca4,cic,pca,4,2,0,noisy_aer,48,ARM:577874,1,0,-0.9861692526661341,
cic_pca4,cic,pca,4,2,0,noisy_aer,49,ARM:586094,1,1,1.119016022012702,
cic_pca4,cic,pca,4,2,0,noisy_aer,50,MIPS:408236,1,1,1.1424267806348916,
cic_pca4,cic,pca,4,2,0,noisy_aer,51,MIPS:404681,1,0,-0.08862415811070917,
cic_pca4,cic,pca,4,2,0,noisy_aer,52,MIPS:369025,1,1,0.5709416852237121,
cic_pca4,cic,pca,4,2,0,noisy_aer,53,MIPS:358976,1,1,0.9421771361099813,
cic_pca4,cic,pca,4,2,0,noisy_aer,54,MIPS:393250,1,0,-0.9398560253622448,
cic_pca4,cic,pca,4,2,0,noisy_aer,55,MIPS:303152,1,1,1.042856144274447,
cic_pca4,cic,pca,4,2,0,noisy_aer,56,MIPS:317959,1,1,0.5982309476120896,
cic_pca4,cic,pca,4,2,0,noisy_aer,57,MIPS:418293,1,1,0.7514969630295789,
cic_pca4,cic,pca,4,2,0,noisy_aer,58,MIPS:277139,1,1,1.1755840047036858,
cic_pca4,cic,pca,4,2,0,noisy_aer,59,MIPS:280557,1,1,1.0445440186436123,
cic_pca4,cic,pca,4,2,0,noisy_aer,60,MIPSEL:338846,1,0,-1.003189667273001,
cic_pca4,cic,pca,4,2,0,noisy_aer,61,MIPSEL:432527,1,1,1.002754204783727,
cic_pca4,cic,pca,4,2,0,noisy_aer,62,MIPSEL:258708,1,1,0.3290988780386461,
cic_pca4,cic,pca,4,2,0,noisy_aer,63,MIPSEL:433648,1,1,0.5824060989580468,
cic_pca4,cic,pca,4,2,0,noisy_aer,64,MIPSEL:276511,1,0,-0.6621709982589754,
cic_pca4,cic,pca,4,2,0,noisy_aer,65,MIPSEL:282981,1,1,0.5369708218161228,
cic_pca4,cic,pca,4,2,0,noisy_aer,66,MIPSEL:321355,1,1,0.8767292832318807,
cic_pca4,cic,pca,4,2,0,noisy_aer,67,MIPSEL:296347,1,1,0.7054115271482074,
cic_pca4,cic,pca,4,2,0,noisy_aer,68,MIPSEL:457719,1,1,0.5172335752134275,
cic_pca4,cic,pca,4,2,0,noisy_aer,69,MIPSEL:285436,1,1,0.7969619195938906,
cic_pca4,cic,pca,4,2,0,noisy_aer,70,x86:459134,1,0,-0.9341294590124816,
cic_pca4,cic,pca,4,2,0,noisy_aer,71,x86:387725,1,1,1.0749295448522327,
cic_pca4,cic,pca,4,2,0,noisy_aer,72,x86:479702,1,1,0.8150184001121037,
cic_pca4,cic,pca,4,2,0,noisy_aer,73,x86:311891,1,0,-0.13800653890144382,
cic_pca4,cic,pca,4,2,0,noisy_aer,74,x86:368526,1,1,0.8811377466556727,
cic_pca4,cic,pca,4,2,0,noisy_aer,75,x86:417078,1,0,-0.15484226236044735,
cic_pca4,cic,pca,4,2,0,noisy_aer,76,x86:471066,1,1,0.2955842865129028,
cic_pca4,cic,pca,4,2,0,noisy_aer,77,x86:517565,1,0,-1.0245394880833827,
cic_pca4,cic,pca,4,2,0,noisy_aer,78,x86:310303,1,0,-0.3666991036278136,
cic_pca4,cic,pca,4,2,0,noisy_aer,79,x86:372805,1,1,1.11472286378422,
ember2018_pca4,ember2018,pca,4,0,0,exact,0,ember2018:49736,0,0,-1.5813171854939567,
ember2018_pca4,ember2018,pca,4,0,0,exact,1,ember2018:26354,0,1,0.6830449089201278,
ember2018_pca4,ember2018,pca,4,0,0,exact,2,ember2018:428843,0,1,0.48887876088568355,
ember2018_pca4,ember2018,pca,4,0,0,exact,3,ember2018:194817,0,1,0.8734596898428872,
ember2018_pca4,ember2018,pca,4,0,0,exact,4,ember2018:10282,0,0,-1.1842492878563111,
ember2018_pca4,ember2018,pca,4,0,0,exact,5,ember2018:393813,0,1,1.1070371733565523,
ember2018_pca4,ember2018,pca,4,0,0,exact,6,ember2018:108251,0,1,0.8504574558560052,
ember2018_pca4,ember2018,pca,4,0,0,exact,7,ember2018:475924,0,0,-0.07543122222072401,
ember2018_pca4,ember2018,pca,4,0,0,exact,8,ember2018:279745,0,0,-1.5768591205769502,
ember2018_pca4,ember2018,pca,4,0,0,exact,9,ember2018:716910,0,1,0.9527242015946562,
ember2018_pca4,ember2018,pca,4,0,0,exact,10,ember2018:150487,0,1,0.8863397297164444,
ember2018_pca4,ember2018,pca,4,0,0,exact,11,ember2018:185140,0,1,0.6047388640470872,
ember2018_pca4,ember2018,pca,4,0,0,exact,12,ember2018:286821,0,1,0.8693763429022365,
ember2018_pca4,ember2018,pca,4,0,0,exact,13,ember2018:2491,0,1,1.140501557448466,
ember2018_pca4,ember2018,pca,4,0,0,exact,14,ember2018:39831,0,0,-0.9807411672964397,
ember2018_pca4,ember2018,pca,4,0,0,exact,15,ember2018:446355,0,1,0.012920978392713722,
ember2018_pca4,ember2018,pca,4,0,0,exact,16,ember2018:47865,0,0,-1.505879232570527,
ember2018_pca4,ember2018,pca,4,0,0,exact,17,ember2018:788110,0,1,1.2677528281570207,
ember2018_pca4,ember2018,pca,4,0,0,exact,18,ember2018:498786,0,1,0.5736961266524057,
ember2018_pca4,ember2018,pca,4,0,0,exact,19,ember2018:744483,0,1,0.5700373554396325,
ember2018_pca4,ember2018,pca,4,0,0,exact,20,ember2018:502867,0,0,-1.5808510085947596,
ember2018_pca4,ember2018,pca,4,0,0,exact,21,ember2018:530279,0,0,-1.586415615020824,
ember2018_pca4,ember2018,pca,4,0,0,exact,22,ember2018:771517,0,1,0.34954979303093886,
ember2018_pca4,ember2018,pca,4,0,0,exact,23,ember2018:241423,0,1,0.9870918938727515,
ember2018_pca4,ember2018,pca,4,0,0,exact,24,ember2018:20379,0,1,0.8472387990354824,
ember2018_pca4,ember2018,pca,4,0,0,exact,25,ember2018:64704,0,1,0.7971785153410458,
ember2018_pca4,ember2018,pca,4,0,0,exact,26,ember2018:218481,0,0,-1.5531225489202476,
ember2018_pca4,ember2018,pca,4,0,0,exact,27,ember2018:33397,0,1,0.7304139136990793,
ember2018_pca4,ember2018,pca,4,0,0,exact,28,ember2018:113751,0,1,0.768526990410596,
ember2018_pca4,ember2018,pca,4,0,0,exact,29,ember2018:420137,0,1,0.2742874812037423,
ember2018_pca4,ember2018,pca,4,0,0,exact,30,ember2018:39505,0,0,-0.803797202509098,
ember2018_pca4,ember2018,pca,4,0,0,exact,31,ember2018:12438,0,0,-1.549876800378484,
ember2018_pca4,ember2018,pca,4,0,0,exact,32,ember2018:35402,0,0,-1.4551765866085802,
ember2018_pca4,ember2018,pca,4,0,0,exact,33,ember2018:182222,0,1,0.44964082079943596,
ember2018_pca4,ember2018,pca,4,0,0,exact,34,ember2018:7416,0,1,0.9057681905781807,
ember2018_pca4,ember2018,pca,4,0,0,exact,35,ember2018:41038,0,0,-1.550470076240487,
ember2018_pca4,ember2018,pca,4,0,0,exact,36,ember2018:614323,0,1,0.8905507017248475,
ember2018_pca4,ember2018,pca,4,0,0,exact,37,ember2018:168385,0,1,0.6651953482752151,
ember2018_pca4,ember2018,pca,4,0,0,exact,38,ember2018:622159,0,1,0.5869008838559844,
ember2018_pca4,ember2018,pca,4,0,0,exact,39,ember2018:450246,0,1,0.9897352242532633,
ember2018_pca4,ember2018,pca,4,0,0,exact,40,ember2018:731787,1,1,1.0751014006227484,
ember2018_pca4,ember2018,pca,4,0,0,exact,41,ember2018:189258,1,1,0.8230014670523444,
ember2018_pca4,ember2018,pca,4,0,0,exact,42,ember2018:534909,1,1,0.9971874619980341,
ember2018_pca4,ember2018,pca,4,0,0,exact,43,ember2018:332738,1,1,1.0528625115856918,
ember2018_pca4,ember2018,pca,4,0,0,exact,44,ember2018:95773,1,0,-0.9232765474032865,
ember2018_pca4,ember2018,pca,4,0,0,exact,45,ember2018:225091,1,1,0.9630752076170188,
ember2018_pca4,ember2018,pca,4,0,0,exact,46,ember2018:239422,1,1,0.7731735248170057,
ember2018_pca4,ember2018,pca,4,0,0,exact,47,ember2018:195541,1,1,1.0299321811810942,
ember2018_pca4,ember2018,pca,4,0,0,exact,48,ember2018:484807,1,1,1.0656359021778887,
ember2018_pca4,ember2018,pca,4,0,0,exact,49,ember2018:294749,1,1,1.10883008229329,
ember2018_pca4,ember2018,pca,4,0,0,exact,50,ember2018:315935,1,1,1.1090331398198203,
ember2018_pca4,ember2018,pca,4,0,0,exact,51,ember2018:384442,1,1,0.3357315472114614,
ember2018_pca4,ember2018,pca,4,0,0,exact,52,ember2018:394626,1,0,-0.6462289137199972,
ember2018_pca4,ember2018,pca,4,0,0,exact,53,ember2018:597965,1,1,0.9400888315638378,
ember2018_pca4,ember2018,pca,4,0,0,exact,54,ember2018:491120,1,1,1.022442486917825,
ember2018_pca4,ember2018,pca,4,0,0,exact,55,ember2018:397211,1,1,1.104306989298786,
ember2018_pca4,ember2018,pca,4,0,0,exact,56,ember2018:325519,1,1,1.2191374419835497,
ember2018_pca4,ember2018,pca,4,0,0,exact,57,ember2018:395427,1,1,1.0097692460908052,
ember2018_pca4,ember2018,pca,4,0,0,exact,58,ember2018:172922,1,1,0.5533926174743309,
ember2018_pca4,ember2018,pca,4,0,0,exact,59,ember2018:551342,1,1,1.2961484045657838,
ember2018_pca4,ember2018,pca,4,0,0,exact,60,ember2018:429422,1,1,0.9936564152480145,
ember2018_pca4,ember2018,pca,4,0,0,exact,61,ember2018:486832,1,1,1.0076201895820673,
ember2018_pca4,ember2018,pca,4,0,0,exact,62,ember2018:241294,1,1,0.4827663456868369,
ember2018_pca4,ember2018,pca,4,0,0,exact,63,ember2018:319570,1,0,-1.2160109561581232,
ember2018_pca4,ember2018,pca,4,0,0,exact,64,ember2018:719626,1,1,0.5405647442996473,
ember2018_pca4,ember2018,pca,4,0,0,exact,65,ember2018:131080,1,1,1.1403847795624489,
ember2018_pca4,ember2018,pca,4,0,0,exact,66,ember2018:167721,1,1,0.9430066093170089,
ember2018_pca4,ember2018,pca,4,0,0,exact,67,ember2018:391679,1,1,0.33507428520008403,
ember2018_pca4,ember2018,pca,4,0,0,exact,68,ember2018:736718,1,1,0.9978915034060685,
ember2018_pca4,ember2018,pca,4,0,0,exact,69,ember2018:763937,1,1,0.9998909524419011,
ember2018_pca4,ember2018,pca,4,0,0,exact,70,ember2018:216665,1,1,0.9022196287945519,
ember2018_pca4,ember2018,pca,4,0,0,exact,71,ember2018:222992,1,1,0.8826069335435727,
ember2018_pca4,ember2018,pca,4,0,0,exact,72,ember2018:796306,1,1,0.8689901595849989,
ember2018_pca4,ember2018,pca,4,0,0,exact,73,ember2018:458888,1,1,1.0970356497005893,
ember2018_pca4,ember2018,pca,4,0,0,exact,74,ember2018:437429,1,1,1.1214434717596753,
ember2018_pca4,ember2018,pca,4,0,0,exact,75,ember2018:334459,1,1,1.1275692774847794,
ember2018_pca4,ember2018,pca,4,0,0,exact,76,ember2018:55275,1,0,-1.2481631464742715,
ember2018_pca4,ember2018,pca,4,0,0,exact,77,ember2018:503167,1,0,-0.5736743314913259,
ember2018_pca4,ember2018,pca,4,0,0,exact,78,ember2018:440101,1,1,0.8812191971660459,
ember2018_pca4,ember2018,pca,4,0,0,exact,79,ember2018:394778,1,1,1.1267481195228237,
ember2018_pca4,ember2018,pca,4,0,0,ideal_aer,0,ember2018:49736,0,0,-1.6522666002237432,
ember2018_pca4,ember2018,pca,4,0,0,ideal_aer,1,ember2018:26354,0,1,0.895931097767649,
ember2018_pca4,ember2018,pca,4,0,0,ideal_aer,2,ember2018:428843,0,1,0.6392342861198385,
ember2018_pca4,ember2018,pca,4,0,0,ideal_aer,3,ember2018:194817,0,1,0.798759649052981,
ember2018_pca4,ember2018,pca,4,0,0,ideal_aer,4,ember2018:10282,0,0,-1.2652905769316716,
ember2018_pca4,ember2018,pca,4,0,0,ideal_aer,5,ember2018:393813,0,1,1.1191110563223434,
ember2018_pca4,ember2018,pca,4,0,0,ideal_aer,6,ember2018:108251,0,1,0.7758032558842752,
ember2018_pca4,ember2018,pca,4,0,0,ideal_aer,7,ember2018:475924,0,0,-0.0937529254501438,
ember2018_pca4,ember2018,pca,4,0,0,ideal_aer,8,ember2018:279745,0,0,-1.7117324450140554,
ember2018_pca4,ember2018,pca,4,0,0,ideal_aer,9,ember2018:716910,0,1,1.1731011344469304,
ember2018_pca4,ember2018,pca,4,0,0,ideal_aer,10,ember2018:150487,0,1,0.9749167482864353,
ember2018_pca4,ember2018,pca,4,0,0,ideal_aer,11,ember2018:185140,0,1,0.6474720657136322,
ember2018_pca4,ember2018,pca,4,0,0,ideal_aer,12,ember2018:286821,0,1,0.8245897917687829,
ember2018_pca4,ember2018,pca,4,0,0,ideal_aer,13,ember2018:2491,0,1,1.1508641945915783,
ember2018_pca4,ember2018,pca,4,0,0,ideal_aer,14,ember2018:39831,0,0,-0.9505773835599184,
ember2018_pca4,ember2018,pca,4,0,0,ideal_aer,15,ember2018:446355,0,0,-0.06940851350706412,
ember2018_pca4,ember2018,pca,4,0,0,ideal_aer,16,ember2018:47865,0,0,-1.5533265786596622,
ember2018_pca4,ember2018,pca,4,0,0,ideal_aer,17,ember2018:788110,0,1,1.4665557854735574,
ember2018_pca4,ember2018,pca,4,0,0,ideal_aer,18,ember2018:498786,0,1,0.7469267568790209,
ember2018_pca4,ember2018,pca,4,0,0,ideal_aer,19,ember2018:744483,0,1,0.658188339860886,
ember2018_pca4,ember2018,pca,4,0,0,ideal_aer,20,ember2018:502867,0,0,-1.6139385997660454,
ember2018_pca4,ember2018,pca,4,0,0,ideal_aer,21,ember2018:530279,0,0,-1.686889258172135,
ember2018_pca4,ember2018,pca,4,0,0,ideal_aer,22,ember2018:771517,0,1,0.48623122183645107,
ember2018_pca4,ember2018,pca,4,0,0,ideal_aer,23,ember2018:241423,0,1,0.9046487102380968,
ember2018_pca4,ember2018,pca,4,0,0,ideal_aer,24,ember2018:20379,0,1,1.0160296023172823,
ember2018_pca4,ember2018,pca,4,0,0,ideal_aer,25,ember2018:64704,0,1,0.42827612667744275,
ember2018_pca4,ember2018,pca,4,0,0,ideal_aer,26,ember2018:218481,0,0,-1.7579267797938036,
ember2018_pca4,ember2018,pca,4,0,0,ideal_aer,27,ember2018:33397,0,1,0.8453407876993103,
ember2018_pca4,ember2018,pca,4,0,0,ideal_aer,28,ember2018:113751,0,1,0.6509603861999068,
ember2018_pca4,ember2018,pca,4,0,0,ideal_aer,29,ember2018:420137,0,1,0.24899902206664537,
ember2018_pca4,ember2018,pca,4,0,0,ideal_aer,30,ember2018:39505,0,0,-0.8392869641035534,
ember2018_pca4,ember2018,pca,4,0,0,ideal_aer,31,ember2018:12438,0,0,-1.6260996344221703,
ember2018_pca4,ember2018,pca,4,0,0,ideal_aer,32,ember2018:35402,0,0,-1.4274991466846787,
ember2018_pca4,ember2018,pca,4,0,0,ideal_aer,33,ember2018:182222,0,1,0.5165952626724953,
ember2018_pca4,ember2018,pca,4,0,0,ideal_aer,34,ember2018:7416,0,1,0.7531889354540108,
ember2018_pca4,ember2018,pca,4,0,0,ideal_aer,35,ember2018:41038,0,0,-1.7235167855723574,
ember2018_pca4,ember2018,pca,4,0,0,ideal_aer,36,ember2018:614323,0,1,0.8244470449641089,
ember2018_pca4,ember2018,pca,4,0,0,ideal_aer,37,ember2018:168385,0,1,0.6507529865351239,
ember2018_pca4,ember2018,pca,4,0,0,ideal_aer,38,ember2018:622159,0,1,0.6551585131232128,
ember2018_pca4,ember2018,pca,4,0,0,ideal_aer,39,ember2018:450246,0,1,1.2646356174919706,
ember2018_pca4,ember2018,pca,4,0,0,ideal_aer,40,ember2018:731787,1,1,1.0636821767321947,
ember2018_pca4,ember2018,pca,4,0,0,ideal_aer,41,ember2018:189258,1,1,0.6513107478815906,
ember2018_pca4,ember2018,pca,4,0,0,ideal_aer,42,ember2018:534909,1,1,1.0590514602168426,
ember2018_pca4,ember2018,pca,4,0,0,ideal_aer,43,ember2018:332738,1,1,1.2510478569321335,
ember2018_pca4,ember2018,pca,4,0,0,ideal_aer,44,ember2018:95773,1,0,-0.9220296785140357,
ember2018_pca4,ember2018,pca,4,0,0,ideal_aer,45,ember2018:225091,1,1,0.9070395417184213,
ember2018_pca4,ember2018,pca,4,0,0,ideal_aer,46,ember2018:239422,1,1,0.6403920799514332,
ember2018_pca4,ember2018,pca,4,0,0,ideal_aer,47,ember2018:195541,1,1,0.9850231450177523,
ember2018_pca4,ember2018,pca,4,0,0,ideal_aer,48,ember2018:484807,1,1,1.0792851314621963,
ember2018_pca4,ember2018,pca,4,0,0,ideal_aer,49,ember2018:294749,1,1,1.0174124440552594,
ember2018_pca4,ember2018,pca,4,0,0,ideal_aer,50,ember2018:315935,1,1,1.346230240078715,
ember2018_pca4,ember2018,pca,4,0,0,ideal_aer,51,ember2018:384442,1,1,0.39073615309349374,
ember2018_pca4,ember2018,pca,4,0,0,ideal_aer,52,ember2018:394626,1,0,-0.7052622016784065,
ember2018_pca4,ember2018,pca,4,0,0,ideal_aer,53,ember2018:597965,1,1,0.9650391090984133,
ember2018_pca4,ember2018,pca,4,0,0,ideal_aer,54,ember2018:491120,1,1,0.9198809853508679,
ember2018_pca4,ember2018,pca,4,0,0,ideal_aer,55,ember2018:397211,1,1,1.1336766670938676,
ember2018_pca4,ember2018,pca,4,0,0,ideal_aer,56,ember2018:325519,1,1,1.2558807300258512,
ember2018_pca4,ember2018,pca,4,0,0,ideal_aer,57,ember2018:395427,1,1,1.229401497937288,
ember2018_pca4,ember2018,pca,4,0,0,ideal_aer,58,ember2018:172922,1,1,0.6673265427875611,
ember2018_pca4,ember2018,pca,4,0,0,ideal_aer,59,ember2018:551342,1,1,1.393802422746996,
ember2018_pca4,ember2018,pca,4,0,0,ideal_aer,60,ember2018:429422,1,1,0.9819764714275764,
ember2018_pca4,ember2018,pca,4,0,0,ideal_aer,61,ember2018:486832,1,1,0.7791255393118243,
ember2018_pca4,ember2018,pca,4,0,0,ideal_aer,62,ember2018:241294,1,1,0.55292504809253,
ember2018_pca4,ember2018,pca,4,0,0,ideal_aer,63,ember2018:319570,1,0,-1.303088378717931,
ember2018_pca4,ember2018,pca,4,0,0,ideal_aer,64,ember2018:719626,1,1,0.7259707694959677,
ember2018_pca4,ember2018,pca,4,0,0,ideal_aer,65,ember2018:131080,1,1,1.0855779170418804,
ember2018_pca4,ember2018,pca,4,0,0,ideal_aer,66,ember2018:167721,1,1,0.8027439240213562,
ember2018_pca4,ember2018,pca,4,0,0,ideal_aer,67,ember2018:391679,1,1,0.253817111202678,
ember2018_pca4,ember2018,pca,4,0,0,ideal_aer,68,ember2018:736718,1,1,1.1301853599281437,
ember2018_pca4,ember2018,pca,4,0,0,ideal_aer,69,ember2018:763937,1,1,1.1322503414783602,
ember2018_pca4,ember2018,pca,4,0,0,ideal_aer,70,ember2018:216665,1,1,0.9106911477075282,
ember2018_pca4,ember2018,pca,4,0,0,ideal_aer,71,ember2018:222992,1,1,0.9963582256476177,
ember2018_pca4,ember2018,pca,4,0,0,ideal_aer,72,ember2018:796306,1,1,0.7745140950388604,
ember2018_pca4,ember2018,pca,4,0,0,ideal_aer,73,ember2018:458888,1,1,1.231698315062419,
ember2018_pca4,ember2018,pca,4,0,0,ideal_aer,74,ember2018:437429,1,1,1.134117704393085,
ember2018_pca4,ember2018,pca,4,0,0,ideal_aer,75,ember2018:334459,1,1,1.1232932337352834,
ember2018_pca4,ember2018,pca,4,0,0,ideal_aer,76,ember2018:55275,1,0,-1.4374844939845288,
ember2018_pca4,ember2018,pca,4,0,0,ideal_aer,77,ember2018:503167,1,0,-0.5637209335765039,
ember2018_pca4,ember2018,pca,4,0,0,ideal_aer,78,ember2018:440101,1,1,0.9018241991115453,
ember2018_pca4,ember2018,pca,4,0,0,ideal_aer,79,ember2018:394778,1,1,1.1686092158458563,
ember2018_pca4,ember2018,pca,4,0,0,noisy_aer,0,ember2018:49736,0,0,-1.47445560845179,
ember2018_pca4,ember2018,pca,4,0,0,noisy_aer,1,ember2018:26354,0,1,0.6354741815762492,
ember2018_pca4,ember2018,pca,4,0,0,noisy_aer,2,ember2018:428843,0,1,0.3844728029400344,
ember2018_pca4,ember2018,pca,4,0,0,noisy_aer,3,ember2018:194817,0,1,0.8711576082656551,
ember2018_pca4,ember2018,pca,4,0,0,noisy_aer,4,ember2018:10282,0,0,-1.1879366196980186,
ember2018_pca4,ember2018,pca,4,0,0,noisy_aer,5,ember2018:393813,0,1,0.9205398944763294,
ember2018_pca4,ember2018,pca,4,0,0,noisy_aer,6,ember2018:108251,0,1,0.7193388590857894,
ember2018_pca4,ember2018,pca,4,0,0,noisy_aer,7,ember2018:475924,0,0,-0.0013085035929771283,
ember2018_pca4,ember2018,pca,4,0,0,noisy_aer,8,ember2018:279745,0,0,-1.4712790968939853,
ember2018_pca4,ember2018,pca,4,0,0,noisy_aer,9,ember2018:716910,0,1,0.8484146679370967,
ember2018_pca4,ember2018,pca,4,0,0,noisy_aer,10,ember2018:150487,0,1,0.9634807276865156,
ember2018_pca4,ember2018,pca,4,0,0,noisy_aer,11,ember2018:185140,0,1,0.7747057891556965,
ember2018_pca4,ember2018,pca,4,0,0,noisy_aer,12,ember2018:286821,0,1,0.8564652653151388,
ember2018_pca4,ember2018,pca,4,0,0,noisy_aer,13,ember2018:2491,0,1,1.1954374928395646,
ember2018_pca4,ember2018,pca,4,0,0,noisy_aer,14,ember2018:39831,0,0,-0.815511041311155,
ember2018_pca4,ember2018,pca,4,0,0,noisy_aer,15,ember2018:446355,0,1,0.23012723531209,
ember2018_pca4,ember2018,pca,4,0,0,noisy_aer,16,ember2018:47865,0,0,-1.3470948633537454,
ember2018_pca4,ember2018,pca,4,0,0,noisy_aer,17,ember2018:788110,0,1,1.2845268336599622,
ember2018_pca4,ember2018,pca,4,0,0,noisy_aer,18,ember2018:498786,0,1,0.5889206902784048,
ember2018_pca4,ember2018,pca,4,0,0,noisy_aer,19,ember2018:744483,0,1,0.5304785137948492,
ember2018_pca4,ember2018,pca,4,0,0,noisy_aer,20,ember2018:502867,0,0,-1.441973764495221,
ember2018_pca4,ember2018,pca,4,0,0,noisy_aer,21,ember2018:530279,0,0,-1.5863270590687726,
ember2018_pca4,ember2018,pca,4,0,0,noisy_aer,22,ember2018:771517,0,1,0.3591789337814427,
ember2018_pca4,ember2018,pca,4,0,0,noisy_aer,23,ember2018:241423,0,1,1.0305284501195076,
ember2018_pca4,ember2018,pca,4,0,0,noisy_aer,24,ember2018:20379,0,1,0.9060468413066949,
ember2018_pca4,ember2018,pca,4,0,0,noisy_aer,25,ember2018:64704,0,1,0.6248099521133426,
ember2018_pca4,ember2018,pca,4,0,0,noisy_aer,26,ember2018:218481,0,0,-1.344712298807937,
ember2018_pca4,ember2018,pca,4,0,0,noisy_aer,27,ember2018:33397,0,1,0.6526045087904988,
ember2018_pca4,ember2018,pca,4,0,0,noisy_aer,28,ember2018:113751,0,1,0.6187578532044085,
ember2018_pca4,ember2018,pca,4,0,0,noisy_aer,29,ember2018:420137,0,1,0.20996850468449035,
ember2018_pca4,ember2018,pca,4,0,0,noisy_aer,30,ember2018:39505,0,0,-0.753816445040391,
ember2018_pca4,ember2018,pca,4,0,0,noisy_aer,31,ember2018:12438,0,0,-1.4767613418170569,
ember2018_pca4,ember2018,pca,4,0,0,noisy_aer,32,ember2018:35402,0,0,-1.316439795738497,
ember2018_pca4,ember2018,pca,4,0,0,noisy_aer,33,ember2018:182222,0,1,0.3230954507620182,
ember2018_pca4,ember2018,pca,4,0,0,noisy_aer,34,ember2018:7416,0,1,0.6883888040746247,
ember2018_pca4,ember2018,pca,4,0,0,noisy_aer,35,ember2018:41038,0,0,-1.435650725505944,
ember2018_pca4,ember2018,pca,4,0,0,noisy_aer,36,ember2018:614323,0,1,0.8769418907570801,
ember2018_pca4,ember2018,pca,4,0,0,noisy_aer,37,ember2018:168385,0,1,0.32649912492155875,
ember2018_pca4,ember2018,pca,4,0,0,noisy_aer,38,ember2018:622159,0,1,0.4526842659204563,
ember2018_pca4,ember2018,pca,4,0,0,noisy_aer,39,ember2018:450246,0,1,1.0009059956899344,
ember2018_pca4,ember2018,pca,4,0,0,noisy_aer,40,ember2018:731787,1,1,1.0246632424392448,
ember2018_pca4,ember2018,pca,4,0,0,noisy_aer,41,ember2018:189258,1,1,0.6214688091586378,
ember2018_pca4,ember2018,pca,4,0,0,noisy_aer,42,ember2018:534909,1,1,0.9865938689310616,
ember2018_pca4,ember2018,pca,4,0,0,noisy_aer,43,ember2018:332738,1,1,1.0338684047042885,
ember2018_pca4,ember2018,pca,4,0,0,noisy_aer,44,ember2018:95773,1,0,-0.8033132434971794,
ember2018_pca4,ember2018,pca,4,0,0,noisy_aer,45,ember2018:225091,1,1,0.8573431669743106,
ember2018_pca4,ember2018,pca,4,0,0,noisy_aer,46,ember2018:239422,1,1,0.5659123931852865,
ember2018_pca4,ember2018,pca,4,0,0,noisy_aer,47,ember2018:195541,1,1,0.7747839102904119,
ember2018_pca4,ember2018,pca,4,0,0,noisy_aer,48,ember2018:484807,1,1,1.0246555376219033,
ember2018_pca4,ember2018,pca,4,0,0,noisy_aer,49,ember2018:294749,1,1,1.0795300039678888,
ember2018_pca4,ember2018,pca,4,0,0,noisy_aer,50,ember2018:315935,1,1,1.03226256146863,
ember2018_pca4,ember2018,pca,4,0,0,noisy_aer,51,ember2018:384442,1,1,0.10397513548716686,
ember2018_pca4,ember2018,pca,4,0,0,noisy_aer,52,ember2018:394626,1,0,-0.6099211888652998,
ember2018_pca4,ember2018,pca,4,0,0,noisy_aer,53,ember2018:597965,1,1,0.8246996998709373,
ember2018_pca4,ember2018,pca,4,0,0,noisy_aer,54,ember2018:491120,1,1,0.9807714185298031,
ember2018_pca4,ember2018,pca,4,0,0,noisy_aer,55,ember2018:397211,1,1,1.0762027044724558,
ember2018_pca4,ember2018,pca,4,0,0,noisy_aer,56,ember2018:325519,1,1,1.036864977415289,
ember2018_pca4,ember2018,pca,4,0,0,noisy_aer,57,ember2018:395427,1,1,0.8622249286893553,
ember2018_pca4,ember2018,pca,4,0,0,noisy_aer,58,ember2018:172922,1,1,0.49275454400163,
ember2018_pca4,ember2018,pca,4,0,0,noisy_aer,59,ember2018:551342,1,1,1.247695114788763,
ember2018_pca4,ember2018,pca,4,0,0,noisy_aer,60,ember2018:429422,1,1,0.8530274136746745,
ember2018_pca4,ember2018,pca,4,0,0,noisy_aer,61,ember2018:486832,1,1,0.7743164127017463,
ember2018_pca4,ember2018,pca,4,0,0,noisy_aer,62,ember2018:241294,1,1,0.6101807671932133,
ember2018_pca4,ember2018,pca,4,0,0,noisy_aer,63,ember2018:319570,1,0,-1.0558247331340787,
ember2018_pca4,ember2018,pca,4,0,0,noisy_aer,64,ember2018:719626,1,1,0.478028803387607,
ember2018_pca4,ember2018,pca,4,0,0,noisy_aer,65,ember2018:131080,1,1,0.9707014087006296,
ember2018_pca4,ember2018,pca,4,0,0,noisy_aer,66,ember2018:167721,1,1,0.9412985193099279,
ember2018_pca4,ember2018,pca,4,0,0,noisy_aer,67,ember2018:391679,1,1,0.12009250791941184,
ember2018_pca4,ember2018,pca,4,0,0,noisy_aer,68,ember2018:736718,1,1,0.9785613022275088,
ember2018_pca4,ember2018,pca,4,0,0,noisy_aer,69,ember2018:763937,1,1,0.9592392408247117,
ember2018_pca4,ember2018,pca,4,0,0,noisy_aer,70,ember2018:216665,1,1,0.8970783202811745,
ember2018_pca4,ember2018,pca,4,0,0,noisy_aer,71,ember2018:222992,1,1,0.98975384965943,
ember2018_pca4,ember2018,pca,4,0,0,noisy_aer,72,ember2018:796306,1,1,0.871912835508095,
ember2018_pca4,ember2018,pca,4,0,0,noisy_aer,73,ember2018:458888,1,1,0.9548952985494263,
ember2018_pca4,ember2018,pca,4,0,0,noisy_aer,74,ember2018:437429,1,1,0.7366899134382427,
ember2018_pca4,ember2018,pca,4,0,0,noisy_aer,75,ember2018:334459,1,1,1.1054622350849725,
ember2018_pca4,ember2018,pca,4,0,0,noisy_aer,76,ember2018:55275,1,0,-1.1980122582184087,
ember2018_pca4,ember2018,pca,4,0,0,noisy_aer,77,ember2018:503167,1,0,-0.5430567103852398,
ember2018_pca4,ember2018,pca,4,0,0,noisy_aer,78,ember2018:440101,1,1,0.8660396903269076,
ember2018_pca4,ember2018,pca,4,0,0,noisy_aer,79,ember2018:394778,1,1,0.9644187232366079,
ember2018_pca4,ember2018,pca,4,1,0,exact,0,ember2018:644070,0,1,0.5479529302738562,
ember2018_pca4,ember2018,pca,4,1,0,exact,1,ember2018:619863,0,1,0.37278050652646033,
ember2018_pca4,ember2018,pca,4,1,0,exact,2,ember2018:540751,0,0,-0.511655955425029,
ember2018_pca4,ember2018,pca,4,1,0,exact,3,ember2018:569218,0,1,1.1878250847760254,
ember2018_pca4,ember2018,pca,4,1,0,exact,4,ember2018:121008,0,0,-0.6906742612583723,
ember2018_pca4,ember2018,pca,4,1,0,exact,5,ember2018:502584,0,1,0.5932214686419448,
ember2018_pca4,ember2018,pca,4,1,0,exact,6,ember2018:129461,0,1,1.1030235561214743,
ember2018_pca4,ember2018,pca,4,1,0,exact,7,ember2018:504365,0,1,0.07616489076144362,
ember2018_pca4,ember2018,pca,4,1,0,exact,8,ember2018:7580,0,1,0.7730908952171938,
ember2018_pca4,ember2018,pca,4,1,0,exact,9,ember2018:403791,0,0,-0.026744393263864907,
ember2018_pca4,ember2018,pca,4,1,0,exact,10,ember2018:351049,0,1,0.6979896758029067,
ember2018_pca4,ember2018,pca,4,1,0,exact,11,ember2018:235288,0,0,-0.013866357639023108,
ember2018_pca4,ember2018,pca,4,1,0,exact,12,ember2018:263320,0,1,0.774854759464616,
ember2018_pca4,ember2018,pca,4,1,0,exact,13,ember2018:116100,0,1,0.0806339871211047,
ember2018_pca4,ember2018,pca,4,1,0,exact,14,ember2018:576747,0,1,0.6932772344424549,
ember2018_pca4,ember2018,pca,4,1,0,exact,15,ember2018:512301,0,0,-0.33737685423926034,
ember2018_pca4,ember2018,pca,4,1,0,exact,16,ember2018:538171,0,0,-0.7243409049881957,
ember2018_pca4,ember2018,pca,4,1,0,exact,17,ember2018:37245,0,1,0.5542442174364157,
ember2018_pca4,ember2018,pca,4,1,0,exact,18,ember2018:675700,0,0,-0.24305965067257596,
ember2018_pca4,ember2018,pca,4,1,0,exact,19,ember2018:416511,0,1,0.7151803241809671,
ember2018_pca4,ember2018,pca,4,1,0,exact,20,ember2018:447872,0,1,0.029506821560494667,
ember2018_pca4,ember2018,pca,4,1,0,exact,21,ember2018:548236,0,0,-1.2173072981325346,
ember2018_pca4,ember2018,pca,4,1,0,exact,22,ember2018:15912,0,1,0.15353970199677758,
ember2018_pca4,ember2018,pca,4,1,0,exact,23,ember2018:8246,0,1,0.10848992636156396,
ember2018_pca4,ember2018,pca,4,1,0,exact,24,ember2018:30775,0,0,-0.19808925426421176,
ember2018_pca4,ember2018,pca,4,1,0,exact,25,ember2018:729310,0,1,0.6316068294167339,
ember2018_pca4,ember2018,pca,4,1,0,exact,26,ember2018:476616,0,1,0.8873386566872785,
ember2018_pca4,ember2018,pca,4,1,0,exact,27,ember2018:784065,0,0,-0.5003056574371485,
ember2018_pca4,ember2018,pca,4,1,0,exact,28,ember2018:9386,0,1,0.35726489566611086,
ember2018_pca4,ember2018,pca,4,1,0,exact,29,ember2018:33124,0,1,0.41126405420789114,
ember2018_pca4,ember2018,pca,4,1,0,exact,30,ember2018:317971,0,1,0.2958819419873582,
ember2018_pca4,ember2018,pca,4,1,0,exact,31,ember2018:657695,0,1,0.18131013183220557,
ember2018_pca4,ember2018,pca,4,1,0,exact,32,ember2018:595887,0,0,-0.6576567194166412,
ember2018_pca4,ember2018,pca,4,1,0,exact,33,ember2018:154238,0,1,0.4216156966446294,
ember2018_pca4,ember2018,pca,4,1,0,exact,34,ember2018:40813,0,0,-0.13065649830862225,
ember2018_pca4,ember2018,pca,4,1,0,exact,35,ember2018:280284,0,0,-0.5739553361965964,
ember2018_pca4,ember2018,pca,4,1,0,exact,36,ember2018:416799,0,0,-0.45114242498620694,
ember2018_pca4,ember2018,pca,4,1,0,exact,37,ember2018:423964,0,0,-1.077056364419131,
ember2018_pca4,ember2018,pca,4,1,0,exact,38,ember2018:426418,0,0,-0.7989010867311117,
ember2018_pca4,ember2018,pca,4,1,0,exact,39,ember2018:340332,0,1,0.6432637268857377,
ember2018_pca4,ember2018,pca,4,1,0,exact,40,ember2018:540848,1,1,0.12149351270459419,
ember2018_pca4,ember2018,pca,4,1,0,exact,41,ember2018:452177,1,1,0.4893011889433809,
ember2018_pca4,ember2018,pca,4,1,0,exact,42,ember2018:256520,1,1,0.45824464419051725,
ember2018_pca4,ember2018,pca,4,1,0,exact,43,ember2018:746270,1,1,1.1136813923096742,
ember2018_pca4,ember2018,pca,4,1,0,exact,44,ember2018:745744,1,1,1.3367735127086864,
ember2018_pca4,ember2018,pca,4,1,0,exact,45,ember2018:404338,1,1,0.7363912184284627,
ember2018_pca4,ember2018,pca,4,1,0,exact,46,ember2018:554607,1,1,0.8787360647084344,
ember2018_pca4,ember2018,pca,4,1,0,exact,47,ember2018:385521,1,1,1.0496364277882635,
ember2018_pca4,ember2018,pca,4,1,0,exact,48,ember2018:133747,1,1,1.2664255996263427,
ember2018_pca4,ember2018,pca,4,1,0,exact,49,ember2018:205960,1,0,-0.33375186685618563,
ember2018_pca4,ember2018,pca,4,1,0,exact,50,ember2018:285038,1,1,1.180681897044666,
ember2018_pca4,ember2018,pca,4,1,0,exact,51,ember2018:514722,1,1,0.21744452620367727,
ember2018_pca4,ember2018,pca,4,1,0,exact,52,ember2018:59603,1,1,0.6171998389210038,
ember2018_pca4,ember2018,pca,4,1,0,exact,53,ember2018:792653,1,1,1.1337998738288653,
ember2018_pca4,ember2018,pca,4,1,0,exact,54,ember2018:309290,1,1,0.5949147275752036,
ember2018_pca4,ember2018,pca,4,1,0,exact,55,ember2018:182703,1,0,-0.30379716363996767,
ember2018_pca4,ember2018,pca,4,1,0,exact,56,ember2018:152413,1,1,0.6862343167192781,
ember2018_pca4,ember2018,pca,4,1,0,exact,57,ember2018:307850,1,1,1.0614425489103445,
ember2018_pca4,ember2018,pca,4,1,0,exact,58,ember2018:417751,1,1,1.0753791368914443,
ember2018_pca4,ember2018,pca,4,1,0,exact,59,ember2018:662315,1,1,0.8954171152512165,
ember2018_pca4,ember2018,pca,4,1,0,exact,60,ember2018:267593,1,1,0.22635472328206518,
ember2018_pca4,ember2018,pca,4,1,0,exact,61,ember2018:619943,1,1,1.1216457480139297,
ember2018_pca4,ember2018,pca,4,1,0,exact,62,ember2018:340223,1,1,0.5936886804626198,
ember2018_pca4,ember2018,pca,4,1,0,exact,63,ember2018:253590,1,1,0.29811320497243066,
ember2018_pca4,ember2018,pca,4,1,0,exact,64,ember2018:97582,1,1,0.16390366608542928,
ember2018_pca4,ember2018,pca,4,1,0,exact,65,ember2018:74212,1,1,0.8501295798468056,
ember2018_pca4,ember2018,pca,4,1,0,exact,66,ember2018:638121,1,1,0.7040469169722552,
ember2018_pca4,ember2018,pca,4,1,0,exact,67,ember2018:316593,1,0,-1.371019362882298,
ember2018_pca4,ember2018,pca,4,1,0,exact,68,ember2018:101561,1,1,1.049535624598268,
ember2018_pca4,ember2018,pca,4,1,0,exact,69,ember2018:775364,1,1,0.30300646529108266,
ember2018_pca4,ember2018,pca,4,1,0,exact,70,ember2018:307600,1,1,0.5929653713444851,
ember2018_pca4,ember2018,pca,4,1,0,exact,71,ember2018:234681,1,0,-0.07945590206753195,
ember2018_pca4,ember2018,pca,4,1,0,exact,72,ember2018:305140,1,1,0.03643542633628161,
ember2018_pca4,ember2018,pca,4,1,0,exact,73,ember2018:157220,1,1,1.0678592049486453,
ember2018_pca4,ember2018,pca,4,1,0,exact,74,ember2018:295698,1,1,1.1809623931449535,
ember2018_pca4,ember2018,pca,4,1,0,exact,75,ember2018:479324,1,0,-0.3295607486110969,
ember2018_pca4,ember2018,pca,4,1,0,exact,76,ember2018:331793,1,1,0.17481829412727412,
ember2018_pca4,ember2018,pca,4,1,0,exact,77,ember2018:516244,1,1,0.3641045049847401,
ember2018_pca4,ember2018,pca,4,1,0,exact,78,ember2018:538196,1,1,1.1764723692781391,
ember2018_pca4,ember2018,pca,4,1,0,exact,79,ember2018:223995,1,0,-0.2619202649943305,
ember2018_pca4,ember2018,pca,4,1,0,ideal_aer,0,ember2018:644070,0,1,0.4728339767108063,
ember2018_pca4,ember2018,pca,4,1,0,ideal_aer,1,ember2018:619863,0,1,0.3176761897019007,
ember2018_pca4,ember2018,pca,4,1,0,ideal_aer,2,ember2018:540751,0,0,-0.5261346045030695,
ember2018_pca4,ember2018,pca,4,1,0,ideal_aer,3,ember2018:569218,0,1,1.5883058761414268,
ember2018_pca4,ember2018,pca,4,1,0,ideal_aer,4,ember2018:121008,0,0,-0.6920913213191433,
ember2018_pca4,ember2018,pca,4,1,0,ideal_aer,5,ember2018:502584,0,1,0.48853763665722805,
ember2018_pca4,ember2018,pca,4,1,0,ideal_aer,6,ember2018:129461,0,1,1.2388760383451596,
ember2018_pca4,ember2018,pca,4,1,0,ideal_aer,7,ember2018:504365,0,1,0.09361193407926116,
ember2018_pca4,ember2018,pca,4,1,0,ideal_aer,8,ember2018:7580,0,1,1.0497866968872427,
ember2018_pca4,ember2018,pca,4,1,0,ideal_aer,9,ember2018:403791,0,1,0.0598891952592534,
ember2018_pca4,ember2018,pca,4,1,0,ideal_aer,10,ember2018:351049,0,1,0.7140641355091781,
ember2018_pca4,ember2018,pca,4,1,0,ideal_aer,11,ember2018:235288,0,0,-0.2999882344911451,
ember2018_pca4,ember2018,pca,4,1,0,ideal_aer,12,ember2018:263320,0,1,0.7164538435243364,
ember2018_pca4,ember2018,pca,4,1,0,ideal_aer,13,ember2018:116100,0,1,0.048870263933642355,
ember2018_pca4,ember2018,pca,4,1,0,ideal_aer,14,ember2018:576747,0,1,0.7274565550161902,
ember2018_pca4,ember2018,pca,4,1,0,ideal_aer,15,ember2018:512301,0,0,-0.41729010415605594,
ember2018_pca4,ember2018,pca,4,1,0,ideal_aer,16,ember2018:538171,0,0,-0.6951919054393451,
ember2018_pca4,ember2018,pca,4,1,0,ideal_aer,17,ember2018:37245,0,1,0.504715146644042,
ember2018_pca4,ember2018,pca,4,1,0,ideal_aer,18,ember2018:675700,0,0,-0.30112228190212986,
ember2018_pca4,ember2018,pca,4,1,0,ideal_aer,19,ember2018:416511,0,1,0.7365580198992365,
ember2018_pca4,ember2018,pca,4,1,0,ideal_aer,20,ember2018:447872,0,1,0.20277658159359002,
ember2018_pca4,ember2018,pca,4,1,0,ideal_aer,21,ember2018:548236,0,0,-1.269367003390753,
ember2018_pca4,ember2018,pca,4,1,0,ideal_aer,22,ember2018:15912,0,1,0.07817017629745826,
ember2018_pca4,ember2018,pca,4,1,0,ideal_aer,23,ember2018:8246,0,1,0.10619681573181095,
ember2018_pca4,ember2018,pca,4,1,0,ideal_aer,24,ember2018:30775,0,0,-0.11009332849831416,
ember2018_pca4,ember2018,pca,4,1,0,ideal_aer,25,ember2018:729310,0,1,0.6862737464675803,
ember2018_pca4,ember2018,pca,4,1,0,ideal_aer,26,ember2018:476616,0,1,0.9705594610749206,
ember2018_pca4,ember2018,pca,4,1,0,ideal_aer,27,ember2018:784065,0,0,-0.380195923590881,
ember2018_pca4,ember2018,pca,4,1,0,ideal_aer,28,ember2018:9386,0,1,0.31778743670268383,
ember2018_pca4,ember2018,pca,4,1,0,ideal_aer,29,ember2018:33124,0,1,0.581469852040225,
ember2018_pca4,ember2018,pca,4,1,0,ideal_aer,30,ember2018:317971,0,1,0.23590141491533545,
ember2018_pca4,ember2018,pca,4,1,0,ideal_aer,31,ember2018:657695,0,1,0.030953837044624177,
ember2018_pca4,ember2018,pca,4,1,0,ideal_aer,32,ember2018:595887,0,0,-0.7038606132472807,
ember2018_pca4,ember2018,pca,4,1,0,ideal_aer,33,ember2018:154238,0,1,0.6543979449170028,
ember2018_pca4,ember2018,pca,4,1,0,ideal_aer,34,ember2018:40813,0,1,0.0075966735714639855,
ember2018_pca4,ember2018,pca,4,1,0,ideal_aer,35,ember2018:280284,0,0,-0.42985476242587217,
ember2018_pca4,ember2018,pca,4,1,0,ideal_aer,36,ember2018:416799,0,0,-0.45073390395254787,
ember2018_pca4,ember2018,pca,4,1,0,ideal_aer,37,ember2018:423964,0,0,-1.412166172638495,
ember2018_pca4,ember2018,pca,4,1,0,ideal_aer,38,ember2018:426418,0,0,-0.7659151938462891,
ember2018_pca4,ember2018,pca,4,1,0,ideal_aer,39,ember2018:340332,0,1,0.7810737437961914,
ember2018_pca4,ember2018,pca,4,1,0,ideal_aer,40,ember2018:540848,1,1,0.1577415055186091,
ember2018_pca4,ember2018,pca,4,1,0,ideal_aer,41,ember2018:452177,1,1,0.4396894630789676,
ember2018_pca4,ember2018,pca,4,1,0,ideal_aer,42,ember2018:256520,1,1,0.5766293677123202,
ember2018_pca4,ember2018,pca,4,1,0,ideal_aer,43,ember2018:746270,1,1,1.3544441400632814,
ember2018_pca4,ember2018,pca,4,1,0,ideal_aer,44,ember2018:745744,1,1,1.4821822724136713,
ember2018_pca4,ember2018,pca,4,1,0,ideal_aer,45,ember2018:404338,1,1,0.939445378017028,
ember2018_pca4,ember2018,pca,4,1,0,ideal_aer,46,ember2018:554607,1,1,0.8506858591105193,
ember2018_pca4,ember2018,pca,4,1,0,ideal_aer,47,ember2018:385521,1,1,1.0610171043906897,
ember2018_pca4,ember2018,pca,4,1,0,ideal_aer,48,ember2018:133747,1,1,1.123355507542705,
ember2018_pca4,ember2018,pca,4,1,0,ideal_aer,49,ember2018:205960,1,0,-0.33629989816551953,
ember2018_pca4,ember2018,pca,4,1,0,ideal_aer,50,ember2018:285038,1,1,1.259536125642,
ember2018_pca4,ember2018,pca,4,1,0,ideal_aer,51,ember2018:514722,1,1,0.25554188486726503,
ember2018_pca4,ember2018,pca,4,1,0,ideal_aer,52,ember2018:59603,1,1,0.5701513291189564,
ember2018_pca4,ember2018,pca,4,1,0,ideal_aer,53,ember2018:792653,1,1,1.2149394199412074,
ember2018_pca4,ember2018,pca,4,1,0,ideal_aer,54,ember2018:309290,1,1,0.5494068358493158,
ember2018_pca4,ember2018,pca,4,1,0,ideal_aer,55,ember2018:182703,1,0,-0.4683421697703527,
ember2018_pca4,ember2018,pca,4,1,0,ideal_aer,56,ember2018:152413,1,1,0.6082044605071404,
ember2018_pca4,ember2018,pca,4,1,0,ideal_aer,57,ember2018:307850,1,1,1.0809776350234834,
ember2018_pca4,ember2018,pca,4,1,0,ideal_aer,58,ember2018:417751,1,1,1.0555896468868875,
ember2018_pca4,ember2018,pca,4,1,0,ideal_aer,59,ember2018:662315,1,1,0.957542743017344,
ember2018_pca4,ember2018,pca,4,1,0,ideal_aer,60,ember2018:267593,1,1,0.13395350960746244,
ember2018_pca4,ember2018,pca,4,1,0,ideal_aer,61,ember2018:619943,1,1,1.2044255949335887,
ember2018_pca4,ember2018,pca,4,1,0,ideal_aer,62,ember2018:340223,1,1,0.5729439242402548,
ember2018_pca4,ember2018,pca,4,1,0,ideal_aer,63,ember2018:253590,1,1,0.2596986737391994,
ember2018_pca4,ember2018,pca,4,1,0,ideal_aer,64,ember2018:97582,1,1,0.18373543471930787,
ember2018_pca4,ember2018,pca,4,1,0,ideal_aer,65,ember2018:74212,1,1,0.9064409774824569,
ember2018_pca4,ember2018,pca,4,1,0,ideal_aer,66,ember2018:638121,1,1,0.6899407516209626,
ember2018_pca4,ember2018,pca,4,1,0,ideal_aer,67,ember2018:316593,1,0,-1.339544315925358,
ember2018_pca4,ember2018,pca,4,1,0,ideal_aer,68,ember2018:101561,1,1,1.4096753689823116,
ember2018_pca4,ember2018,pca,4,1,0,ideal_aer,69,ember2018:775364,1,1,0.2881468721916266,
ember2018_pca4,ember2018,pca,4,1,0,ideal_aer,70,ember2018:307600,1,1,0.580354669882529,
ember2018_pca4,ember2018,pca,4,1,0,ideal_aer,71,ember2018:234681,1,0,-0.021303554062250707,
ember2018_pca4,ember2018,pca,4,1,0,ideal_aer,72,ember2018:305140,1,1,0.04624580759156771,
ember2018_pca4,ember2018,pca,4,1,0,ideal_aer,73,ember2018:157220,1,1,0.971097178431392,
ember2018_pca4,ember2018,pca,4,1,0,ideal_aer,74,ember2018:295698,1,1,0.8550078105520231,
ember2018_pca4,ember2018,pca,4,1,0,ideal_aer,75,ember2018:479324,1,0,-0.21166058062443888,
ember2018_pca4,ember2018,pca,4,1,0,ideal_aer,76,ember2018:331793,1,1,0.12824285999947782,
ember2018_pca4,ember2018,pca,4,1,0,ideal_aer,77,ember2018:516244,1,1,0.3017905728326603,
ember2018_pca4,ember2018,pca,4,1,0,ideal_aer,78,ember2018:538196,1,1,1.5036545234696799,
ember2018_pca4,ember2018,pca,4,1,0,ideal_aer,79,ember2018:223995,1,0,-0.2756444748396899,
ember2018_pca4,ember2018,pca,4,1,0,noisy_aer,0,ember2018:644070,0,1,0.4558866728196329,
ember2018_pca4,ember2018,pca,4,1,0,noisy_aer,1,ember2018:619863,0,1,0.15624945891889652,
ember2018_pca4,ember2018,pca,4,1,0,noisy_aer,2,ember2018:540751,0,0,-0.70488727420758,
ember2018_pca4,ember2018,pca,4,1,0,noisy_aer,3,ember2018:569218,0,1,1.3638398565785947,
ember2018_pca4,ember2018,pca,4,1,0,noisy_aer,4,ember2018:121008,0,0,-0.7185718668161791,
ember2018_pca4,ember2018,pca,4,1,0,noisy_aer,5,ember2018:502584,0,1,0.5601613587965928,
ember2018_pca4,ember2018,pca,4,1,0,noisy_aer,6,ember2018:129461,0,1,1.1633940312667477,
ember2018_pca4,ember2018,pca,4,1,0,noisy_aer,7,ember2018:504365,0,1,0.16705072532703813,
ember2018_pca4,ember2018,pca,4,1,0,noisy_aer,8,ember2018:7580,0,1,0.9460271362362216,
ember2018_pca4,ember2018,pca,4,1,0,noisy_aer,9,ember2018:403791,0,0,-0.04293103311934754,
ember2018_pca4,ember2018,pca,4,1,0,noisy_aer,10,ember2018:351049,0,1,0.38889548437386434,
ember2018_pca4,ember2018,pca,4,1,0,noisy_aer,11,ember2018:235288,0,1,0.03374488001038811,
ember2018_pca4,ember2018,pca,4,1,0,noisy_aer,12,ember2018:263320,0,1,0.5780316959662075,
ember2018_pca4,ember2018,pca,4,1,0,noisy_aer,13,ember2018:116100,0,1,0.16285592501304214,
ember2018_pca4,ember2018,pca,4,1,0,noisy_aer,14,ember2018:576747,0,1,0.5159276952400336,
ember2018_pca4,ember2018,pca,4,1,0,noisy_aer,15,ember2018:512301,0,0,-0.3265269114610092,
ember2018_pca4,ember2018,pca,4,1,0,noisy_aer,16,ember2018:538171,0,0,-0.6947251183271668,
ember2018_pca4,ember2018,pca,4,1,0,noisy_aer,17,ember2018:37245,0,1,0.6710768911651459,
ember2018_pca4,ember2018,pca,4,1,0,noisy_aer,18,ember2018:675700,0,0,-0.1619569447215819,
ember2018_pca4,ember2018,pca,4,1,0,noisy_aer,19,ember2018:416511,0,1,0.5795272824625783,
ember2018_pca4,ember2018,pca,4,1,0,noisy_aer,20,ember2018:447872,0,1,0.01472693001965153,
ember2018_pca4,ember2018,pca,4,1,0,noisy_aer,21,ember2018:548236,0,0,-1.2225866571419353,
ember2018_pca4,ember2018,pca,4,1,0,noisy_aer,22,ember2018:15912,0,1,0.20661199364435,
ember2018_pca4,ember2018,pca,4,1,0,noisy_aer,23,ember2018:8246,0,1,0.14263124221433543,
ember2018_pca4,ember2018,pca,4,1,0,noisy_aer,24,ember2018:30775,0,0,-0.41543888033341636,
ember2018_pca4,ember2018,pca,4,1,0,noisy_aer,25,ember2018:729310,0,1,0.5026023746299142,
ember2018_pca4,ember2018,pca,4,1,0,noisy_aer,26,ember2018:476616,0,1,0.8431475921152076,
ember2018_pca4,ember2018,pca,4,1,0,noisy_aer,27,ember2018:784065,0,0,-0.44846900488913644,
ember2018_pca4,ember2018,pca,4,1,0,noisy_aer,28,ember2018:9386,0,1,0.34271400287689424,
ember2018_pca4,ember2018,pca,4,1,0,noisy_aer,29,ember2018:33124,0,1,0.4572841637124271,
ember2018_pca4,ember2018,pca,4,1,0,noisy_aer,30,ember2018:317971,0,1,0.2916532520707933,
ember2018_pca4,ember2018,pca,4,1,0,noisy_aer,31,ember2018:657695,0,1,0.16069337270184114,
ember2018_pca4,ember2018,pca,4,1,0,noisy_aer,32,ember2018:595887,0,0,-0.6846541371789505,
ember2018_pca4,ember2018,pca,4,1,0,noisy_aer,33,ember2018:154238,0,1,0.3034793515057239,
ember2018_pca4,ember2018,pca,4,1,0,noisy_aer,34,ember2018:40813,0,0,-0.091104812641011,
ember2018_pca4,ember2018,pca,4,1,0,noisy_aer,35,ember2018:280284,0,0,-0.544326691135046,
ember2018_pca4,ember2018,pca,4,1,0,noisy_aer,36,ember2018:416799,0,0,-0.47688464281912024,
ember2018_pca4,ember2018,pca,4,1,0,noisy_aer,37,ember2018:423964,0,0,-1.1908978289236294,
ember2018_pca4,ember2018,pca,4,1,0,noisy_aer,38,ember2018:426418,0,0,-0.8010053713780769,
ember2018_pca4,ember2018,pca,4,1,0,noisy_aer,39,ember2018:340332,0,1,0.5539094601169543,
ember2018_pca4,ember2018,pca,4,1,0,noisy_aer,40,ember2018:540848,1,1,0.16719283997356982,
ember2018_pca4,ember2018,pca,4,1,0,noisy_aer,41,ember2018:452177,1,1,0.3766173559327095,
ember2018_pca4,ember2018,pca,4,1,0,noisy_aer,42,ember2018:256520,1,1,0.6706391923359627,
ember2018_pca4,ember2018,pca,4,1,0,noisy_aer,43,ember2018:746270,1,1,1.010270140246583,
ember2018_pca4,ember2018,pca,4,1,0,noisy_aer,44,ember2018:745744,1,1,1.513412153008689,
ember2018_pca4,ember2018,pca,4,1,0,noisy_aer,45,ember2018:404338,1,1,0.6251962004511369,
ember2018_pca4,ember2018,pca,4,1,0,noisy_aer,46,ember2018:554607,1,1,0.573781683965267,
ember2018_pca4,ember2018,pca,4,1,0,noisy_aer,47,ember2018:385521,1,1,0.9844482086984492,
ember2018_pca4,ember2018,pca,4,1,0,noisy_aer,48,ember2018:133747,1,1,1.1980460912677477,
ember2018_pca4,ember2018,pca,4,1,0,noisy_aer,49,ember2018:205960,1,0,-0.36825867807265666,
ember2018_pca4,ember2018,pca,4,1,0,noisy_aer,50,ember2018:285038,1,1,0.8796315747602503,
ember2018_pca4,ember2018,pca,4,1,0,noisy_aer,51,ember2018:514722,1,1,0.18002879677232286,
ember2018_pca4,ember2018,pca,4,1,0,noisy_aer,52,ember2018:59603,1,1,0.4057516734241253,
ember2018_pca4,ember2018,pca,4,1,0,noisy_aer,53,ember2018:792653,1,1,0.9106312603533397,
ember2018_pca4,ember2018,pca,4,1,0,noisy_aer,54,ember2018:309290,1,1,0.5496798223917363,
ember2018_pca4,ember2018,pca,4,1,0,noisy_aer,55,ember2018:182703,1,0,-0.2553643194233808,
ember2018_pca4,ember2018,pca,4,1,0,noisy_aer,56,ember2018:152413,1,1,0.7825246311566114,
ember2018_pca4,ember2018,pca,4,1,0,noisy_aer,57,ember2018:307850,1,1,0.9492718615630182,
ember2018_pca4,ember2018,pca,4,1,0,noisy_aer,58,ember2018:417751,1,1,0.9533640844992095,
ember2018_pca4,ember2018,pca,4,1,0,noisy_aer,59,ember2018:662315,1,1,0.9307459297966245,
ember2018_pca4,ember2018,pca,4,1,0,noisy_aer,60,ember2018:267593,1,1,0.03064970417602586,
ember2018_pca4,ember2018,pca,4,1,0,noisy_aer,61,ember2018:619943,1,1,1.4682147683521207,
ember2018_pca4,ember2018,pca,4,1,0,noisy_aer,62,ember2018:340223,1,1,0.672452179467995,
ember2018_pca4,ember2018,pca,4,1,0,noisy_aer,63,ember2018:253590,1,1,0.41961504595103927,
ember2018_pca4,ember2018,pca,4,1,0,noisy_aer,64,ember2018:97582,1,1,0.0773785979233601,
ember2018_pca4,ember2018,pca,4,1,0,noisy_aer,65,ember2018:74212,1,1,0.9003817158300316,
ember2018_pca4,ember2018,pca,4,1,0,noisy_aer,66,ember2018:638121,1,1,0.6561374484092877,
ember2018_pca4,ember2018,pca,4,1,0,noisy_aer,67,ember2018:316593,1,0,-1.4402688772758023,
ember2018_pca4,ember2018,pca,4,1,0,noisy_aer,68,ember2018:101561,1,1,1.044329696671611,
ember2018_pca4,ember2018,pca,4,1,0,noisy_aer,69,ember2018:775364,1,1,0.28482770696518633,
ember2018_pca4,ember2018,pca,4,1,0,noisy_aer,70,ember2018:307600,1,1,0.5475826140676467,
ember2018_pca4,ember2018,pca,4,1,0,noisy_aer,71,ember2018:234681,1,1,0.07306257754316947,
ember2018_pca4,ember2018,pca,4,1,0,noisy_aer,72,ember2018:305140,1,1,0.04950353715540201,
ember2018_pca4,ember2018,pca,4,1,0,noisy_aer,73,ember2018:157220,1,1,1.1424566345737426,
ember2018_pca4,ember2018,pca,4,1,0,noisy_aer,74,ember2018:295698,1,1,1.02830839922881,
ember2018_pca4,ember2018,pca,4,1,0,noisy_aer,75,ember2018:479324,1,0,-0.47383505829369943,
ember2018_pca4,ember2018,pca,4,1,0,noisy_aer,76,ember2018:331793,1,1,0.015456301145211793,
ember2018_pca4,ember2018,pca,4,1,0,noisy_aer,77,ember2018:516244,1,1,0.38632264507700986,
ember2018_pca4,ember2018,pca,4,1,0,noisy_aer,78,ember2018:538196,1,1,1.3573611543184563,
ember2018_pca4,ember2018,pca,4,1,0,noisy_aer,79,ember2018:223995,1,0,-0.17754975651458427,
ember2018_pca4,ember2018,pca,4,2,0,exact,0,ember2018:269163,0,1,0.13255671312079542,
ember2018_pca4,ember2018,pca,4,2,0,exact,1,ember2018:653806,0,1,0.4445499776938201,
ember2018_pca4,ember2018,pca,4,2,0,exact,2,ember2018:552478,0,1,0.07296523317685844,
ember2018_pca4,ember2018,pca,4,2,0,exact,3,ember2018:435679,0,0,-1.6223325046687722,
ember2018_pca4,ember2018,pca,4,2,0,exact,4,ember2018:30637,0,1,0.29427403600338875,
ember2018_pca4,ember2018,pca,4,2,0,exact,5,ember2018:11043,0,0,-1.5874180971003478,
ember2018_pca4,ember2018,pca,4,2,0,exact,6,ember2018:544924,0,0,-0.2569913571271535,
ember2018_pca4,ember2018,pca,4,2,0,exact,7,ember2018:317868,0,0,-0.31667139260896005,
ember2018_pca4,ember2018,pca,4,2,0,exact,8,ember2018:14623,0,0,-1.6302098375729108,
ember2018_pca4,ember2018,pca,4,2,0,exact,9,ember2018:337041,0,0,-1.5769434789469985,
ember2018_pca4,ember2018,pca,4,2,0,exact,10,ember2018:399434,0,1,0.9147859107727346,
ember2018_pca4,ember2018,pca,4,2,0,exact,11,ember2018:678131,0,0,-1.0396837941692436,
ember2018_pca4,ember2018,pca,4,2,0,exact,12,ember2018:405206,0,0,-1.114993439100701,
ember2018_pca4,ember2018,pca,4,2,0,exact,13,ember2018:215160,0,1,0.8912426619024066,
ember2018_pca4,ember2018,pca,4,2,0,exact,14,ember2018:289018,0,1,0.33687427282393234,
ember2018_pca4,ember2018,pca,4,2,0,exact,15,ember2018:626748,0,0,-0.45726321256077435,
ember2018_pca4,ember2018,pca,4,2,0,exact,16,ember2018:679823,0,1,0.8500093608041438,
ember2018_pca4,ember2018,pca,4,2,0,exact,17,ember2018:210824,0,0,-0.5614301707558137,
ember2018_pca4,ember2018,pca,4,2,0,exact,18,ember2018:480589,0,0,-0.7717453563287788,
ember2018_pca4,ember2018,pca,4,2,0,exact,19,ember2018:154745,0,0,-0.5303675072953304,
ember2018_pca4,ember2018,pca,4,2,0,exact,20,ember2018:716864,0,0,-0.18189970348146062,
ember2018_pca4,ember2018,pca,4,2,0,exact,21,ember2018:721086,0,1,0.7871027162678107,
ember2018_pca4,ember2018,pca,4,2,0,exact,22,ember2018:592393,0,1,0.14983419973849132,
ember2018_pca4,ember2018,pca,4,2,0,exact,23,ember2018:663409,0,0,-0.7245407161603281,
ember2018_pca4,ember2018,pca,4,2,0,exact,24,ember2018:232093,0,0,-1.4143762173872014,
ember2018_pca4,ember2018,pca,4,2,0,exact,25,ember2018:629477,0,1,0.6440605717487732,
ember2018_pca4,ember2018,pca,4,2,0,exact,26,ember2018:504920,0,1,0.3618367576748308,
ember2018_pca4,ember2018,pca,4,2,0,exact,27,ember2018:602550,0,0,-0.15668286590697872,
ember2018_pca4,ember2018,pca,4,2,0,exact,28,ember2018:272008,0,1,0.7667445523858855,
ember2018_pca4,ember2018,pca,4,2,0,exact,29,ember2018:27347,0,0,-1.3747577113875802,
ember2018_pca4,ember2018,pca,4,2,0,exact,30,ember2018:265741,0,1,0.3033201091275074,
ember2018_pca4,ember2018,pca,4,2,0,exact,31,ember2018:612943,0,1,0.26584535533237963,
ember2018_pca4,ember2018,pca,4,2,0,exact,32,ember2018:17119,0,0,-1.4292753331589347,
ember2018_pca4,ember2018,pca,4,2,0,exact,33,ember2018:478952,0,0,-0.4771496517065768,
ember2018_pca4,ember2018,pca,4,2,0,exact,34,ember2018:680438,0,1,0.3562337256983408,
ember2018_pca4,ember2018,pca,4,2,0,exact,35,ember2018:372015,0,1,0.3406072108697126,
ember2018_pca4,ember2018,pca,4,2,0,exact,36,ember2018:461781,0,0,-1.4896006619685802,
ember2018_pca4,ember2018,pca,4,2,0,exact,37,ember2018:674893,0,0,-0.009864761126891275,
ember2018_pca4,ember2018,pca,4,2,0,exact,38,ember2018:42518,0,0,-0.6722118973665274,
ember2018_pca4,ember2018,pca,4,2,0,exact,39,ember2018:19668,0,0,-1.5829381386669068,
ember2018_pca4,ember2018,pca,4,2,0,exact,40,ember2018:567615,1,1,0.7716565470356972,
ember2018_pca4,ember2018,pca,4,2,0,exact,41,ember2018:171927,1,0,-0.14698901396635877,
ember2018_pca4,ember2018,pca,4,2,0,exact,42,ember2018:177601,1,0,-0.20075114084054857,
ember2018_pca4,ember2018,pca,4,2,0,exact,43,ember2018:500731,1,1,0.4822397928492198,
ember2018_pca4,ember2018,pca,4,2,0,exact,44,ember2018:360831,1,1,0.677989885010526,
ember2018_pca4,ember2018,pca,4,2,0,exact,45,ember2018:527230,1,0,-0.13697449097746733,
ember2018_pca4,ember2018,pca,4,2,0,exact,46,ember2018:761406,1,0,-0.07416025312715646,
ember2018_pca4,ember2018,pca,4,2,0,exact,47,ember2018:324922,1,1,1.0316846281722718,
ember2018_pca4,ember2018,pca,4,2,0,exact,48,ember2018:778623,1,1,1.0675441166941817,
ember2018_pca4,ember2018,pca,4,2,0,exact,49,ember2018:784553,1,0,-1.2740990586441443,
ember2018_pca4,ember2018,pca,4,2,0,exact,50,ember2018:249457,1,0,-0.8620864328893505,
ember2018_pca4,ember2018,pca,4,2,0,exact,51,ember2018:592620,1,1,0.3885510009855533,
ember2018_pca4,ember2018,pca,4,2,0,exact,52,ember2018:772576,1,1,0.9960438891762685,
ember2018_pca4,ember2018,pca,4,2,0,exact,53,ember2018:420813,1,1,0.24768550967511782,
ember2018_pca4,ember2018,pca,4,2,0,exact,54,ember2018:738198,1,1,0.11574134060231445,
ember2018_pca4,ember2018,pca,4,2,0,exact,55,ember2018:595219,1,1,0.7285581810905498,
ember2018_pca4,ember2018,pca,4,2,0,exact,56,ember2018:144124,1,1,0.9592770065058321,
ember2018_pca4,ember2018,pca,4,2,0,exact,57,ember2018:127536,1,0,-0.2714127735935642,
ember2018_pca4,ember2018,pca,4,2,0,exact,58,ember2018:592484,1,1,0.9891662022532891,
ember2018_pca4,ember2018,pca,4,2,0,exact,59,ember2018:156507,1,1,0.9250377432836095,
ember2018_pca4,ember2018,pca,4,2,0,exact,60,ember2018:716720,1,1,0.8671618387984777,
ember2018_pca4,ember2018,pca,4,2,0,exact,61,ember2018:181695,1,0,-0.09891738362715236,
ember2018_pca4,ember2018,pca,4,2,0,exact,62,ember2018:671748,1,0,-0.8339955713815084,
ember2018_pca4,ember2018,pca,4,2,0,exact,63,ember2018:325051,1,1,1.1346221302913104,
ember2018_pca4,ember2018,pca,4,2,0,exact,64,ember2018:415736,1,1,1.2441622628102342,
ember2018_pca4,ember2018,pca,4,2,0,exact,65,ember2018:291346,1,1,0.7969242332655547,
ember2018_pca4,ember2018,pca,4,2,0,exact,66,ember2018:468193,1,1,0.38880168842077534,
ember2018_pca4,ember2018,pca,4,2,0,exact,67,ember2018:151419,1,1,1.0502614194424953,
ember2018_pca4,ember2018,pca,4,2,0,exact,68,ember2018:473297,1,0,-0.3441242448552174,
ember2018_pca4,ember2018,pca,4,2,0,exact,69,ember2018:688038,1,0,-0.07774570297116401,
ember2018_pca4,ember2018,pca,4,2,0,exact,70,ember2018:281507,1,1,1.1340706631070447,
ember2018_pca4,ember2018,pca,4,2,0,exact,71,ember2018:774217,1,1,1.0406447759833801,
ember2018_pca4,ember2018,pca,4,2,0,exact,72,ember2018:476962,1,0,-0.5673380608757026,
ember2018_pca4,ember2018,pca,4,2,0,exact,73,ember2018:624213,1,1,0.3886535326233249,
ember2018_pca4,ember2018,pca,4,2,0,exact,74,ember2018:124625,1,1,0.7887698583409303,
ember2018_pca4,ember2018,pca,4,2,0,exact,75,ember2018:236919,1,1,0.8735043695610075,
ember2018_pca4,ember2018,pca,4,2,0,exact,76,ember2018:728225,1,1,0.8111023632958448,
ember2018_pca4,ember2018,pca,4,2,0,exact,77,ember2018:742501,1,0,-0.07719265969767064,
ember2018_pca4,ember2018,pca,4,2,0,exact,78,ember2018:603816,1,1,0.014646841652544151,
ember2018_pca4,ember2018,pca,4,2,0,exact,79,ember2018:299672,1,1,1.189579318620864,
ember2018_pca4,ember2018,pca,4,2,0,ideal_aer,0,ember2018:269163,0,1,0.15424897622690503,
ember2018_pca4,ember2018,pca,4,2,0,ideal_aer,1,ember2018:653806,0,1,0.5727379843284646,
ember2018_pca4,ember2018,pca,4,2,0,ideal_aer,2,ember2018:552478,0,0,-0.09854544135400378,
ember2018_pca4,ember2018,pca,4,2,0,ideal_aer,3,ember2018:435679,0,0,-1.702692378685159,
ember2018_pca4,ember2018,pca,4,2,0,ideal_aer,4,ember2018:30637,0,1,0.18578851737431745,
ember2018_pca4,ember2018,pca,4,2,0,ideal_aer,5,ember2018:11043,0,0,-1.726542827761681,
ember2018_pca4,ember2018,pca,4,2,0,ideal_aer,6,ember2018:544924,0,0,-0.12215325761764273,
ember2018_pca4,ember2018,pca,4,2,0,ideal_aer,7,ember2018:317868,0,0,-0.3465934448800311,
ember2018_pca4,ember2018,pca,4,2,0,ideal_aer,8,ember2018:14623,0,0,-1.7638240720508467,
ember2018_pca4,ember2018,pca,4,2,0,ideal_aer,9,ember2018:337041,0,0,-1.4304449931097583,
ember2018_pca4,ember2018,pca,4,2,0,ideal_aer,10,ember2018:399434,0,1,0.8584154979509588,
ember2018_pca4,ember2018,pca,4,2,0,ideal_aer,11,ember2018:678131,0,0,-1.0159026738821975,
ember2018_pca4,ember2018,pca,4,2,0,ideal_aer,12,ember2018:405206,0,0,-1.0836684596384192,
ember2018_pca4,ember2018,pca,4,2,0,ideal_aer,13,ember2018:215160,0,1,1.1013760354376794,
ember2018_pca4,ember2018,pca,4,2,0,ideal_aer,14,ember2018:289018,0,1,0.39231625291741956,
ember2018_pca4,ember2018,pca,4,2,0,ideal_aer,15,ember2018:626748,0,0,-0.4447715313884272,
ember2018_pca4,ember2018,pca,4,2,0,ideal_aer,16,ember2018:679823,0,1,1.185887487579387,
ember2018_pca4,ember2018,pca,4,2,0,ideal_aer,17,ember2018:210824,0,0,-0.3938080615909083,
ember2018_pca4,ember2018,pca,4,2,0,ideal_aer,18,ember2018:480589,0,0,-0.8524765117333714,
ember2018_pca4,ember2018,pca,4,2,0,ideal_aer,19,ember2018:154745,0,0,-0.4405796341218326,
ember2018_pca4,ember2018,pca,4,2,0,ideal_aer,20,ember2018:716864,0,0,-0.07995875566990746,
ember2018_pca4,ember2018,pca,4,2,0,ideal_aer,21,ember2018:721086,0,1,0.8611161747791722,
ember2018_pca4,ember2018,pca,4,2,0,ideal_aer,22,ember2018:592393,0,1,0.09694933517485871,
ember2018_pca4,ember2018,pca,4,2,0,ideal_aer,23,ember2018:663409,0,0,-0.7509077851923459,
ember2018_pca4,ember2018,pca,4,2,0,ideal_aer,24,ember2018:232093,0,0,-1.291862796419832,
ember2018_pca4,ember2018,pca,4,2,0,ideal_aer,25,ember2018:629477,0,1,0.7190310682871845,
ember2018_pca4,ember2018,pca,4,2,0,ideal_aer,26,ember2018:504920,0,1,0.3297093762806973,
ember2018_pca4,ember2018,pca,4,2,0,ideal_aer,27,ember2018:602550,0,0,-0.13866805899573992,
ember2018_pca4,ember2018,pca,4,2,0,ideal_aer,28,ember2018:272008,0,1,0.6642452621831292,
ember2018_pca4,ember2018,pca,4,2,0,ideal_aer,29,ember2018:27347,0,0,-1.352655624564155,
ember2018_pca4,ember2018,pca,4,2,0,ideal_aer,30,ember2018:265741,0,1,0.23619405924211634,
ember2018_pca4,ember2018,pca,4,2,0,ideal_aer,31,ember2018:612943,0,1,0.10228822088537082,
ember2018_pca4,ember2018,pca,4,2,0,ideal_aer,32,ember2018:17119,0,0,-1.336077666998358,
ember2018_pca4,ember2018,pca,4,2,0,ideal_aer,33,ember2018:478952,0,0,-0.4845551951162949,
ember2018_pca4,ember2018,pca,4,2,0,ideal_aer,34,ember2018:680438,0,1,0.45948542950478977,
ember2018_pca4,ember2018,pca,4,2,0,ideal_aer,35,ember2018:372015,0,1,0.32889142500531365,
ember2018_pca4,ember2018,pca,4,2,0,ideal_aer,36,ember2018:461781,0,0,-1.5588911236086846,
ember2018_pca4,ember2018,pca,4,2,0,ideal_aer,37,ember2018:674893,0,0,-0.04053225205560684,
ember2018_pca4,ember2018,pca,4,2,0,ideal_aer,38,ember2018:42518,0,0,-0.5770825780396687,
ember2018_pca4,ember2018,pca,4,2,0,ideal_aer,39,ember2018:19668,0,0,-1.5561961439476029,
ember2018_pca4,ember2018,pca,4,2,0,ideal_aer,40,ember2018:567615,1,1,0.8011921866598541,
ember2018_pca4,ember2018,pca,4,2,0,ideal_aer,41,ember2018:171927,1,0,-0.03711019041276953,
ember2018_pca4,ember2018,pca,4,2,0,ideal_aer,42,ember2018:177601,1,0,-0.17455909525185476,
ember2018_pca4,ember2018,pca,4,2,0,ideal_aer,43,ember2018:500731,1,1,0.516356819508454,
ember2018_pca4,ember2018,pca,4,2,0,ideal_aer,44,ember2018:360831,1,1,0.9156050271304348,
ember2018_pca4,ember2018,pca,4,2,0,ideal_aer,45,ember2018:527230,1,0,-0.10220264512076055,
ember2018_pca4,ember2018,pca,4,2,0,ideal_aer,46,ember2018:761406,1,1,0.14240494252767943,
ember2018_pca4,ember2018,pca,4,2,0,ideal_aer,47,ember2018:324922,1,1,1.1232647477472646,
ember2018_pca4,ember2018,pca,4,2,0,ideal_aer,48,ember2018:778623,1,1,1.186919685251718,
ember2018_pca4,ember2018,pca,4,2,0,ideal_aer,49,ember2018:784553,1,0,-1.5549720673697822,
ember2018_pca4,ember2018,pca,4,2,0,ideal_aer,50,ember2018:249457,1,0,-0.7522806603393909,
ember2018_pca4,ember2018,pca,4,2,0,ideal_aer,51,ember2018:592620,1,1,0.5242895819262647,
ember2018_pca4,ember2018,pca,4,2,0,ideal_aer,52,ember2018:772576,1,1,1.1128238450541914,
ember2018_pca4,ember2018,pca,4,2,0,ideal_aer,53,ember2018:420813,1,1,0.2190006025900435,
ember2018_pca4,ember2018,pca,4,2,0,ideal_aer,54,ember2018:738198,1,1,0.16182970310522404,
ember2018_pca4,ember2018,pca,4,2,0,ideal_aer,55,ember2018:595219,1,1,1.0456602102765267,
ember2018_pca4,ember2018,pca,4,2,0,ideal_aer,56,ember2018:144124,1,1,1.1953611309880197,
ember2018_pca4,ember2018,pca,4,2,0,ideal_aer,57,ember2018:127536,1,1,0.062025723858870174,
ember2018_pca4,ember2018,pca,4,2,0,ideal_aer,58,ember2018:592484,1,1,1.1092047463655925,
ember2018_pca4,ember2018,pca,4,2,0,ideal_aer,59,ember2018:156507,1,1,0.8681156280069584,
ember2018_pca4,ember2018,pca,4,2,0,ideal_aer,60,ember2018:716720,1,1,1.1461875631090965,
ember2018_pca4,ember2018,pca,4,2,0,ideal_aer,61,ember2018:181695,1,0,-0.016002326216435492,
ember2018_pca4,ember2018,pca,4,2,0,ideal_aer,62,ember2018:671748,1,0,-0.7574459989136688,
ember2018_pca4,ember2018,pca,4,2,0,ideal_aer,63,ember2018:325051,1,1,1.470069021960922,
ember2018_pca4,ember2018,pca,4,2,0,ideal_aer,64,ember2018:415736,1,1,1.1548460228262056,
ember2018_pca4,ember2018,pca,4,2,0,ideal_aer,65,ember2018:291346,1,1,0.7424109704604411,
ember2018_pca4,ember2018,pca,4,2,0,ideal_aer,66,ember2018:468193,1,1,0.5968193965398001,
ember2018_pca4,ember2018,pca,4,2,0,ideal_aer,67,ember2018:151419,1,1,1.1138235035136956,
ember2018_pca4,ember2018,pca,4,2,0,ideal_aer,68,ember2018:473297,1,0,-0.3091876335210201,
ember2018_pca4,ember2018,pca,4,2,0,ideal_aer,69,ember2018:688038,1,0,-0.0270857237996055,
ember2018_pca4,ember2018,pca,4,2,0,ideal_aer,70,ember2018:281507,1,1,1.120368593859773,
ember2018_pca4,ember2018,pca,4,2,0,ideal_aer,71,ember2018:774217,1,1,1.0459772045590376,
ember2018_pca4,ember2018,pca,4,2,0,ideal_aer,72,ember2018:476962,1,0,-0.5304838035385104,
ember2018_pca4,ember2018,pca,4,2,0,ideal_aer,73,ember2018:624213,1,1,0.44107173966916824,
ember2018_pca4,ember2018,pca,4,2,0,ideal_aer,74,ember2018:124625,1,1,0.8929892686887664,
ember2018_pca4,ember2018,pca,4,2,0,ideal_aer,75,ember2018:236919,1,1,0.9043472867828211,
ember2018_pca4,ember2018,pca,4,2,0,ideal_aer,76,ember2018:728225,1,1,0.8169250540967603,
ember2018_pca4,ember2018,pca,4,2,0,ideal_aer,77,ember2018:742501,1,1,0.024119654703543825,
ember2018_pca4,ember2018,pca,4,2,0,ideal_aer,78,ember2018:603816,1,0,-0.06145028935429481,
ember2018_pca4,ember2018,pca,4,2,0,ideal_aer,79,ember2018:299672,1,1,1.3553496073195772,
ember2018_pca4,ember2018,pca,4,2,0,noisy_aer,0,ember2018:269163,0,1,0.14480048561069836,
ember2018_pca4,ember2018,pca,4,2,0,noisy_aer,1,ember2018:653806,0,1,0.4196569713969014,
ember2018_pca4,ember2018,pca,4,2,0,noisy_aer,2,ember2018:552478,0,1,0.1607693576746393,
ember2018_pca4,ember2018,pca,4,2,0,noisy_aer,3,ember2018:435679,0,0,-1.5974512757965222,
ember2018_pca4,ember2018,pca,4,2,0,noisy_aer,4,ember2018:30637,0,1,0.3449222896499715,
ember2018_pca4,ember2018,pca,4,2,0,noisy_aer,5,ember2018:11043,0,0,-1.5479517063821935,
ember2018_pca4,ember2018,pca,4,2,0,noisy_aer,6,ember2018:544924,0,0,-0.1834281414666642,
ember2018_pca4,ember2018,pca,4,2,0,noisy_aer,7,ember2018:317868,0,0,-0.11726835936513669,
ember2018_pca4,ember2018,pca,4,2,0,noisy_aer,8,ember2018:14623,0,0,-1.741362028573702,
ember2018_pca4,ember2018,pca,4,2,0,noisy_aer,9,ember2018:337041,0,0,-1.5984074251540616,
ember2018_pca4,ember2018,pca,4,2,0,noisy_aer,10,ember2018:399434,0,1,0.9499575377327079,
ember2018_pca4,ember2018,pca,4,2,0,noisy_aer,11,ember2018:678131,0,0,-0.9003248453848893,
ember2018_pca4,ember2018,pca,4,2,0,noisy_aer,12,ember2018:405206,0,0,-1.1342155619421623,
ember2018_pca4,ember2018,pca,4,2,0,noisy_aer,13,ember2018:215160,0,1,1.038229917172334,
ember2018_pca4,ember2018,pca,4,2,0,noisy_aer,14,ember2018:289018,0,1,0.4026184237314838,
ember2018_pca4,ember2018,pca,4,2,0,noisy_aer,15,ember2018:626748,0,0,-0.5170566548775207,
ember2018_pca4,ember2018,pca,4,2,0,noisy_aer,16,ember2018:679823,0,1,0.7955553128595381,
ember2018_pca4,ember2018,pca,4,2,0,noisy_aer,17,ember2018:210824,0,0,-0.6483529575536733,
ember2018_pca4,ember2018,pca,4,2,0,noisy_aer,18,ember2018:480589,0,0,-0.6949160175227812,
ember2018_pca4,ember2018,pca,4,2,0,noisy_aer,19,ember2018:154745,0,0,-0.5108836930146925,
ember2018_pca4,ember2018,pca,4,2,0,noisy_aer,20,ember2018:716864,0,0,-0.05005737873702243,
ember2018_pca4,ember2018,pca,4,2,0,noisy_aer,21,ember2018:721086,0,1,0.8362148526965312,
ember2018_pca4,ember2018,pca,4,2,0,noisy_aer,22,ember2018:592393,0,1,0.22465727837109428,
ember2018_pca4,ember2018,pca,4,2,0,noisy_aer,23,ember2018:663409,0,0,-0.47203519141516337,
ember2018_pca4,ember2018,pca,4,2,0,noisy_aer,24,ember2018:232093,0,0,-1.3200491970870192,
ember2018_pca4,ember2018,pca,4,2,0,noisy_aer,25,ember2018:629477,0,1,0.8160518970248472,
ember2018_pca4,ember2018,pca,4,2,0,noisy_aer,26,ember2018:504920,0,1,0.33847145774144916,
ember2018_pca4,ember2018,pca,4,2,0,noisy_aer,27,ember2018:602550,0,1,0.21457571680072518,
ember2018_pca4,ember2018,pca,4,2,0,noisy_aer,28,ember2018:272008,0,1,0.8288988683230016,
ember2018_pca4,ember2018,pca,4,2,0,noisy_aer,29,ember2018:27347,0,0,-1.4426057126412162,
ember2018_pca4,ember2018,pca,4,2,0,noisy_aer,30,ember2018:265741,0,1,0.33210879515291236,
ember2018_pca4,ember2018,pca,4,2,0,noisy_aer,31,ember2018:612943,0,1,0.26819599336063016,
ember2018_pca4,ember2018,pca,4,2,0,noisy_aer,32,ember2018:17119,0,0,-1.4695863362893151,
ember2018_pca4,ember2018,pca,4,2,0,noisy_aer,33,ember2018:478952,0,0,-0.5183120481430086,
ember2018_pca4,ember2018,pca,4,2,0,noisy_aer,34,ember2018:680438,0,1,0.6098201114459438,
ember2018_pca4,ember2018,pca,4,2,0,noisy_aer,35,ember2018:372015,0,1,0.6494802349297946,
ember2018_pca4,ember2018,pca,4,2,0,noisy_aer,36,ember2018:461781,0,0,-1.4453388513180623,
ember2018_pca4,ember2018,pca,4,2,0,noisy_aer,37,ember2018:674893,0,0,-0.10552011069245892,
ember2018_pca4,ember2018,pca,4,2,0,noisy_aer,38,ember2018:42518,0,0,-0.7505554817045832,
ember2018_pca4,ember2018,pca,4,2,0,noisy_aer,39,ember2018:19668,0,0,-1.495051076095669,
ember2018_pca4,ember2018,pca,4,2,0,noisy_aer,40,ember2018:567615,1,1,0.928270394103152,
ember2018_pca4,ember2018,pca,4,2,0,noisy_aer,41,ember2018:171927,1,0,-0.010103389077744662,
ember2018_pca4,ember2018,pca,4,2,0,noisy_aer,42,ember2018:177601,1,0,-0.04887482147961031,
ember2018_pca4,ember2018,pca,4,2,0,noisy_aer,43,ember2018:500731,1,1,0.6449798132958142,
ember2018_pca4,ember2018,pca,4,2,0,noisy_aer,44,ember2018:360831,1,1,0.743315236498278,
ember2018_pca4,ember2018,pca,4,2,0,noisy_aer,45,ember2018:527230,1,0,-0.07071688693815309,
ember2018_pca4,ember2018,pca,4,2,0,noisy_aer,46,ember2018:761406,1,1,0.10354735399079074,
ember2018_pca4,ember2018,pca,4,2,0,noisy_aer,47,ember2018:324922,1,1,0.9348741686771811,
ember2018_pca4,ember2018,pca,4,2,0,noisy_aer,48,ember2018:778623,1,1,1.1702508516791148,
ember2018_pca4,ember2018,pca,4,2,0,noisy_aer,49,ember2018:784553,1,0,-1.2746226680936568,
ember2018_pca4,ember2018,pca,4,2,0,noisy_aer,50,ember2018:249457,1,0,-0.8053923389471176,
ember2018_pca4,ember2018,pca,4,2,0,noisy_aer,51,ember2018:592620,1,1,0.39237612984720194,
ember2018_pca4,ember2018,pca,4,2,0,noisy_aer,52,ember2018:772576,1,1,1.250984627842309,
ember2018_pca4,ember2018,pca,4,2,0,noisy_aer,53,ember2018:420813,1,1,0.6606581051705183,
ember2018_pca4,ember2018,pca,4,2,0,noisy_aer,54,ember2018:738198,1,1,0.09168015241933136,
ember2018_pca4,ember2018,pca,4,2,0,noisy_aer,55,ember2018:595219,1,1,1.0187039639423094,
ember2018_pca4,ember2018,pca,4,2,0,noisy_aer,56,ember2018:144124,1,1,1.1586311419662623,
ember2018_pca4,ember2018,pca,4,2,0,noisy_aer,57,ember2018:127536,1,0,-0.12660205853069373,
ember2018_pca4,ember2018,pca,4,2,0,noisy_aer,58,ember2018:592484,1,1,1.2531980552358624,
ember2018_pca4,ember2018,pca,4,2,0,noisy_aer,59,ember2018:156507,1,1,1.0129709710170327,
ember2018_pca4,ember2018,pca,4,2,0,noisy_aer,60,ember2018:716720,1,1,0.8216972579908941,
ember2018_pca4,ember2018,pca,4,2,0,noisy_aer,61,ember2018:181695,1,0,-0.12556481298094024,
ember2018_pca4,ember2018,pca,4,2,0,noisy_aer,62,ember2018:671748,1,0,-0.687082848485337,
ember2018_pca4,ember2018,pca,4,2,0,noisy_aer,63,ember2018:325051,1,1,1.4313758802894867,
ember2018_pca4,ember2018,pca,4,2,0,noisy_aer,64,ember2018:415736,1,1,1.3438808694777016,
ember2018_pca4,ember2018,pca,4,2,0,noisy_aer,65,ember2018:291346,1,1,1.1724840508625063,
ember2018_pca4,ember2018,pca,4,2,0,noisy_aer,66,ember2018:468193,1,1,0.4653232907574889,
ember2018_pca4,ember2018,pca,4,2,0,noisy_aer,67,ember2018:151419,1,1,0.9767678447697201,
ember2018_pca4,ember2018,pca,4,2,0,noisy_aer,68,ember2018:473297,1,0,-0.16407971495592105,
ember2018_pca4,ember2018,pca,4,2,0,noisy_aer,69,ember2018:688038,1,1,0.13018564185292036,
ember2018_pca4,ember2018,pca,4,2,0,noisy_aer,70,ember2018:281507,1,1,1.2490510996277524,
ember2018_pca4,ember2018,pca,4,2,0,noisy_aer,71,ember2018:774217,1,1,1.2303671298141443,
ember2018_pca4,ember2018,pca,4,2,0,noisy_aer,72,ember2018:476962,1,0,-0.48814254925442646,
ember2018_pca4,ember2018,pca,4,2,0,noisy_aer,73,ember2018:624213,1,1,0.5027979075966706,
ember2018_pca4,ember2018,pca,4,2,0,noisy_aer,74,ember2018:124625,1,1,0.9792067733827827,
ember2018_pca4,ember2018,pca,4,2,0,noisy_aer,75,ember2018:236919,1,1,0.5405209288247039,
ember2018_pca4,ember2018,pca,4,2,0,noisy_aer,76,ember2018:728225,1,1,0.7610892255337125,
ember2018_pca4,ember2018,pca,4,2,0,noisy_aer,77,ember2018:742501,1,1,0.08598375332271724,
ember2018_pca4,ember2018,pca,4,2,0,noisy_aer,78,ember2018:603816,1,1,0.06065990229372542,
ember2018_pca4,ember2018,pca,4,2,0,noisy_aer,79,ember2018:299672,1,1,1.1664253140220278,
clamp_native10,clamp,native,10,0,0,hardware,0,clamp:240,0,0,-0.33464238791633527,da7du86sidac73af8l4g
clamp_native10,clamp,native,10,0,0,hardware,1,clamp:369,0,1,0.6842239011755159,da7du86sidac73af8l4g
clamp_native10,clamp,native,10,0,0,hardware,2,clamp:719,0,0,-0.3975870660167067,da7du86sidac73af8l4g
clamp_native10,clamp,native,10,0,0,hardware,3,clamp:1336,0,0,-0.743348017363431,da7du86sidac73af8l4g
clamp_native10,clamp,native,10,0,0,hardware,4,clamp:1605,0,0,-0.7865217999338873,da7du86sidac73af8l4g
clamp_native10,clamp,native,10,0,0,hardware,5,clamp:1417,0,0,-0.4483525044477742,da7du86sidac73af8l4g
clamp_native10,clamp,native,10,0,0,hardware,6,clamp:2339,0,0,-0.29318659815402737,da7du86sidac73af8l4g
clamp_native10,clamp,native,10,0,0,hardware,7,clamp:2379,0,0,-0.2448101534359629,da7du86sidac73af8l4g
clamp_native10,clamp,native,10,0,0,hardware,8,clamp:102,0,0,-0.659609629118427,da7du86sidac73af8l4g
clamp_native10,clamp,native,10,0,0,hardware,9,clamp:1859,0,0,-0.5300569927552076,da7du86sidac73af8l4g
clamp_native10,clamp,native,10,0,0,hardware,10,clamp:1158,0,0,-0.7422802758964034,da7du86sidac73af8l4g
clamp_native10,clamp,native,10,0,0,hardware,11,clamp:1610,0,0,-1.0955652655039698,da7du86sidac73af8l4g
clamp_native10,clamp,native,10,0,0,hardware,12,clamp:862,0,0,-0.46095304191952635,da7du86sidac73af8l4g
clamp_native10,clamp,native,10,0,0,hardware,13,clamp:607,0,0,-0.4605421665751407,da7du86sidac73af8l4g
clamp_native10,clamp,native,10,0,0,hardware,14,clamp:139,0,0,-0.36192102380799984,da7du86sidac73af8l4g
clamp_native10,clamp,native,10,0,0,hardware,15,clamp:1856,0,0,-0.4770828105415692,da7du86sidac73af8l4g
clamp_native10,clamp,native,10,0,0,hardware,16,clamp:2028,0,0,-0.24048397085860307,da7du86sidac73af8l4g
clamp_native10,clamp,native,10,0,0,hardware,17,clamp:1312,0,0,-0.6018089937800313,da7du86sidac73af8l4g
clamp_native10,clamp,native,10,0,0,hardware,18,clamp:950,0,0,-0.17023422870195568,da7du86sidac73af8l4g
clamp_native10,clamp,native,10,0,0,hardware,19,clamp:1568,0,0,-0.7924959856027719,da7du86sidac73af8l4g
clamp_native10,clamp,native,10,0,0,hardware,20,clamp:922,0,1,0.15790371252934202,da7du86sidac73af8l4g
clamp_native10,clamp,native,10,0,0,hardware,21,clamp:958,0,0,-0.37595267958355344,da7du86sidac73af8l4g
clamp_native10,clamp,native,10,0,0,hardware,22,clamp:2073,0,0,-0.3503420530238731,da7du86sidac73af8l4g
clamp_native10,clamp,native,10,0,0,hardware,23,clamp:109,0,1,0.21146809775850908,da7du86sidac73af8l4g
clamp_native10,clamp,native,10,0,0,hardware,24,clamp:1291,0,0,-0.5231983095650536,da7du86sidac73af8l4g
clamp_native10,clamp,native,10,0,0,hardware,25,clamp:1197,0,0,-0.4720758501375987,da7du86sidac73af8l4g
clamp_native10,clamp,native,10,0,0,hardware,26,clamp:2459,0,0,-0.6396942741366852,da7du86sidac73af8l4g
clamp_native10,clamp,native,10,0,0,hardware,27,clamp:1683,0,1,0.27510204351148404,da7du86sidac73af8l4g
clamp_native10,clamp,native,10,0,0,hardware,28,clamp:320,0,0,-0.16253148960242808,da7du86sidac73af8l4g
clamp_native10,clamp,native,10,0,0,hardware,29,clamp:927,0,0,-0.50508828605566,da7du86sidac73af8l4g
clamp_native10,clamp,native,10,0,0,hardware,30,clamp:1424,0,0,-0.35534683891137064,da7du86sidac73af8l4g
clamp_native10,clamp,native,10,0,0,hardware,31,clamp:1832,0,0,-1.1600016585802861,da7du86sidac73af8l4g
clamp_native10,clamp,native,10,0,0,hardware,32,clamp:1796,0,0,-0.6475122779222466,da7du86sidac73af8l4g
clamp_native10,clamp,native,10,0,0,hardware,33,clamp:1154,0,0,-0.41872168199785664,da7du86sidac73af8l4g
clamp_native10,clamp,native,10,0,0,hardware,34,clamp:744,0,0,-0.5493043843102491,da7du86sidac73af8l4g
clamp_native10,clamp,native,10,0,0,hardware,35,clamp:759,0,0,-0.5316003764282655,da7du86sidac73af8l4g
clamp_native10,clamp,native,10,0,0,hardware,36,clamp:1082,0,0,-0.6740923706178334,da7du86sidac73af8l4g
clamp_native10,clamp,native,10,0,0,hardware,37,clamp:1936,0,0,-0.22522477388602474,da7du86sidac73af8l4g
clamp_native10,clamp,native,10,0,0,hardware,38,clamp:834,0,0,-0.612736216087016,da7du86sidac73af8l4g
clamp_native10,clamp,native,10,0,0,hardware,39,clamp:360,0,0,-0.4680939415297145,da7du86sidac73af8l4g
clamp_native10,clamp,native,10,0,0,hardware,40,clamp:3556,1,1,0.08062959815323104,da7du86sidac73af8l4g
clamp_native10,clamp,native,10,0,0,hardware,41,clamp:3741,1,1,0.7022623257688482,da7du86sidac73af8l4g
clamp_native10,clamp,native,10,0,0,hardware,42,clamp:3085,1,1,1.3282622138157463,da7du86sidac73af8l4g
clamp_native10,clamp,native,10,0,0,hardware,43,clamp:4967,1,1,0.6373194444795661,da7du86sidac73af8l4g
clamp_native10,clamp,native,10,0,0,hardware,44,clamp:5000,1,1,1.1682889463743977,da7du86sidac73af8l4g
clamp_native10,clamp,native,10,0,0,hardware,45,clamp:3359,1,0,-0.518682531406454,da7du86sidac73af8l4g
clamp_native10,clamp,native,10,0,0,hardware,46,clamp:3832,1,1,0.43059018774349833,da7du86sidac73af8l4g
clamp_native10,clamp,native,10,0,0,hardware,47,clamp:2609,1,0,-0.08444154871051562,da7du86sidac73af8l4g
clamp_native10,clamp,native,10,0,0,hardware,48,clamp:3804,1,1,1.0145399250293803,da7du86sidac73af8l4g
clamp_native10,clamp,native,10,0,0,hardware,49,clamp:4549,1,0,-0.43193353586476924,da7du86sidac73af8l4g
clamp_native10,clamp,native,10,0,0,hardware,50,clamp:2965,1,1,0.42538646427528415,da7du86sidac73af8l4g
clamp_native10,clamp,native,10,0,0,hardware,51,clamp:4655,1,0,-0.10035295300677569,da7du86sidac73af8l4g
clamp_native10,clamp,native,10,0,0,hardware,52,clamp:3567,1,1,1.182293747550413,da7du86sidac73af8l4g
clamp_native10,clamp,native,10,0,0,hardware,53,clamp:2683,1,1,0.011308633515605016,da7du86sidac73af8l4g
clamp_native10,clamp,native,10,0,0,hardware,54,clamp:3472,1,1,0.011853654405726527,da7du86sidac73af8l4g
clamp_native10,clamp,native,10,0,0,hardware,55,clamp:3277,1,0,-0.3963491453859184,da7du86sidac73af8l4g
clamp_native10,clamp,native,10,0,0,hardware,56,clamp:3562,1,1,0.9800008823622897,da7du86sidac73af8l4g
clamp_native10,clamp,native,10,0,0,hardware,57,clamp:4226,1,1,0.3837694458715326,da7du86sidac73af8l4g
clamp_native10,clamp,native,10,0,0,hardware,58,clamp:2539,1,1,1.2394275717777468,da7du86sidac73af8l4g
clamp_native10,clamp,native,10,0,0,hardware,59,clamp:5043,1,1,0.5983947229770973,da7du86sidac73af8l4g
clamp_native10,clamp,native,10,0,0,hardware,60,clamp:3041,1,0,-0.0712632629956651,da7du86sidac73af8l4g
clamp_native10,clamp,native,10,0,0,hardware,61,clamp:2790,1,0,-0.02731892426931179,da7du86sidac73af8l4g
clamp_native10,clamp,native,10,0,0,hardware,62,clamp:4513,1,1,1.282563871483682,da7du86sidac73af8l4g
clamp_native10,clamp,native,10,0,0,hardware,63,clamp:2800,1,1,1.1734327067050747,da7du86sidac73af8l4g
clamp_native10,clamp,native,10,0,0,hardware,64,clamp:4086,1,1,0.5222537711665065,da7du86sidac73af8l4g
clamp_native10,clamp,native,10,0,0,hardware,65,clamp:3323,1,1,1.0417532625209147,da7du86sidac73af8l4g
clamp_native10,clamp,native,10,0,0,hardware,66,clamp:4083,1,1,0.015765935710357754,da7du86sidac73af8l4g
clamp_native10,clamp,native,10,0,0,hardware,67,clamp:3502,1,1,0.14044633359043104,da7du86sidac73af8l4g
clamp_native10,clamp,native,10,0,0,hardware,68,clamp:2942,1,1,1.1206337277129361,da7du86sidac73af8l4g
clamp_native10,clamp,native,10,0,0,hardware,69,clamp:2736,1,1,0.4728729695756292,da7du86sidac73af8l4g
clamp_native10,clamp,native,10,0,0,hardware,70,clamp:3934,1,0,-0.14040968822084335,da7du86sidac73af8l4g
clamp_native10,clamp,native,10,0,0,hardware,71,clamp:3604,1,0,-0.15520817318984398,da7du86sidac73af8l4g
clamp_native10,clamp,native,10,0,0,hardware,72,clamp:3106,1,1,0.9022445108038808,da7du86sidac73af8l4g
clamp_native10,clamp,native,10,0,0,hardware,73,clamp:2810,1,1,0.8613238076397902,da7du86sidac73af8l4g
clamp_native10,clamp,native,10,0,0,hardware,74,clamp:4020,1,1,0.4277222967087556,da7du86sidac73af8l4g
clamp_native10,clamp,native,10,0,0,hardware,75,clamp:3687,1,0,-0.15388361702511066,da7du86sidac73af8l4g
clamp_native10,clamp,native,10,0,0,hardware,76,clamp:4062,1,1,0.9141263882164186,da7du86sidac73af8l4g
clamp_native10,clamp,native,10,0,0,hardware,77,clamp:3438,1,1,1.184897314699588,da7du86sidac73af8l4g
clamp_native10,clamp,native,10,0,0,hardware,78,clamp:3533,1,1,0.08134368341671352,da7du86sidac73af8l4g
clamp_native10,clamp,native,10,0,0,hardware,79,clamp:4210,1,1,1.235567622743757,da7du86sidac73af8l4g
clamp_pca4,clamp,pca,4,0,0,hardware,0,clamp:240,0,0,-0.1512717138802357,da7du8m0ukec73836ch0
clamp_pca4,clamp,pca,4,0,0,hardware,1,clamp:369,0,1,1.2371706491581418,da7du8m0ukec73836ch0
clamp_pca4,clamp,pca,4,0,0,hardware,2,clamp:719,0,0,-0.3276652223480873,da7du8m0ukec73836ch0
clamp_pca4,clamp,pca,4,0,0,hardware,3,clamp:1336,0,0,-0.6133220575251092,da7du8m0ukec73836ch0
clamp_pca4,clamp,pca,4,0,0,hardware,4,clamp:1605,0,0,-0.6422789134013994,da7du8m0ukec73836ch0
clamp_pca4,clamp,pca,4,0,0,hardware,5,clamp:1417,0,0,-1.1675580935550656,da7du8m0ukec73836ch0
clamp_pca4,clamp,pca,4,0,0,hardware,6,clamp:2339,0,0,-1.4008173042358851,da7du8m0ukec73836ch0
clamp_pca4,clamp,pca,4,0,0,hardware,7,clamp:2379,0,0,-0.582411445330075,da7du8m0ukec73836ch0
clamp_pca4,clamp,pca,4,0,0,hardware,8,clamp:102,0,0,-0.4949410508110849,da7du8m0ukec73836ch0
clamp_pca4,clamp,pca,4,0,0,hardware,9,clamp:1859,0,0,-1.2031304219526806,da7du8m0ukec73836ch0
clamp_pca4,clamp,pca,4,0,0,hardware,10,clamp:1158,0,0,-0.47496728544358463,da7du8m0ukec73836ch0
clamp_pca4,clamp,pca,4,0,0,hardware,11,clamp:1610,0,0,-0.7391092111180549,da7du8m0ukec73836ch0
clamp_pca4,clamp,pca,4,0,0,hardware,12,clamp:862,0,0,-1.2895873551239323,da7du8m0ukec73836ch0
clamp_pca4,clamp,pca,4,0,0,hardware,13,clamp:607,0,0,-0.6488030372981278,da7du8m0ukec73836ch0
clamp_pca4,clamp,pca,4,0,0,hardware,14,clamp:139,0,0,-0.10981825070119505,da7du8m0ukec73836ch0
clamp_pca4,clamp,pca,4,0,0,hardware,15,clamp:1856,0,1,0.5104038352549934,da7du8m0ukec73836ch0
clamp_pca4,clamp,pca,4,0,0,hardware,16,clamp:2028,0,0,-0.5097706403247767,da7du8m0ukec73836ch0
clamp_pca4,clamp,pca,4,0,0,hardware,17,clamp:1312,0,0,-0.31418599376901074,da7du8m0ukec73836ch0
clamp_pca4,clamp,pca,4,0,0,hardware,18,clamp:950,0,0,-0.37525501136854794,da7du8m0ukec73836ch0
clamp_pca4,clamp,pca,4,0,0,hardware,19,clamp:1568,0,0,-0.6858851444883304,da7du8m0ukec73836ch0
clamp_pca4,clamp,pca,4,0,0,hardware,20,clamp:922,0,1,0.05237519420418618,da7du8m0ukec73836ch0
clamp_pca4,clamp,pca,4,0,0,hardware,21,clamp:958,0,0,-1.295687255873596,da7du8m0ukec73836ch0
clamp_pca4,clamp,pca,4,0,0,hardware,22,clamp:2073,0,1,0.332412891028846,da7du8m0ukec73836ch0
clamp_pca4,clamp,pca,4,0,0,hardware,23,clamp:109,0,1,0.6593799743957379,da7du8m0ukec73836ch0
clamp_pca4,clamp,pca,4,0,0,hardware,24,clamp:1291,0,0,-0.8234172149372928,da7du8m0ukec73836ch0
clamp_pca4,clamp,pca,4,0,0,hardware,25,clamp:1197,0,0,-0.056482890545497655,da7du8m0ukec73836ch0
clamp_pca4,clamp,pca,4,0,0,hardware,26,clamp:2459,0,0,-2.1470498454874876,da7du8m0ukec73836ch0
clamp_pca4,clamp,pca,4,0,0,hardware,27,clamp:1683,0,1,0.016506377784829385,da7du8m0ukec73836ch0
clamp_pca4,clamp,pca,4,0,0,hardware,28,clamp:320,0,0,-0.05957038705496481,da7du8m0ukec73836ch0
clamp_pca4,clamp,pca,4,0,0,hardware,29,clamp:927,0,1,0.6306150374392266,da7du8m0ukec73836ch0
clamp_pca4,clamp,pca,4,0,0,hardware,30,clamp:1424,0,0,-0.6111457458724064,da7du8m0ukec73836ch0
clamp_pca4,clamp,pca,4,0,0,hardware,31,clamp:1832,0,0,-0.7960010227648916,da7du8m0ukec73836ch0
clamp_pca4,clamp,pca,4,0,0,hardware,32,clamp:1796,0,0,-0.6636678506484518,da7du8m0ukec73836ch0
clamp_pca4,clamp,pca,4,0,0,hardware,33,clamp:1154,0,0,-1.5424332306738013,da7du8m0ukec73836ch0
clamp_pca4,clamp,pca,4,0,0,hardware,34,clamp:744,0,0,-1.4559553971286021,da7du8m0ukec73836ch0
clamp_pca4,clamp,pca,4,0,0,hardware,35,clamp:759,0,0,-0.6971049742583991,da7du8m0ukec73836ch0
clamp_pca4,clamp,pca,4,0,0,hardware,36,clamp:1082,0,0,-1.0916849005838523,da7du8m0ukec73836ch0
clamp_pca4,clamp,pca,4,0,0,hardware,37,clamp:1936,0,0,-0.0102681081898508,da7du8m0ukec73836ch0
clamp_pca4,clamp,pca,4,0,0,hardware,38,clamp:834,0,0,-1.0393198315345251,da7du8m0ukec73836ch0
clamp_pca4,clamp,pca,4,0,0,hardware,39,clamp:360,0,0,-0.44234325213852393,da7du8m0ukec73836ch0
clamp_pca4,clamp,pca,4,0,0,hardware,40,clamp:3556,1,0,-0.7144907789829603,da7du8m0ukec73836ch0
clamp_pca4,clamp,pca,4,0,0,hardware,41,clamp:3741,1,1,0.13744688994059923,da7du8m0ukec73836ch0
clamp_pca4,clamp,pca,4,0,0,hardware,42,clamp:3085,1,1,0.712667546067825,da7du8m0ukec73836ch0
clamp_pca4,clamp,pca,4,0,0,hardware,43,clamp:4967,1,1,0.37432999141442963,da7du8m0ukec73836ch0
clamp_pca4,clamp,pca,4,0,0,hardware,44,clamp:5000,1,1,1.1535522052422373,da7du8m0ukec73836ch0
clamp_pca4,clamp,pca,4,0,0,hardware,45,clamp:3359,1,0,-0.5015775642846946,da7du8m0ukec73836ch0
clamp_pca4,clamp,pca,4,0,0,hardware,46,clamp:3832,1,0,-0.10261345874436384,da7du8m0ukec73836ch0
clamp_pca4,clamp,pca,4,0,0,hardware,47,clamp:2609,1,1,0.03743364180757608,da7du8m0ukec73836ch0
clamp_pca4,clamp,pca,4,0,0,hardware,48,clamp:3804,1,1,0.797721542443406,da7du8m0ukec73836ch0
clamp_pca4,clamp,pca,4,0,0,hardware,49,clamp:4549,1,0,-0.5330314235670773,da7du8m0ukec73836ch0
clamp_pca4,clamp,pca,4,0,0,hardware,50,clamp:2965,1,0,-0.3103336369897893,da7du8m0ukec73836ch0
clamp_pca4,clamp,pca,4,0,0,hardware,51,clamp:4655,1,1,0.4338905322479781,da7du8m0ukec73836ch0
clamp_pca4,clamp,pca,4,0,0,hardware,52,clamp:3567,1,1,0.877697813111033,da7du8m0ukec73836ch0
clamp_pca4,clamp,pca,4,0,0,hardware,53,clamp:2683,1,0,-1.1867611733783239,da7du8m0ukec73836ch0
clamp_pca4,clamp,pca,4,0,0,hardware,54,clamp:3472,1,1,0.5859355448532338,da7du8m0ukec73836ch0
clamp_pca4,clamp,pca,4,0,0,hardware,55,clamp:3277,1,0,-0.21830161293567224,da7du8m0ukec73836ch0
clamp_pca4,clamp,pca,4,0,0,hardware,56,clamp:3562,1,0,-0.1610112933957492,da7du8m0ukec73836ch0
clamp_pca4,clamp,pca,4,0,0,hardware,57,clamp:4226,1,0,-0.05559977574339653,da7du8m0ukec73836ch0
clamp_pca4,clamp,pca,4,0,0,hardware,58,clamp:2539,1,1,0.60928532823284,da7du8m0ukec73836ch0
clamp_pca4,clamp,pca,4,0,0,hardware,59,clamp:5043,1,1,0.22684996502483307,da7du8m0ukec73836ch0
clamp_pca4,clamp,pca,4,0,0,hardware,60,clamp:3041,1,1,0.4794691013243147,da7du8m0ukec73836ch0
clamp_pca4,clamp,pca,4,0,0,hardware,61,clamp:2790,1,1,0.28401551297477273,da7du8m0ukec73836ch0
clamp_pca4,clamp,pca,4,0,0,hardware,62,clamp:4513,1,1,0.8110259491480499,da7du8m0ukec73836ch0
clamp_pca4,clamp,pca,4,0,0,hardware,63,clamp:2800,1,1,0.8764671694897693,da7du8m0ukec73836ch0
clamp_pca4,clamp,pca,4,0,0,hardware,64,clamp:4086,1,1,0.9812749971772045,da7du8m0ukec73836ch0
clamp_pca4,clamp,pca,4,0,0,hardware,65,clamp:3323,1,1,1.3298419103219281,da7du8m0ukec73836ch0
clamp_pca4,clamp,pca,4,0,0,hardware,66,clamp:4083,1,0,-1.399006799899464,da7du8m0ukec73836ch0
clamp_pca4,clamp,pca,4,0,0,hardware,67,clamp:3502,1,0,-0.3977823580997694,da7du8m0ukec73836ch0
clamp_pca4,clamp,pca,4,0,0,hardware,68,clamp:2942,1,1,0.7779239348035919,da7du8m0ukec73836ch0
clamp_pca4,clamp,pca,4,0,0,hardware,69,clamp:2736,1,0,-0.13462562772839076,da7du8m0ukec73836ch0
clamp_pca4,clamp,pca,4,0,0,hardware,70,clamp:3934,1,1,0.14113646963527443,da7du8m0ukec73836ch0
clamp_pca4,clamp,pca,4,0,0,hardware,71,clamp:3604,1,1,0.6689527744602922,da7du8m0ukec73836ch0
clamp_pca4,clamp,pca,4,0,0,hardware,72,clamp:3106,1,1,0.884049378400854,da7du8m0ukec73836ch0
clamp_pca4,clamp,pca,4,0,0,hardware,73,clamp:2810,1,0,-0.04235998905850241,da7du8m0ukec73836ch0
clamp_pca4,clamp,pca,4,0,0,hardware,74,clamp:4020,1,1,0.8877508397301731,da7du8m0ukec73836ch0
clamp_pca4,clamp,pca,4,0,0,hardware,75,clamp:3687,1,1,0.09319259403543795,da7du8m0ukec73836ch0
clamp_pca4,clamp,pca,4,0,0,hardware,76,clamp:4062,1,1,0.7221523962305701,da7du8m0ukec73836ch0
clamp_pca4,clamp,pca,4,0,0,hardware,77,clamp:3438,1,1,1.2021171971627216,da7du8m0ukec73836ch0
clamp_pca4,clamp,pca,4,0,0,hardware,78,clamp:3533,1,0,-0.4433449839429859,da7du8m0ukec73836ch0
clamp_pca4,clamp,pca,4,0,0,hardware,79,clamp:4210,1,1,1.273672040691975,da7du8m0ukec73836ch0
fabiana_native8,fabiana,native,8,0,0,hardware,0,fabiana:591,0,0,-1.3773907968864876,da7du96sidac73af8l6g
fabiana_native8,fabiana,native,8,0,0,hardware,1,fabiana:77,0,0,-1.389546365143834,da7du96sidac73af8l6g
fabiana_native8,fabiana,native,8,0,0,hardware,2,fabiana:742,0,0,-1.1720240521517953,da7du96sidac73af8l6g
fabiana_native8,fabiana,native,8,0,0,hardware,3,fabiana:627,0,0,-0.7873790535105089,da7du96sidac73af8l6g
fabiana_native8,fabiana,native,8,0,0,hardware,4,fabiana:390,0,1,0.5327413895988331,da7du96sidac73af8l6g
fabiana_native8,fabiana,native,8,0,0,hardware,5,fabiana:1063,0,0,-1.4837303172335807,da7du96sidac73af8l6g
fabiana_native8,fabiana,native,8,0,0,hardware,6,fabiana:951,0,0,-1.2073497142889211,da7du96sidac73af8l6g
fabiana_native8,fabiana,native,8,0,0,hardware,7,fabiana:723,0,0,-1.1856748620773505,da7du96sidac73af8l6g
fabiana_native8,fabiana,native,8,0,0,hardware,8,fabiana:68,0,0,-1.3821158155756006,da7du96sidac73af8l6g
fabiana_native8,fabiana,native,8,0,0,hardware,9,fabiana:584,0,0,-1.538161488604592,da7du96sidac73af8l6g
fabiana_native8,fabiana,native,8,0,0,hardware,10,fabiana:618,0,0,-1.4242596297412793,da7du96sidac73af8l6g
fabiana_native8,fabiana,native,8,0,0,hardware,11,fabiana:6,0,0,-1.3434619547466693,da7du96sidac73af8l6g
fabiana_native8,fabiana,native,8,0,0,hardware,12,fabiana:314,0,0,-1.3772352516259967,da7du96sidac73af8l6g
fabiana_native8,fabiana,native,8,0,0,hardware,13,fabiana:320,0,0,-1.3622439036574865,da7du96sidac73af8l6g
fabiana_native8,fabiana,native,8,0,0,hardware,14,fabiana:1106,0,0,-1.3926701239462504,da7du96sidac73af8l6g
fabiana_native8,fabiana,native,8,0,0,hardware,15,fabiana:1009,0,0,-1.3706560980831717,da7du96sidac73af8l6g
fabiana_native8,fabiana,native,8,0,0,hardware,16,fabiana:486,0,0,-1.5473968629936756,da7du96sidac73af8l6g
fabiana_native8,fabiana,native,8,0,0,hardware,17,fabiana:837,0,0,-0.44845724798279096,da7du96sidac73af8l6g
fabiana_native8,fabiana,native,8,0,0,hardware,18,fabiana:909,0,0,-0.7574070611053657,da7du96sidac73af8l6g
fabiana_native8,fabiana,native,8,0,0,hardware,19,fabiana:65,0,0,-0.6655289467422866,da7du96sidac73af8l6g
fabiana_native8,fabiana,native,8,0,0,hardware,20,fabiana:353,0,0,-0.7033839136092069,da7du96sidac73af8l6g
fabiana_native8,fabiana,native,8,0,0,hardware,21,fabiana:991,0,0,-0.49904260550034185,da7du96sidac73af8l6g
fabiana_native8,fabiana,native,8,0,0,hardware,22,fabiana:756,0,0,-0.3267724736828568,da7du96sidac73af8l6g
fabiana_native8,fabiana,native,8,0,0,hardware,23,fabiana:557,0,0,-0.3293966683720694,da7du96sidac73af8l6g
fabiana_native8,fabiana,native,8,0,0,hardware,24,fabiana:589,0,0,-0.7329817633498116,da7du96sidac73af8l6g
fabiana_native8,fabiana,native,8,0,0,hardware,25,fabiana:770,0,0,-0.7180107825102099,da7du96sidac73af8l6g
fabiana_native8,fabiana,native,8,0,0,hardware,26,fabiana:542,0,0,-0.4703749616208073,da7du96sidac73af8l6g
fabiana_native8,fabiana,native,8,0,0,hardware,27,fabiana:516,0,0,-0.7953912330507015,da7du96sidac73af8l6g
fabiana_native8,fabiana,native,8,0,0,hardware,28,fabiana:1112,0,0,-0.35596023722328074,da7du96sidac73af8l6g
fabiana_native8,fabiana,native,8,0,0,hardware,29,fabiana:602,0,0,-0.31814212696763144,da7du96sidac73af8l6g
fabiana_native8,fabiana,native,8,0,0,hardware,30,fabiana:1054,0,0,-0.5483434891761519,da7du96sidac73af8l6g
fabiana_native8,fabiana,native,8,0,0,hardware,31,fabiana:1000,0,0,-0.7404145362871212,da7du96sidac73af8l6g
fabiana_native8,fabiana,native,8,0,0,hardware,32,fabiana:158,0,0,-0.49744464948567346,da7du96sidac73af8l6g
fabiana_native8,fabiana,native,8,0,0,hardware,33,fabiana:441,0,0,-0.44826921880073056,da7du96sidac73af8l6g
fabiana_native8,fabiana,native,8,0,0,hardware,34,fabiana:342,0,0,-0.706704383537678,da7du96sidac73af8l6g
fabiana_native8,fabiana,native,8,0,0,hardware,35,fabiana:803,0,0,-0.47370770754999125,da7du96sidac73af8l6g
fabiana_native8,fabiana,native,8,0,0,hardware,36,fabiana:269,0,0,-0.34963228403076585,da7du96sidac73af8l6g
fabiana_native8,fabiana,native,8,0,0,hardware,37,fabiana:1133,0,0,-0.7812510234897815,da7du96sidac73af8l6g
fabiana_native8,fabiana,native,8,0,0,hardware,38,fabiana:210,0,0,-0.6408099718454551,da7du96sidac73af8l6g
fabiana_native8,fabiana,native,8,0,0,hardware,39,fabiana:1038,0,0,-0.5776254634652568,da7du96sidac73af8l6g
fabiana_native8,fabiana,native,8,0,0,hardware,40,fabiana:429,1,1,0.5873578954446654,da7du96sidac73af8l6g
fabiana_native8,fabiana,native,8,0,0,hardware,41,fabiana:1118,1,1,0.5874863904700967,da7du96sidac73af8l6g
fabiana_native8,fabiana,native,8,0,0,hardware,42,fabiana:454,1,1,0.5566761562195448,da7du96sidac73af8l6g
fabiana_native8,fabiana,native,8,0,0,hardware,43,fabiana:487,1,1,0.5631748976480992,da7du96sidac73af8l6g
fabiana_native8,fabiana,native,8,0,0,hardware,44,fabiana:274,1,1,0.6393272328465962,da7du96sidac73af8l6g
fabiana_native8,fabiana,native,8,0,0,hardware,45,fabiana:183,1,1,0.526970689947279,da7du96sidac73af8l6g
fabiana_native8,fabiana,native,8,0,0,hardware,46,fabiana:965,1,1,0.6583063082195246,da7du96sidac73af8l6g
fabiana_native8,fabiana,native,8,0,0,hardware,47,fabiana:830,1,1,0.6162357724054767,da7du96sidac73af8l6g
fabiana_native8,fabiana,native,8,0,0,hardware,48,fabiana:911,1,1,0.5628688642649349,da7du96sidac73af8l6g
fabiana_native8,fabiana,native,8,0,0,hardware,49,fabiana:578,1,1,0.6032390524934707,da7du96sidac73af8l6g
fabiana_native8,fabiana,native,8,0,0,hardware,50,fabiana:75,1,0,-0.07660318845216352,da7du96sidac73af8l6g
fabiana_native8,fabiana,native,8,0,0,hardware,51,fabiana:828,1,1,0.6053935504074506,da7du96sidac73af8l6g
fabiana_native8,fabiana,native,8,0,0,hardware,52,fabiana:573,1,1,0.5480836071255638,da7du96sidac73af8l6g
fabiana_native8,fabiana,native,8,0,0,hardware,53,fabiana:722,1,1,0.37397491319878834,da7du96sidac73af8l6g
fabiana_native8,fabiana,native,8,0,0,hardware,54,fabiana:942,1,1,0.5481407338230524,da7du96sidac73af8l6g
fabiana_native8,fabiana,native,8,0,0,hardware,55,fabiana:675,1,1,0.5813729483067978,da7du96sidac73af8l6g
fabiana_native8,fabiana,native,8,0,0,hardware,56,fabiana:365,1,0,-0.12861758369961207,da7du96sidac73af8l6g
fabiana_native8,fabiana,native,8,0,0,hardware,57,fabiana:179,1,1,0.5976939674901869,da7du96sidac73af8l6g
fabiana_native8,fabiana,native,8,0,0,hardware,58,fabiana:661,1,1,0.5494053207045583,da7du96sidac73af8l6g
fabiana_native8,fabiana,native,8,0,0,hardware,59,fabiana:891,1,1,0.37468163085636835,da7du96sidac73af8l6g
fabiana_native8,fabiana,native,8,0,0,hardware,60,fabiana:200,1,1,0.6387648064984944,da7du96sidac73af8l6g
fabiana_native8,fabiana,native,8,0,0,hardware,61,fabiana:550,1,1,0.15593846706656256,da7du96sidac73af8l6g
fabiana_native8,fabiana,native,8,0,0,hardware,62,fabiana:1090,1,1,0.6029219355720685,da7du96sidac73af8l6g
fabiana_native8,fabiana,native,8,0,0,hardware,63,fabiana:1036,1,1,0.6029245868093052,da7du96sidac73af8l6g
fabiana_native8,fabiana,native,8,0,0,hardware,64,fabiana:48,1,1,0.32170944873379936,da7du96sidac73af8l6g
fabiana_native8,fabiana,native,8,0,0,hardware,65,fabiana:587,1,1,0.6979885190795521,da7du96sidac73af8l6g
fabiana_native8,fabiana,native,8,0,0,hardware,66,fabiana:186,1,1,0.5365540794361765,da7du96sidac73af8l6g
fabiana_native8,fabiana,native,8,0,0,hardware,67,fabiana:492,1,1,0.6924484553058134,da7du96sidac73af8l6g
fabiana_native8,fabiana,native,8,0,0,hardware,68,fabiana:512,1,1,1.0204630282942762,da7du96sidac73af8l6g
fabiana_native8,fabiana,native,8,0,0,hardware,69,fabiana:835,1,1,0.7970886404006404,da7du96sidac73af8l6g
fabiana_native8,fabiana,native,8,0,0,hardware,70,fabiana:790,1,1,0.6826623328342878,da7du96sidac73af8l6g
fabiana_native8,fabiana,native,8,0,0,hardware,71,fabiana:700,1,0,-0.3852000711590352,da7du96sidac73af8l6g
fabiana_native8,fabiana,native,8,0,0,hardware,72,fabiana:668,1,0,-0.009692994202190608,da7du96sidac73af8l6g
fabiana_native8,fabiana,native,8,0,0,hardware,73,fabiana:842,1,1,0.5203754684555616,da7du96sidac73af8l6g
fabiana_native8,fabiana,native,8,0,0,hardware,74,fabiana:205,1,1,0.791698942029333,da7du96sidac73af8l6g
fabiana_native8,fabiana,native,8,0,0,hardware,75,fabiana:222,1,1,0.8149029611359198,da7du96sidac73af8l6g
fabiana_native8,fabiana,native,8,0,0,hardware,76,fabiana:402,1,1,0.7246341810040432,da7du96sidac73af8l6g
fabiana_native8,fabiana,native,8,0,0,hardware,77,fabiana:141,1,1,0.8158068466104473,da7du96sidac73af8l6g
fabiana_native8,fabiana,native,8,0,0,hardware,78,fabiana:116,1,1,0.8559908738980049,da7du96sidac73af8l6g
fabiana_native8,fabiana,native,8,0,0,hardware,79,fabiana:117,1,0,-0.3416586656250117,da7du96sidac73af8l6g
cic_pca4,cic,pca,4,1,0,hardware,0,ARM:138184,0,0,-0.9414056557112802,da7du9m0ukec73836cig
cic_pca4,cic,pca,4,1,0,hardware,1,ARM:208268,0,0,-0.8677280455585039,da7du9m0ukec73836cig
cic_pca4,cic,pca,4,1,0,hardware,2,ARM:164484,0,0,-0.8901010529934226,da7du9m0ukec73836cig
cic_pca4,cic,pca,4,1,0,hardware,3,ARM:183145,0,0,-0.7921950517540668,da7du9m0ukec73836cig
cic_pca4,cic,pca,4,1,0,hardware,4,ARM:150242,0,0,-0.8176629136829412,da7du9m0ukec73836cig
cic_pca4,cic,pca,4,1,0,hardware,5,ARM:110820,0,0,-0.7381921076278981,da7du9m0ukec73836cig
cic_pca4,cic,pca,4,1,0,hardware,6,ARM:28562,0,0,-0.9053524063646954,da7du9m0ukec73836cig
cic_pca4,cic,pca,4,1,0,hardware,7,ARM:67820,0,0,-0.8527575174164546,da7du9m0ukec73836cig
cic_pca4,cic,pca,4,1,0,hardware,8,ARM:113102,0,0,-0.9783022842937608,da7du9m0ukec73836cig
cic_pca4,cic,pca,4,1,0,hardware,9,ARM:149439,0,0,-0.7508369700041373,da7du9m0ukec73836cig
cic_pca4,cic,pca,4,1,0,hardware,10,MIPS:90624,0,0,-0.521141141908428,da7du9m0ukec73836cig
cic_pca4,cic,pca,4,1,0,hardware,11,MIPS:246091,0,0,-0.8030868360191594,da7du9m0ukec73836cig
cic_pca4,cic,pca,4,1,0,hardware,12,MIPS:61621,0,0,-0.9717878013106422,da7du9m0ukec73836cig
cic_pca4,cic,pca,4,1,0,hardware,13,MIPS:23031,0,0,-0.9534711603461681,da7du9m0ukec73836cig
cic_pca4,cic,pca,4,1,0,hardware,14,MIPS:177762,0,1,0.8145358884725062,da7du9m0ukec73836cig
cic_pca4,cic,pca,4,1,0,hardware,15,MIPS:119286,0,0,-0.21182999158520127,da7du9m0ukec73836cig
cic_pca4,cic,pca,4,1,0,hardware,16,MIPS:96764,0,1,0.7015234436269258,da7du9m0ukec73836cig
cic_pca4,cic,pca,4,1,0,hardware,17,MIPS:205646,0,1,0.29368164487207365,da7du9m0ukec73836cig
cic_pca4,cic,pca,4,1,0,hardware,18,MIPS:243016,0,1,0.17041718316933868,da7du9m0ukec73836cig
cic_pca4,cic,pca,4,1,0,hardware,19,MIPS:161577,0,1,0.35467102306941956,da7du9m0ukec73836cig
cic_pca4,cic,pca,4,1,0,hardware,20,MIPSEL:239085,0,0,-0.9387802962307137,da7du9m0ukec73836cig
cic_pca4,cic,pca,4,1,0,hardware,21,MIPSEL:79635,0,0,-0.9280661115057762,da7du9m0ukec73836cig
cic_pca4,cic,pca,4,1,0,hardware,22,MIPSEL:15135,0,1,0.7804981086524975,da7du9m0ukec73836cig
cic_pca4,cic,pca,4,1,0,hardware,23,MIPSEL:41522,0,0,-1.0629675578859583,da7du9m0ukec73836cig
cic_pca4,cic,pca,4,1,0,hardware,24,MIPSEL:241103,0,0,-1.018798290408263,da7du9m0ukec73836cig
cic_pca4,cic,pca,4,1,0,hardware,25,MIPSEL:23316,0,1,0.5102635078297528,da7du9m0ukec73836cig
cic_pca4,cic,pca,4,1,0,hardware,26,MIPSEL:209081,0,1,0.699624551021502,da7du9m0ukec73836cig
cic_pca4,cic,pca,4,1,0,hardware,27,MIPSEL:170319,0,0,-1.098824793041799,da7du9m0ukec73836cig
cic_pca4,cic,pca,4,1,0,hardware,28,MIPSEL:52216,0,0,-0.7900180487049091,da7du9m0ukec73836cig
cic_pca4,cic,pca,4,1,0,hardware,29,MIPSEL:189862,0,0,-0.8499352875522348,da7du9m0ukec73836cig
cic_pca4,cic,pca,4,1,0,hardware,30,x86:193258,0,0,-0.6411340211547532,da7du9m0ukec73836cig
cic_pca4,cic,pca,4,1,0,hardware,31,x86:155851,0,1,0.494752228829335,da7du9m0ukec73836cig
cic_pca4,cic,pca,4,1,0,hardware,32,x86:48050,0,0,-0.41982559532334157,da7du9m0ukec73836cig
cic_pca4,cic,pca,4,1,0,hardware,33,x86:63795,0,0,-1.006076891220733,da7du9m0ukec73836cig
cic_pca4,cic,pca,4,1,0,hardware,34,x86:253275,0,0,-0.6758067545441855,da7du9m0ukec73836cig
cic_pca4,cic,pca,4,1,0,hardware,35,x86:139524,0,0,-0.6275072244538946,da7du9m0ukec73836cig
cic_pca4,cic,pca,4,1,0,hardware,36,x86:301220,0,0,-0.777841201710411,da7du9m0ukec73836cig
cic_pca4,cic,pca,4,1,0,hardware,37,x86:202575,0,0,-0.722249830763126,da7du9m0ukec73836cig
cic_pca4,cic,pca,4,1,0,hardware,38,x86:41072,0,0,-0.4818546492846489,da7du9m0ukec73836cig
cic_pca4,cic,pca,4,1,0,hardware,39,x86:703,0,0,-0.5802622188164008,da7du9m0ukec73836cig
cic_pca4,cic,pca,4,1,0,hardware,40,ARM:602192,1,0,-0.26719716997841686,da7du9m0ukec73836cig
cic_pca4,cic,pca,4,1,0,hardware,41,ARM:339447,1,0,-0.7231524842969479,da7du9m0ukec73836cig
cic_pca4,cic,pca,4,1,0,hardware,42,ARM:465013,1,0,-0.7071594255957632,da7du9m0ukec73836cig
cic_pca4,cic,pca,4,1,0,hardware,43,ARM:311177,1,1,0.5359022001258652,da7du9m0ukec73836cig
cic_pca4,cic,pca,4,1,0,hardware,44,ARM:326305,1,0,-0.003372293974832463,da7du9m0ukec73836cig
cic_pca4,cic,pca,4,1,0,hardware,45,ARM:627817,1,0,-0.8255070665231552,da7du9m0ukec73836cig
cic_pca4,cic,pca,4,1,0,hardware,46,ARM:445926,1,1,0.8741052684747233,da7du9m0ukec73836cig
cic_pca4,cic,pca,4,1,0,hardware,47,ARM:347996,1,0,-0.8119596489843703,da7du9m0ukec73836cig
cic_pca4,cic,pca,4,1,0,hardware,48,ARM:445710,1,0,-0.7084604505988372,da7du9m0ukec73836cig
cic_pca4,cic,pca,4,1,0,hardware,49,ARM:378396,1,0,-0.6922535646963726,da7du9m0ukec73836cig
cic_pca4,cic,pca,4,1,0,hardware,50,MIPS:275048,1,1,0.5395095848383875,da7du9m0ukec73836cig
cic_pca4,cic,pca,4,1,0,hardware,51,MIPS:313136,1,1,1.0045431539649325,da7du9m0ukec73836cig
cic_pca4,cic,pca,4,1,0,hardware,52,MIPS:425402,1,1,1.0852644161967844,da7du9m0ukec73836cig
cic_pca4,cic,pca,4,1,0,hardware,53,MIPS:387465,1,0,-0.6055100745527606,da7du9m0ukec73836cig
cic_pca4,cic,pca,4,1,0,hardware,54,MIPS:304035,1,1,1.0421881438624543,da7du9m0ukec73836cig
cic_pca4,cic,pca,4,1,0,hardware,55,MIPS:417381,1,0,-0.2665549555945336,da7du9m0ukec73836cig
cic_pca4,cic,pca,4,1,0,hardware,56,MIPS:422349,1,1,1.2886362422380162,da7du9m0ukec73836cig
cic_pca4,cic,pca,4,1,0,hardware,57,MIPS:279363,1,1,1.0388901970084028,da7du9m0ukec73836cig
cic_pca4,cic,pca,4,1,0,hardware,58,MIPS:339594,1,0,-0.9125903373315951,da7du9m0ukec73836cig
cic_pca4,cic,pca,4,1,0,hardware,59,MIPS:384196,1,1,1.1786066593194182,da7du9m0ukec73836cig
cic_pca4,cic,pca,4,1,0,hardware,60,MIPSEL:343383,1,1,1.1921118785447549,da7du9m0ukec73836cig
cic_pca4,cic,pca,4,1,0,hardware,61,MIPSEL:458020,1,1,0.9981836506449431,da7du9m0ukec73836cig
cic_pca4,cic,pca,4,1,0,hardware,62,MIPSEL:511666,1,1,0.908589871198626,da7du9m0ukec73836cig
cic_pca4,cic,pca,4,1,0,hardware,63,MIPSEL:291626,1,1,1.0126410215759778,da7du9m0ukec73836cig
cic_pca4,cic,pca,4,1,0,hardware,64,MIPSEL:342265,1,1,0.735633085638774,da7du9m0ukec73836cig
cic_pca4,cic,pca,4,1,0,hardware,65,MIPSEL:403039,1,0,-0.03354734043055657,da7du9m0ukec73836cig
cic_pca4,cic,pca,4,1,0,hardware,66,MIPSEL:263127,1,1,0.7138856877352429,da7du9m0ukec73836cig
cic_pca4,cic,pca,4,1,0,hardware,67,MIPSEL:495565,1,0,-1.0344033545493203,da7du9m0ukec73836cig
cic_pca4,cic,pca,4,1,0,hardware,68,MIPSEL:398556,1,1,0.5496263944888127,da7du9m0ukec73836cig
cic_pca4,cic,pca,4,1,0,hardware,69,MIPSEL:285883,1,1,0.908346029017991,da7du9m0ukec73836cig
cic_pca4,cic,pca,4,1,0,hardware,70,x86:331916,1,0,-0.7350627429910261,da7du9m0ukec73836cig
cic_pca4,cic,pca,4,1,0,hardware,71,x86:409819,1,1,0.6926096897822058,da7du9m0ukec73836cig
cic_pca4,cic,pca,4,1,0,hardware,72,x86:413251,1,0,-0.5081211109585548,da7du9m0ukec73836cig
cic_pca4,cic,pca,4,1,0,hardware,73,x86:419189,1,0,-0.39549834767238273,da7du9m0ukec73836cig
cic_pca4,cic,pca,4,1,0,hardware,74,x86:484386,1,0,-0.5741147582093062,da7du9m0ukec73836cig
cic_pca4,cic,pca,4,1,0,hardware,75,x86:450689,1,0,-0.5986643719235714,da7du9m0ukec73836cig
cic_pca4,cic,pca,4,1,0,hardware,76,x86:310881,1,1,0.8553311722308172,da7du9m0ukec73836cig
cic_pca4,cic,pca,4,1,0,hardware,77,x86:395287,1,1,0.2824176594728241,da7du9m0ukec73836cig
cic_pca4,cic,pca,4,1,0,hardware,78,x86:328564,1,1,0.6197483725967516,da7du9m0ukec73836cig
cic_pca4,cic,pca,4,1,0,hardware,79,x86:443300,1,1,0.9533126816096331,da7du9m0ukec73836cig
ember2018_pca4,ember2018,pca,4,0,0,hardware,0,ember2018:49736,0,0,-1.4429044840129415,da7dua3sq5js73bjrdrg
ember2018_pca4,ember2018,pca,4,0,0,hardware,1,ember2018:26354,0,1,0.7447282005717495,da7dua3sq5js73bjrdrg
ember2018_pca4,ember2018,pca,4,0,0,hardware,2,ember2018:428843,0,1,0.4986036022810742,da7dua3sq5js73bjrdrg
ember2018_pca4,ember2018,pca,4,0,0,hardware,3,ember2018:194817,0,1,0.6276208686063824,da7dua3sq5js73bjrdrg
ember2018_pca4,ember2018,pca,4,0,0,hardware,4,ember2018:10282,0,0,-1.1787669774380718,da7dua3sq5js73bjrdrg
ember2018_pca4,ember2018,pca,4,0,0,hardware,5,ember2018:393813,0,1,0.832776681830933,da7dua3sq5js73bjrdrg
ember2018_pca4,ember2018,pca,4,0,0,hardware,6,ember2018:108251,0,1,0.570388162667087,da7dua3sq5js73bjrdrg
ember2018_pca4,ember2018,pca,4,0,0,hardware,7,ember2018:475924,0,1,0.023873792374177583,da7dua3sq5js73bjrdrg
ember2018_pca4,ember2018,pca,4,0,0,hardware,8,ember2018:279745,0,0,-1.6813455091485083,da7dua3sq5js73bjrdrg
ember2018_pca4,ember2018,pca,4,0,0,hardware,9,ember2018:716910,0,1,1.1599976763903574,da7dua3sq5js73bjrdrg
ember2018_pca4,ember2018,pca,4,0,0,hardware,10,ember2018:150487,0,1,0.8981664310056734,da7dua3sq5js73bjrdrg
ember2018_pca4,ember2018,pca,4,0,0,hardware,11,ember2018:185140,0,1,0.6035312040292216,da7dua3sq5js73bjrdrg
ember2018_pca4,ember2018,pca,4,0,0,hardware,12,ember2018:286821,0,1,0.8210481335857402,da7dua3sq5js73bjrdrg
ember2018_pca4,ember2018,pca,4,0,0,hardware,13,ember2018:2491,0,1,1.2555249311379084,da7dua3sq5js73bjrdrg
ember2018_pca4,ember2018,pca,4,0,0,hardware,14,ember2018:39831,0,0,-0.9407382927144405,da7dua3sq5js73bjrdrg
ember2018_pca4,ember2018,pca,4,0,0,hardware,15,ember2018:446355,0,1,0.10034603720177898,da7dua3sq5js73bjrdrg
ember2018_pca4,ember2018,pca,4,0,0,hardware,16,ember2018:47865,0,0,-1.5273844003614025,da7dua3sq5js73bjrdrg
ember2018_pca4,ember2018,pca,4,0,0,hardware,17,ember2018:788110,0,1,1.0837951769270495,da7dua3sq5js73bjrdrg
ember2018_pca4,ember2018,pca,4,0,0,hardware,18,ember2018:498786,0,1,0.6062140420987663,da7dua3sq5js73bjrdrg
ember2018_pca4,ember2018,pca,4,0,0,hardware,19,ember2018:744483,0,1,0.600927486670787,da7dua3sq5js73bjrdrg
ember2018_pca4,ember2018,pca,4,0,0,hardware,20,ember2018:502867,0,0,-1.5822676832359728,da7dua3sq5js73bjrdrg
ember2018_pca4,ember2018,pca,4,0,0,hardware,21,ember2018:530279,0,0,-1.6547702206334591,da7dua3sq5js73bjrdrg
ember2018_pca4,ember2018,pca,4,0,0,hardware,22,ember2018:771517,0,1,0.37670553932401146,da7dua3sq5js73bjrdrg
ember2018_pca4,ember2018,pca,4,0,0,hardware,23,ember2018:241423,0,1,0.7150912123915154,da7dua3sq5js73bjrdrg
ember2018_pca4,ember2018,pca,4,0,0,hardware,24,ember2018:20379,0,1,0.9830670871762921,da7dua3sq5js73bjrdrg
ember2018_pca4,ember2018,pca,4,0,0,hardware,25,ember2018:64704,0,1,0.4389338307420773,da7dua3sq5js73bjrdrg
ember2018_pca4,ember2018,pca,4,0,0,hardware,26,ember2018:218481,0,0,-1.5930951178316801,da7dua3sq5js73bjrdrg
ember2018_pca4,ember2018,pca,4,0,0,hardware,27,ember2018:33397,0,1,0.753895899641797,da7dua3sq5js73bjrdrg
ember2018_pca4,ember2018,pca,4,0,0,hardware,28,ember2018:113751,0,1,0.4082649283328503,da7dua3sq5js73bjrdrg
ember2018_pca4,ember2018,pca,4,0,0,hardware,29,ember2018:420137,0,1,0.23781049812328353,da7dua3sq5js73bjrdrg
ember2018_pca4,ember2018,pca,4,0,0,hardware,30,ember2018:39505,0,0,-0.6762403533123817,da7dua3sq5js73bjrdrg
ember2018_pca4,ember2018,pca,4,0,0,hardware,31,ember2018:12438,0,0,-1.4828673016564806,da7dua3sq5js73bjrdrg
ember2018_pca4,ember2018,pca,4,0,0,hardware,32,ember2018:35402,0,0,-1.4156951527647235,da7dua3sq5js73bjrdrg
ember2018_pca4,ember2018,pca,4,0,0,hardware,33,ember2018:182222,0,1,0.4057441142694839,da7dua3sq5js73bjrdrg
ember2018_pca4,ember2018,pca,4,0,0,hardware,34,ember2018:7416,0,1,0.6746916979887614,da7dua3sq5js73bjrdrg
ember2018_pca4,ember2018,pca,4,0,0,hardware,35,ember2018:41038,0,0,-1.603145920570095,da7dua3sq5js73bjrdrg
ember2018_pca4,ember2018,pca,4,0,0,hardware,36,ember2018:614323,0,1,0.7149697976492579,da7dua3sq5js73bjrdrg
ember2018_pca4,ember2018,pca,4,0,0,hardware,37,ember2018:168385,0,1,0.4166737590421747,da7dua3sq5js73bjrdrg
ember2018_pca4,ember2018,pca,4,0,0,hardware,38,ember2018:622159,0,1,0.7119102452461743,da7dua3sq5js73bjrdrg
ember2018_pca4,ember2018,pca,4,0,0,hardware,39,ember2018:450246,0,1,0.8871007680640919,da7dua3sq5js73bjrdrg
ember2018_pca4,ember2018,pca,4,0,0,hardware,40,ember2018:731787,1,1,0.7079848211225757,da7dua3sq5js73bjrdrg
ember2018_pca4,ember2018,pca,4,0,0,hardware,41,ember2018:189258,1,1,0.7086692575518951,da7dua3sq5js73bjrdrg
ember2018_pca4,ember2018,pca,4,0,0,hardware,42,ember2018:534909,1,1,1.0474443461037715,da7dua3sq5js73bjrdrg
ember2018_pca4,ember2018,pca,4,0,0,hardware,43,ember2018:332738,1,1,0.9726658974308007,da7dua3sq5js73bjrdrg
ember2018_pca4,ember2018,pca,4,0,0,hardware,44,ember2018:95773,1,0,-0.7791024788318668,da7dua3sq5js73bjrdrg
ember2018_pca4,ember2018,pca,4,0,0,hardware,45,ember2018:225091,1,1,0.8644260768057845,da7dua3sq5js73bjrdrg
ember2018_pca4,ember2018,pca,4,0,0,hardware,46,ember2018:239422,1,1,0.5949987461084167,da7dua3sq5js73bjrdrg
ember2018_pca4,ember2018,pca,4,0,0,hardware,47,ember2018:195541,1,1,0.8435553527488386,da7dua3sq5js73bjrdrg
ember2018_pca4,ember2018,pca,4,0,0,hardware,48,ember2018:484807,1,1,0.7557791849709576,da7dua3sq5js73bjrdrg
ember2018_pca4,ember2018,pca,4,0,0,hardware,49,ember2018:294749,1,1,1.0711577211927137,da7dua3sq5js73bjrdrg
ember2018_pca4,ember2018,pca,4,0,0,hardware,50,ember2018:315935,1,1,1.0523568538374999,da7dua3sq5js73bjrdrg
ember2018_pca4,ember2018,pca,4,0,0,hardware,51,ember2018:384442,1,1,0.1980594071386544,da7dua3sq5js73bjrdrg
ember2018_pca4,ember2018,pca,4,0,0,hardware,52,ember2018:394626,1,0,-0.6752312932316159,da7dua3sq5js73bjrdrg
ember2018_pca4,ember2018,pca,4,0,0,hardware,53,ember2018:597965,1,1,0.9731024392481777,da7dua3sq5js73bjrdrg
ember2018_pca4,ember2018,pca,4,0,0,hardware,54,ember2018:491120,1,1,1.0363897531617587,da7dua3sq5js73bjrdrg
ember2018_pca4,ember2018,pca,4,0,0,hardware,55,ember2018:397211,1,1,1.2214753748264824,da7dua3sq5js73bjrdrg
ember2018_pca4,ember2018,pca,4,0,0,hardware,56,ember2018:325519,1,1,1.120145612508841,da7dua3sq5js73bjrdrg
ember2018_pca4,ember2018,pca,4,0,0,hardware,57,ember2018:395427,1,1,0.859423876181864,da7dua3sq5js73bjrdrg
ember2018_pca4,ember2018,pca,4,0,0,hardware,58,ember2018:172922,1,1,0.48839335198389094,da7dua3sq5js73bjrdrg
ember2018_pca4,ember2018,pca,4,0,0,hardware,59,ember2018:551342,1,1,0.992096830971892,da7dua3sq5js73bjrdrg
ember2018_pca4,ember2018,pca,4,0,0,hardware,60,ember2018:429422,1,1,0.7627647229063557,da7dua3sq5js73bjrdrg
ember2018_pca4,ember2018,pca,4,0,0,hardware,61,ember2018:486832,1,1,0.9832145204348441,da7dua3sq5js73bjrdrg
ember2018_pca4,ember2018,pca,4,0,0,hardware,62,ember2018:241294,1,1,0.7636218862248385,da7dua3sq5js73bjrdrg
ember2018_pca4,ember2018,pca,4,0,0,hardware,63,ember2018:319570,1,0,-1.1791347008642432,da7dua3sq5js73bjrdrg
ember2018_pca4,ember2018,pca,4,0,0,hardware,64,ember2018:719626,1,1,0.621508303981037,da7dua3sq5js73bjrdrg
ember2018_pca4,ember2018,pca,4,0,0,hardware,65,ember2018:131080,1,1,0.9391130898337356,da7dua3sq5js73bjrdrg
ember2018_pca4,ember2018,pca,4,0,0,hardware,66,ember2018:167721,1,1,0.6658222364710957,da7dua3sq5js73bjrdrg
ember2018_pca4,ember2018,pca,4,0,0,hardware,67,ember2018:391679,1,1,0.17390317161649754,da7dua3sq5js73bjrdrg
ember2018_pca4,ember2018,pca,4,0,0,hardware,68,ember2018:736718,1,1,0.922102742633248,da7dua3sq5js73bjrdrg
ember2018_pca4,ember2018,pca,4,0,0,hardware,69,ember2018:763937,1,1,0.9667404465652696,da7dua3sq5js73bjrdrg
ember2018_pca4,ember2018,pca,4,0,0,hardware,70,ember2018:216665,1,1,0.9087531304165137,da7dua3sq5js73bjrdrg
ember2018_pca4,ember2018,pca,4,0,0,hardware,71,ember2018:222992,1,1,0.9632413253569443,da7dua3sq5js73bjrdrg
ember2018_pca4,ember2018,pca,4,0,0,hardware,72,ember2018:796306,1,1,0.5892310730096937,da7dua3sq5js73bjrdrg
ember2018_pca4,ember2018,pca,4,0,0,hardware,73,ember2018:458888,1,1,0.6483973299440544,da7dua3sq5js73bjrdrg
ember2018_pca4,ember2018,pca,4,0,0,hardware,74,ember2018:437429,1,1,1.123698616038089,da7dua3sq5js73bjrdrg
ember2018_pca4,ember2018,pca,4,0,0,hardware,75,ember2018:334459,1,1,0.8988783237498112,da7dua3sq5js73bjrdrg
ember2018_pca4,ember2018,pca,4,0,0,hardware,76,ember2018:55275,1,0,-1.2795577898384856,da7dua3sq5js73bjrdrg
ember2018_pca4,ember2018,pca,4,0,0,hardware,77,ember2018:503167,1,0,-0.6917494659311948,da7dua3sq5js73bjrdrg
ember2018_pca4,ember2018,pca,4,0,0,hardware,78,ember2018:440101,1,1,0.8149581541498017,da7dua3sq5js73bjrdrg
ember2018_pca4,ember2018,pca,4,0,0,hardware,79,ember2018:394778,1,1,0.774817831050113,da7dua3sq5js73bjrdrg
fabiana_native8,fabiana,native,8,1,0,hardware,0,fabiana:291,0,0,-1.0698061760205795,da7duak6l22c73dnflsg
fabiana_native8,fabiana,native,8,1,0,hardware,1,fabiana:530,0,0,-0.5091321863654423,da7duak6l22c73dnflsg
fabiana_native8,fabiana,native,8,1,0,hardware,2,fabiana:102,0,0,-0.06634075971793035,da7duak6l22c73dnflsg
fabiana_native8,fabiana,native,8,1,0,hardware,3,fabiana:504,0,0,-1.1536402841989695,da7duak6l22c73dnflsg
fabiana_native8,fabiana,native,8,1,0,hardware,4,fabiana:938,0,0,-0.8174690149421884,da7duak6l22c73dnflsg
fabiana_native8,fabiana,native,8,1,0,hardware,5,fabiana:0,0,0,-0.9587427839906351,da7duak6l22c73dnflsg
fabiana_native8,fabiana,native,8,1,0,hardware,6,fabiana:1085,0,1,1.0192366290060437,da7duak6l22c73dnflsg
fabiana_native8,fabiana,native,8,1,0,hardware,7,fabiana:318,0,0,-0.7543985804301458,da7duak6l22c73dnflsg
fabiana_native8,fabiana,native,8,1,0,hardware,8,fabiana:703,0,0,-1.1489243293956608,da7duak6l22c73dnflsg
fabiana_native8,fabiana,native,8,1,0,hardware,9,fabiana:445,0,0,-1.0614040994577323,da7duak6l22c73dnflsg
fabiana_native8,fabiana,native,8,1,0,hardware,10,fabiana:874,0,0,-1.0918818976204996,da7duak6l22c73dnflsg
fabiana_native8,fabiana,native,8,1,0,hardware,11,fabiana:369,0,0,-1.0893953445126836,da7duak6l22c73dnflsg
fabiana_native8,fabiana,native,8,1,0,hardware,12,fabiana:172,0,0,-0.477958170970656,da7duak6l22c73dnflsg
fabiana_native8,fabiana,native,8,1,0,hardware,13,fabiana:1004,0,0,-1.0788713683543545,da7duak6l22c73dnflsg
fabiana_native8,fabiana,native,8,1,0,hardware,14,fabiana:192,0,0,-0.9729931906920848,da7duak6l22c73dnflsg
fabiana_native8,fabiana,native,8,1,0,hardware,15,fabiana:809,0,0,-1.0628644046110312,da7duak6l22c73dnflsg
fabiana_native8,fabiana,native,8,1,0,hardware,16,fabiana:939,0,0,-1.1454036732153923,da7duak6l22c73dnflsg
fabiana_native8,fabiana,native,8,1,0,hardware,17,fabiana:394,0,0,-0.9843339593520766,da7duak6l22c73dnflsg
fabiana_native8,fabiana,native,8,1,0,hardware,18,fabiana:111,0,0,-1.0293000465096216,da7duak6l22c73dnflsg
fabiana_native8,fabiana,native,8,1,0,hardware,19,fabiana:1121,0,0,-1.0914538805866931,da7duak6l22c73dnflsg
fabiana_native8,fabiana,native,8,1,0,hardware,20,fabiana:1155,0,0,-1.0392897357982778,da7duak6l22c73dnflsg
fabiana_native8,fabiana,native,8,1,0,hardware,21,fabiana:937,0,0,-1.0081600671067694,da7duak6l22c73dnflsg
fabiana_native8,fabiana,native,8,1,0,hardware,22,fabiana:215,0,0,-0.9092155958959276,da7duak6l22c73dnflsg
fabiana_native8,fabiana,native,8,1,0,hardware,23,fabiana:719,0,0,-0.9961142117488024,da7duak6l22c73dnflsg
fabiana_native8,fabiana,native,8,1,0,hardware,24,fabiana:1145,0,0,-1.0494897393978502,da7duak6l22c73dnflsg
fabiana_native8,fabiana,native,8,1,0,hardware,25,fabiana:812,0,0,-1.0841421027681726,da7duak6l22c73dnflsg
fabiana_native8,fabiana,native,8,1,0,hardware,26,fabiana:66,0,0,-1.0660468292396201,da7duak6l22c73dnflsg
fabiana_native8,fabiana,native,8,1,0,hardware,27,fabiana:17,0,0,-0.9939295513464348,da7duak6l22c73dnflsg
fabiana_native8,fabiana,native,8,1,0,hardware,28,fabiana:1034,0,0,-0.9893295661955597,da7duak6l22c73dnflsg
fabiana_native8,fabiana,native,8,1,0,hardware,29,fabiana:794,0,0,-1.0247956547337629,da7duak6l22c73dnflsg
fabiana_native8,fabiana,native,8,1,0,hardware,30,fabiana:797,0,0,-1.1895692731149086,da7duak6l22c73dnflsg
fabiana_native8,fabiana,native,8,1,0,hardware,31,fabiana:967,0,0,-1.0471519359484616,da7duak6l22c73dnflsg
fabiana_native8,fabiana,native,8,1,0,hardware,32,fabiana:1024,0,0,-0.5498623504119706,da7duak6l22c73dnflsg
fabiana_native8,fabiana,native,8,1,0,hardware,33,fabiana:579,0,0,-1.0135107728948998,da7duak6l22c73dnflsg
fabiana_native8,fabiana,native,8,1,0,hardware,34,fabiana:649,0,0,-0.9503998900878317,da7duak6l22c73dnflsg
fabiana_native8,fabiana,native,8,1,0,hardware,35,fabiana:551,0,0,-1.077674839356402,da7duak6l22c73dnflsg
fabiana_native8,fabiana,native,8,1,0,hardware,36,fabiana:395,0,0,-0.9361099474418111,da7duak6l22c73dnflsg
fabiana_native8,fabiana,native,8,1,0,hardware,37,fabiana:1122,0,0,-1.0166184256467874,da7duak6l22c73dnflsg
fabiana_native8,fabiana,native,8,1,0,hardware,38,fabiana:639,0,0,-1.1698044742831268,da7duak6l22c73dnflsg
fabiana_native8,fabiana,native,8,1,0,hardware,39,fabiana:662,0,1,1.1523157696450947,da7duak6l22c73dnflsg
fabiana_native8,fabiana,native,8,1,0,hardware,40,fabiana:806,1,1,0.643104885037354,da7duak6l22c73dnflsg
fabiana_native8,fabiana,native,8,1,0,hardware,41,fabiana:558,1,1,0.993962937700563,da7duak6l22c73dnflsg
fabiana_native8,fabiana,native,8,1,0,hardware,42,fabiana:871,1,1,1.1567650389782984,da7duak6l22c73dnflsg
fabiana_native8,fabiana,native,8,1,0,hardware,43,fabiana:656,1,1,0.36466924766140457,da7duak6l22c73dnflsg
fabiana_native8,fabiana,native,8,1,0,hardware,44,fabiana:98,1,1,1.0195274958955156,da7duak6l22c73dnflsg
fabiana_native8,fabiana,native,8,1,0,hardware,45,fabiana:316,1,1,0.8972694312623963,da7duak6l22c73dnflsg
fabiana_native8,fabiana,native,8,1,0,hardware,46,fabiana:101,1,1,1.0304473795107811,da7duak6l22c73dnflsg
fabiana_native8,fabiana,native,8,1,0,hardware,47,fabiana:278,1,1,1.125287030586406,da7duak6l22c73dnflsg
fabiana_native8,fabiana,native,8,1,0,hardware,48,fabiana:211,1,1,0.8545632734692048,da7duak6l22c73dnflsg
fabiana_native8,fabiana,native,8,1,0,hardware,49,fabiana:1057,1,1,0.38130698352012204,da7duak6l22c73dnflsg
fabiana_native8,fabiana,native,8,1,0,hardware,50,fabiana:142,1,1,0.5271903031523246,da7duak6l22c73dnflsg
fabiana_native8,fabiana,native,8,1,0,hardware,51,fabiana:853,1,1,0.5097378201463957,da7duak6l22c73dnflsg
fabiana_native8,fabiana,native,8,1,0,hardware,52,fabiana:611,1,1,0.4331548760679153,da7duak6l22c73dnflsg
fabiana_native8,fabiana,native,8,1,0,hardware,53,fabiana:264,1,1,0.382785256251184,da7duak6l22c73dnflsg
fabiana_native8,fabiana,native,8,1,0,hardware,54,fabiana:297,1,1,0.39906017801523197,da7duak6l22c73dnflsg
fabiana_native8,fabiana,native,8,1,0,hardware,55,fabiana:892,1,1,0.4064993364603464,da7duak6l22c73dnflsg
fabiana_native8,fabiana,native,8,1,0,hardware,56,fabiana:768,1,1,0.942377506500591,da7duak6l22c73dnflsg
fabiana_native8,fabiana,native,8,1,0,hardware,57,fabiana:721,1,1,0.18421826000502348,da7duak6l22c73dnflsg
fabiana_native8,fabiana,native,8,1,0,hardware,58,fabiana:129,1,1,1.0135901459293901,da7duak6l22c73dnflsg
fabiana_native8,fabiana,native,8,1,0,hardware,59,fabiana:654,1,1,0.16973515730818045,da7duak6l22c73dnflsg
fabiana_native8,fabiana,native,8,1,0,hardware,60,fabiana:391,1,1,0.7935006205177214,da7duak6l22c73dnflsg
fabiana_native8,fabiana,native,8,1,0,hardware,61,fabiana:107,1,1,0.735881886156766,da7duak6l22c73dnflsg
fabiana_native8,fabiana,native,8,1,0,hardware,62,fabiana:590,1,1,0.19998353680608316,da7duak6l22c73dnflsg
fabiana_native8,fabiana,native,8,1,0,hardware,63,fabiana:108,1,1,1.032111075164674,da7duak6l22c73dnflsg
fabiana_native8,fabiana,native,8,1,0,hardware,64,fabiana:560,1,1,0.933239590574982,da7duak6l22c73dnflsg
fabiana_native8,fabiana,native,8,1,0,hardware,65,fabiana:358,1,1,0.47957176576553057,da7duak6l22c73dnflsg
fabiana_native8,fabiana,native,8,1,0,hardware,66,fabiana:330,1,1,0.4585656686884537,da7duak6l22c73dnflsg
fabiana_native8,fabiana,native,8,1,0,hardware,67,fabiana:743,1,1,1.267153889770895,da7duak6l22c73dnflsg
fabiana_native8,fabiana,native,8,1,0,hardware,68,fabiana:178,1,1,0.27991561153986266,da7duak6l22c73dnflsg
fabiana_native8,fabiana,native,8,1,0,hardware,69,fabiana:299,1,1,0.4370282735697878,da7duak6l22c73dnflsg
fabiana_native8,fabiana,native,8,1,0,hardware,70,fabiana:136,1,1,1.0627627484498674,da7duak6l22c73dnflsg
fabiana_native8,fabiana,native,8,1,0,hardware,71,fabiana:169,1,1,1.0968781966650865,da7duak6l22c73dnflsg
fabiana_native8,fabiana,native,8,1,0,hardware,72,fabiana:332,1,1,0.9933352206639121,da7duak6l22c73dnflsg
fabiana_native8,fabiana,native,8,1,0,hardware,73,fabiana:241,1,1,0.9641717996279024,da7duak6l22c73dnflsg
fabiana_native8,fabiana,native,8,1,0,hardware,74,fabiana:606,1,1,1.0282483678870658,da7duak6l22c73dnflsg
fabiana_native8,fabiana,native,8,1,0,hardware,75,fabiana:1,1,1,1.0151578303837825,da7duak6l22c73dnflsg
fabiana_native8,fabiana,native,8,1,0,hardware,76,fabiana:23,1,1,1.1422777804375703,da7duak6l22c73dnflsg
fabiana_native8,fabiana,native,8,1,0,hardware,77,fabiana:45,1,1,1.1788005205478485,da7duak6l22c73dnflsg
fabiana_native8,fabiana,native,8,1,0,hardware,78,fabiana:262,1,1,1.117463049397158,da7duak6l22c73dnflsg
fabiana_native8,fabiana,native,8,1,0,hardware,79,fabiana:774,1,1,1.162161115927799,da7duak6l22c73dnflsg
fabiana_native8,fabiana,native,8,2,0,hardware,0,fabiana:539,0,0,-1.2037783997951845,da7duarsq5js73bjrdtg
fabiana_native8,fabiana,native,8,2,0,hardware,1,fabiana:465,0,0,-0.7724161210738187,da7duarsq5js73bjrdtg
fabiana_native8,fabiana,native,8,2,0,hardware,2,fabiana:725,0,0,-0.9411134549770981,da7duarsq5js73bjrdtg
fabiana_native8,fabiana,native,8,2,0,hardware,3,fabiana:879,0,0,-1.0026974538360933,da7duarsq5js73bjrdtg
fabiana_native8,fabiana,native,8,2,0,hardware,4,fabiana:243,0,0,-0.784075267199968,da7duarsq5js73bjrdtg
fabiana_native8,fabiana,native,8,2,0,hardware,5,fabiana:552,0,0,-0.9827221252522198,da7duarsq5js73bjrdtg
fabiana_native8,fabiana,native,8,2,0,hardware,6,fabiana:1018,0,0,-1.1701109404621453,da7duarsq5js73bjrdtg
fabiana_native8,fabiana,native,8,2,0,hardware,7,fabiana:664,0,0,-1.0005706774695493,da7duarsq5js73bjrdtg
fabiana_native8,fabiana,native,8,2,0,hardware,8,fabiana:34,0,0,-1.1245823790261709,da7duarsq5js73bjrdtg
fabiana_native8,fabiana,native,8,2,0,hardware,9,fabiana:168,0,0,-1.0917570497310782,da7duarsq5js73bjrdtg
fabiana_native8,fabiana,native,8,2,0,hardware,10,fabiana:534,0,0,-0.15898171614846623,da7duarsq5js73bjrdtg
fabiana_native8,fabiana,native,8,2,0,hardware,11,fabiana:165,0,0,-0.9629220173221584,da7duarsq5js73bjrdtg
fabiana_native8,fabiana,native,8,2,0,hardware,12,fabiana:477,0,0,-1.041768800634134,da7duarsq5js73bjrdtg
fabiana_native8,fabiana,native,8,2,0,hardware,13,fabiana:235,0,0,-0.933220932945023,da7duarsq5js73bjrdtg
fabiana_native8,fabiana,native,8,2,0,hardware,14,fabiana:336,0,0,-1.0051494188705816,da7duarsq5js73bjrdtg
fabiana_native8,fabiana,native,8,2,0,hardware,15,fabiana:681,0,0,-1.11234927573715,da7duarsq5js73bjrdtg
fabiana_native8,fabiana,native,8,2,0,hardware,16,fabiana:925,0,0,-0.01967599088073857,da7duarsq5js73bjrdtg
fabiana_native8,fabiana,native,8,2,0,hardware,17,fabiana:834,0,0,-0.9732625915996329,da7duarsq5js73bjrdtg
fabiana_native8,fabiana,native,8,2,0,hardware,18,fabiana:614,0,0,-1.0934835275973918,da7duarsq5js73bjrdtg
fabiana_native8,fabiana,native,8,2,0,hardware,19,fabiana:404,0,0,-0.9955101122339161,da7duarsq5js73bjrdtg
fabiana_native8,fabiana,native,8,2,0,hardware,20,fabiana:481,0,1,0.053148182677150935,da7duarsq5js73bjrdtg
fabiana_native8,fabiana,native,8,2,0,hardware,21,fabiana:515,0,0,-0.9517804502607226,da7duarsq5js73bjrdtg
fabiana_native8,fabiana,native,8,2,0,hardware,22,fabiana:341,0,0,-0.9097878195114579,da7duarsq5js73bjrdtg
fabiana_native8,fabiana,native,8,2,0,hardware,23,fabiana:4,0,0,-1.005636432648898,da7duarsq5js73bjrdtg
fabiana_native8,fabiana,native,8,2,0,hardware,24,fabiana:838,0,0,-0.8508739048653318,da7duarsq5js73bjrdtg
fabiana_native8,fabiana,native,8,2,0,hardware,25,fabiana:213,0,0,-0.9220000142001137,da7duarsq5js73bjrdtg
fabiana_native8,fabiana,native,8,2,0,hardware,26,fabiana:37,0,0,-0.914459000167102,da7duarsq5js73bjrdtg
fabiana_native8,fabiana,native,8,2,0,hardware,27,fabiana:1008,0,0,-0.9096162582993674,da7duarsq5js73bjrdtg
fabiana_native8,fabiana,native,8,2,0,hardware,28,fabiana:970,0,0,-0.9095496235066178,da7duarsq5js73bjrdtg
fabiana_native8,fabiana,native,8,2,0,hardware,29,fabiana:166,0,0,-0.9435016275952843,da7duarsq5js73bjrdtg
fabiana_native8,fabiana,native,8,2,0,hardware,30,fabiana:652,0,0,-1.1494304348360118,da7duarsq5js73bjrdtg
fabiana_native8,fabiana,native,8,2,0,hardware,31,fabiana:224,0,0,-0.8458144025298171,da7duarsq5js73bjrdtg
fabiana_native8,fabiana,native,8,2,0,hardware,32,fabiana:377,0,0,-0.8100381700684185,da7duarsq5js73bjrdtg
fabiana_native8,fabiana,native,8,2,0,hardware,33,fabiana:946,0,0,-1.0191131448838313,da7duarsq5js73bjrdtg
fabiana_native8,fabiana,native,8,2,0,hardware,34,fabiana:989,0,0,-1.0141330112003968,da7duarsq5js73bjrdtg
fabiana_native8,fabiana,native,8,2,0,hardware,35,fabiana:657,0,0,-0.955469397943284,da7duarsq5js73bjrdtg
fabiana_native8,fabiana,native,8,2,0,hardware,36,fabiana:343,0,0,-0.9471564665214998,da7duarsq5js73bjrdtg
fabiana_native8,fabiana,native,8,2,0,hardware,37,fabiana:284,0,0,-1.1138376578714566,da7duarsq5js73bjrdtg
fabiana_native8,fabiana,native,8,2,0,hardware,38,fabiana:705,0,0,-1.1172288260433079,da7duarsq5js73bjrdtg
fabiana_native8,fabiana,native,8,2,0,hardware,39,fabiana:164,0,0,-1.09404934850935,da7duarsq5js73bjrdtg
fabiana_native8,fabiana,native,8,2,0,hardware,40,fabiana:91,1,1,0.6272576360117822,da7duarsq5js73bjrdtg
fabiana_native8,fabiana,native,8,2,0,hardware,41,fabiana:88,1,1,0.9523905561742174,da7duarsq5js73bjrdtg
fabiana_native8,fabiana,native,8,2,0,hardware,42,fabiana:886,1,1,0.9555545235766696,da7duarsq5js73bjrdtg
fabiana_native8,fabiana,native,8,2,0,hardware,43,fabiana:529,1,1,0.7028761127199945,da7duarsq5js73bjrdtg
fabiana_native8,fabiana,native,8,2,0,hardware,44,fabiana:1019,1,1,0.9882862140265489,da7duarsq5js73bjrdtg
fabiana_native8,fabiana,native,8,2,0,hardware,45,fabiana:1138,1,1,0.8548767763844662,da7duarsq5js73bjrdtg
fabiana_native8,fabiana,native,8,2,0,hardware,46,fabiana:1014,1,1,0.7376338009100663,da7duarsq5js73bjrdtg
fabiana_native8,fabiana,native,8,2,0,hardware,47,fabiana:1016,1,1,0.855641291395737,da7duarsq5js73bjrdtg
fabiana_native8,fabiana,native,8,2,0,hardware,48,fabiana:1045,1,1,0.8607382234896004,da7duarsq5js73bjrdtg
fabiana_native8,fabiana,native,8,2,0,hardware,49,fabiana:31,1,1,1.0054652198490355,da7duarsq5js73bjrdtg
fabiana_native8,fabiana,native,8,2,0,hardware,50,fabiana:152,1,1,1.0279715980594415,da7duarsq5js73bjrdtg
fabiana_native8,fabiana,native,8,2,0,hardware,51,fabiana:588,1,1,0.261059316270596,da7duarsq5js73bjrdtg
fabiana_native8,fabiana,native,8,2,0,hardware,52,fabiana:944,1,1,1.0041337407894555,da7duarsq5js73bjrdtg
fabiana_native8,fabiana,native,8,2,0,hardware,53,fabiana:123,1,1,0.9971671309648872,da7duarsq5js73bjrdtg
fabiana_native8,fabiana,native,8,2,0,hardware,54,fabiana:438,1,1,1.0043145285730792,da7duarsq5js73bjrdtg
fabiana_native8,fabiana,native,8,2,0,hardware,55,fabiana:1078,1,1,0.7245649525420993,da7duarsq5js73bjrdtg
fabiana_native8,fabiana,native,8,2,0,hardware,56,fabiana:640,1,1,0.9079536956268166,da7duarsq5js73bjrdtg
fabiana_native8,fabiana,native,8,2,0,hardware,57,fabiana:697,1,1,1.0335312573053534,da7duarsq5js73bjrdtg
fabiana_native8,fabiana,native,8,2,0,hardware,58,fabiana:524,1,1,0.5994666991991205,da7duarsq5js73bjrdtg
fabiana_native8,fabiana,native,8,2,0,hardware,59,fabiana:405,1,1,1.02843908533636,da7duarsq5js73bjrdtg
fabiana_native8,fabiana,native,8,2,0,hardware,60,fabiana:475,1,1,0.8790650535319291,da7duarsq5js73bjrdtg
fabiana_native8,fabiana,native,8,2,0,hardware,61,fabiana:538,1,1,0.8998773146345497,da7duarsq5js73bjrdtg
fabiana_native8,fabiana,native,8,2,0,hardware,62,fabiana:244,1,1,0.9493356755690865,da7duarsq5js73bjrdtg
fabiana_native8,fabiana,native,8,2,0,hardware,63,fabiana:298,1,1,0.9034502450831325,da7duarsq5js73bjrdtg
fabiana_native8,fabiana,native,8,2,0,hardware,64,fabiana:109,1,1,0.6842011027845394,da7duarsq5js73bjrdtg
fabiana_native8,fabiana,native,8,2,0,hardware,65,fabiana:753,1,1,0.33960418836174777,da7duarsq5js73bjrdtg
fabiana_native8,fabiana,native,8,2,0,hardware,66,fabiana:544,1,1,0.8452260242550285,da7duarsq5js73bjrdtg
fabiana_native8,fabiana,native,8,2,0,hardware,67,fabiana:366,1,1,1.041180585368,da7duarsq5js73bjrdtg
fabiana_native8,fabiana,native,8,2,0,hardware,68,fabiana:344,1,1,1.0844225733754933,da7duarsq5js73bjrdtg
fabiana_native8,fabiana,native,8,2,0,hardware,69,fabiana:533,1,1,0.562005290700557,da7duarsq5js73bjrdtg
fabiana_native8,fabiana,native,8,2,0,hardware,70,fabiana:22,1,1,0.9894561256162095,da7duarsq5js73bjrdtg
fabiana_native8,fabiana,native,8,2,0,hardware,71,fabiana:893,1,1,0.6781259839181423,da7duarsq5js73bjrdtg
fabiana_native8,fabiana,native,8,2,0,hardware,72,fabiana:1010,1,1,0.823418965615841,da7duarsq5js73bjrdtg
fabiana_native8,fabiana,native,8,2,0,hardware,73,fabiana:300,1,1,0.6080733722441629,da7duarsq5js73bjrdtg
fabiana_native8,fabiana,native,8,2,0,hardware,74,fabiana:462,1,1,0.4521846608550265,da7duarsq5js73bjrdtg
fabiana_native8,fabiana,native,8,2,0,hardware,75,fabiana:763,1,1,0.9276199919343766,da7duarsq5js73bjrdtg
fabiana_native8,fabiana,native,8,2,0,hardware,76,fabiana:826,1,0,-0.9384863505974921,da7duarsq5js73bjrdtg
fabiana_native8,fabiana,native,8,2,0,hardware,77,fabiana:680,1,1,0.9457365261233676,da7duarsq5js73bjrdtg
fabiana_native8,fabiana,native,8,2,0,hardware,78,fabiana:61,1,1,0.8527876037825293,da7duarsq5js73bjrdtg
fabiana_native8,fabiana,native,8,2,0,hardware,79,fabiana:456,1,1,1.065750407963244,da7duarsq5js73bjrdtg
fabiana_pca4,fabiana,pca,4,0,0,hardware,0,fabiana:591,0,0,-1.2241698106817613,da7dubesidac73af8lcg
fabiana_pca4,fabiana,pca,4,0,0,hardware,1,fabiana:77,0,0,-1.15818420233963,da7dubesidac73af8lcg
fabiana_pca4,fabiana,pca,4,0,0,hardware,2,fabiana:742,0,0,-1.1793679525770238,da7dubesidac73af8lcg
fabiana_pca4,fabiana,pca,4,0,0,hardware,3,fabiana:627,0,0,-0.7435025694021429,da7dubesidac73af8lcg
fabiana_pca4,fabiana,pca,4,0,0,hardware,4,fabiana:390,0,1,0.547008077639189,da7dubesidac73af8lcg
fabiana_pca4,fabiana,pca,4,0,0,hardware,5,fabiana:1063,0,0,-1.251138810389581,da7dubesidac73af8lcg
fabiana_pca4,fabiana,pca,4,0,0,hardware,6,fabiana:951,0,0,-1.2744243529849457,da7dubesidac73af8lcg
fabiana_pca4,fabiana,pca,4,0,0,hardware,7,fabiana:723,0,0,-1.1593096807642918,da7dubesidac73af8lcg
fabiana_pca4,fabiana,pca,4,0,0,hardware,8,fabiana:68,0,0,-1.093334940972942,da7dubesidac73af8lcg
fabiana_pca4,fabiana,pca,4,0,0,hardware,9,fabiana:584,0,0,-1.3262805067539827,da7dubesidac73af8lcg
fabiana_pca4,fabiana,pca,4,0,0,hardware,10,fabiana:618,0,0,-1.200423663492568,da7dubesidac73af8lcg
fabiana_pca4,fabiana,pca,4,0,0,hardware,11,fabiana:6,0,0,-1.1880361762726233,da7dubesidac73af8lcg
fabiana_pca4,fabiana,pca,4,0,0,hardware,12,fabiana:314,0,0,-1.3159416090874767,da7dubesidac73af8lcg
fabiana_pca4,fabiana,pca,4,0,0,hardware,13,fabiana:320,0,0,-1.2845853405377714,da7dubesidac73af8lcg
fabiana_pca4,fabiana,pca,4,0,0,hardware,14,fabiana:1106,0,0,-1.2260349941347137,da7dubesidac73af8lcg
fabiana_pca4,fabiana,pca,4,0,0,hardware,15,fabiana:1009,0,0,-1.3418495583024093,da7dubesidac73af8lcg
fabiana_pca4,fabiana,pca,4,0,0,hardware,16,fabiana:486,0,0,-1.327914583220353,da7dubesidac73af8lcg
fabiana_pca4,fabiana,pca,4,0,0,hardware,17,fabiana:837,0,0,-0.9866620216355646,da7dubesidac73af8lcg
fabiana_pca4,fabiana,pca,4,0,0,hardware,18,fabiana:909,0,0,-1.0031653498664495,da7dubesidac73af8lcg
fabiana_pca4,fabiana,pca,4,0,0,hardware,19,fabiana:65,0,0,-1.0380162542127616,da7dubesidac73af8lcg
fabiana_pca4,fabiana,pca,4,0,0,hardware,20,fabiana:353,0,0,-1.1358877752318552,da7dubesidac73af8lcg
fabiana_pca4,fabiana,pca,4,0,0,hardware,21,fabiana:991,0,0,-1.0100988306788883,da7dubesidac73af8lcg
fabiana_pca4,fabiana,pca,4,0,0,hardware,22,fabiana:756,0,0,-0.9501677052404414,da7dubesidac73af8lcg
fabiana_pca4,fabiana,pca,4,0,0,hardware,23,fabiana:557,0,0,-1.1833276257085148,da7dubesidac73af8lcg
fabiana_pca4,fabiana,pca,4,0,0,hardware,24,fabiana:589,0,0,-1.1420164313221928,da7dubesidac73af8lcg
fabiana_pca4,fabiana,pca,4,0,0,hardware,25,fabiana:770,0,0,-1.1675616851506352,da7dubesidac73af8lcg
fabiana_pca4,fabiana,pca,4,0,0,hardware,26,fabiana:542,0,0,-1.0531537434956022,da7dubesidac73af8lcg
fabiana_pca4,fabiana,pca,4,0,0,hardware,27,fabiana:516,0,0,-1.175034791914981,da7dubesidac73af8lcg
fabiana_pca4,fabiana,pca,4,0,0,hardware,28,fabiana:1112,0,0,-1.2122735969374145,da7dubesidac73af8lcg
fabiana_pca4,fabiana,pca,4,0,0,hardware,29,fabiana:602,0,0,-1.0308268395701472,da7dubesidac73af8lcg
fabiana_pca4,fabiana,pca,4,0,0,hardware,30,fabiana:1054,0,0,-1.0141903406636106,da7dubesidac73af8lcg
fabiana_pca4,fabiana,pca,4,0,0,hardware,31,fabiana:1000,0,0,-1.0355580682210863,da7dubesidac73af8lcg
fabiana_pca4,fabiana,pca,4,0,0,hardware,32,fabiana:158,0,0,-1.1076192437002697,da7dubesidac73af8lcg
fabiana_pca4,fabiana,pca,4,0,0,hardware,33,fabiana:441,0,0,-1.0550418748426138,da7dubesidac73af8lcg
fabiana_pca4,fabiana,pca,4,0,0,hardware,34,fabiana:342,0,0,-1.21241047410611,da7dubesidac73af8lcg
fabiana_pca4,fabiana,pca,4,0,0,hardware,35,fabiana:803,0,0,-1.0911981081739912,da7dubesidac73af8lcg
fabiana_pca4,fabiana,pca,4,0,0,hardware,36,fabiana:269,0,0,-1.2444234952949975,da7dubesidac73af8lcg
fabiana_pca4,fabiana,pca,4,0,0,hardware,37,fabiana:1133,0,0,-1.1919561522588553,da7dubesidac73af8lcg
fabiana_pca4,fabiana,pca,4,0,0,hardware,38,fabiana:210,0,0,-1.1858812869512552,da7dubesidac73af8lcg
fabiana_pca4,fabiana,pca,4,0,0,hardware,39,fabiana:1038,0,0,-1.084266138966796,da7dubesidac73af8lcg
fabiana_pca4,fabiana,pca,4,0,0,hardware,40,fabiana:429,1,1,1.2141476054905072,da7dubesidac73af8lcg
fabiana_pca4,fabiana,pca,4,0,0,hardware,41,fabiana:1118,1,1,0.9985397396108637,da7dubesidac73af8lcg
fabiana_pca4,fabiana,pca,4,0,0,hardware,42,fabiana:454,1,1,0.42703263850073764,da7dubesidac73af8lcg
fabiana_pca4,fabiana,pca,4,0,0,hardware,43,fabiana:487,1,1,1.0079070502218137,da7dubesidac73af8lcg
fabiana_pca4,fabiana,pca,4,0,0,hardware,44,fabiana:274,1,1,1.1034049725229134,da7dubesidac73af8lcg
fabiana_pca4,fabiana,pca,4,0,0,hardware,45,fabiana:183,1,1,1.0273951572755697,da7dubesidac73af8lcg
fabiana_pca4,fabiana,pca,4,0,0,hardware,46,fabiana:965,1,1,0.9928065496482104,da7dubesidac73af8lcg
fabiana_pca4,fabiana,pca,4,0,0,hardware,47,fabiana:830,1,1,1.0330001928954116,da7dubesidac73af8lcg
fabiana_pca4,fabiana,pca,4,0,0,hardware,48,fabiana:911,1,1,0.8664608581412021,da7dubesidac73af8lcg
fabiana_pca4,fabiana,pca,4,0,0,hardware,49,fabiana:578,1,1,1.039240806006597,da7dubesidac73af8lcg
fabiana_pca4,fabiana,pca,4,0,0,hardware,50,fabiana:75,1,0,-1.535705820022302,da7dubesidac73af8lcg
fabiana_pca4,fabiana,pca,4,0,0,hardware,51,fabiana:828,1,1,0.9662741268482096,da7dubesidac73af8lcg
fabiana_pca4,fabiana,pca,4,0,0,hardware,52,fabiana:573,1,1,1.1374890930633605,da7dubesidac73af8lcg
fabiana_pca4,fabiana,pca,4,0,0,hardware,53,fabiana:722,1,1,0.8753703820558203,da7dubesidac73af8lcg
fabiana_pca4,fabiana,pca,4,0,0,hardware,54,fabiana:942,1,1,0.9287835162344864,da7dubesidac73af8lcg
fabiana_pca4,fabiana,pca,4,0,0,hardware,55,fabiana:675,1,1,0.9115618367103057,da7dubesidac73af8lcg
fabiana_pca4,fabiana,pca,4,0,0,hardware,56,fabiana:365,1,0,-0.8796749372409021,da7dubesidac73af8lcg
fabiana_pca4,fabiana,pca,4,0,0,hardware,57,fabiana:179,1,1,1.0999431656842145,da7dubesidac73af8lcg
fabiana_pca4,fabiana,pca,4,0,0,hardware,58,fabiana:661,1,1,1.0293964913004492,da7dubesidac73af8lcg
fabiana_pca4,fabiana,pca,4,0,0,hardware,59,fabiana:891,1,1,0.6681196845257803,da7dubesidac73af8lcg
fabiana_pca4,fabiana,pca,4,0,0,hardware,60,fabiana:200,1,1,1.213141989132774,da7dubesidac73af8lcg
fabiana_pca4,fabiana,pca,4,0,0,hardware,61,fabiana:550,1,1,0.8496713575055457,da7dubesidac73af8lcg
fabiana_pca4,fabiana,pca,4,0,0,hardware,62,fabiana:1090,1,1,1.0168701490775076,da7dubesidac73af8lcg
fabiana_pca4,fabiana,pca,4,0,0,hardware,63,fabiana:1036,1,1,0.9529788198393511,da7dubesidac73af8lcg
fabiana_pca4,fabiana,pca,4,0,0,hardware,64,fabiana:48,1,1,0.8777451382977219,da7dubesidac73af8lcg
fabiana_pca4,fabiana,pca,4,0,0,hardware,65,fabiana:587,1,1,0.9747355936963902,da7dubesidac73af8lcg
fabiana_pca4,fabiana,pca,4,0,0,hardware,66,fabiana:186,1,1,0.9723907346614534,da7dubesidac73af8lcg
fabiana_pca4,fabiana,pca,4,0,0,hardware,67,fabiana:492,1,1,1.0136650030535457,da7dubesidac73af8lcg
fabiana_pca4,fabiana,pca,4,0,0,hardware,68,fabiana:512,1,1,1.0805645888940139,da7dubesidac73af8lcg
fabiana_pca4,fabiana,pca,4,0,0,hardware,69,fabiana:835,1,1,0.849121751402564,da7dubesidac73af8lcg
fabiana_pca4,fabiana,pca,4,0,0,hardware,70,fabiana:790,1,1,0.46350762806421925,da7dubesidac73af8lcg
fabiana_pca4,fabiana,pca,4,0,0,hardware,71,fabiana:700,1,1,0.13460492263874202,da7dubesidac73af8lcg
fabiana_pca4,fabiana,pca,4,0,0,hardware,72,fabiana:668,1,0,-1.1785779287720308,da7dubesidac73af8lcg
fabiana_pca4,fabiana,pca,4,0,0,hardware,73,fabiana:842,1,1,0.913508401494554,da7dubesidac73af8lcg
fabiana_pca4,fabiana,pca,4,0,0,hardware,74,fabiana:205,1,1,0.9494837675237436,da7dubesidac73af8lcg
fabiana_pca4,fabiana,pca,4,0,0,hardware,75,fabiana:222,1,1,0.9885088972218335,da7dubesidac73af8lcg
fabiana_pca4,fabiana,pca,4,0,0,hardware,76,fabiana:402,1,1,0.8751237396235569,da7dubesidac73af8lcg
fabiana_pca4,fabiana,pca,4,0,0,hardware,77,fabiana:141,1,1,0.8949748971824818,da7dubesidac73af8lcg
fabiana_pca4,fabiana,pca,4,0,0,hardware,78,fabiana:116,1,1,1.054542406376713,da7dubesidac73af8lcg
fabiana_pca4,fabiana,pca,4,0,0,hardware,79,fabiana:117,1,0,-0.8814072973768863,da7dubesidac73af8lcg
clamp_pca4,clamp,pca,4,1,0,hardware,0,clamp:1689,0,0,-0.28235302102728943,da7dubm0ukec73836cmg
clamp_pca4,clamp,pca,4,1,0,hardware,1,clamp:1105,0,0,-1.7098077054623753,da7dubm0ukec73836cmg
clamp_pca4,clamp,pca,4,1,0,hardware,2,clamp:1060,0,0,-0.03404063377319744,da7dubm0ukec73836cmg
clamp_pca4,clamp,pca,4,1,0,hardware,3,clamp:531,0,0,-0.40960678209853596,da7dubm0ukec73836cmg
clamp_pca4,clamp,pca,4,1,0,hardware,4,clamp:1101,0,0,-0.9158698297148058,da7dubm0ukec73836cmg
clamp_pca4,clamp,pca,4,1,0,hardware,5,clamp:489,0,1,0.6280379793161533,da7dubm0ukec73836cmg
clamp_pca4,clamp,pca,4,1,0,hardware,6,clamp:232,0,0,-0.20243684299239095,da7dubm0ukec73836cmg
clamp_pca4,clamp,pca,4,1,0,hardware,7,clamp:1543,0,0,-0.5228250327589824,da7dubm0ukec73836cmg
clamp_pca4,clamp,pca,4,1,0,hardware,8,clamp:491,0,0,-0.3982495023064919,da7dubm0ukec73836cmg
clamp_pca4,clamp,pca,4,1,0,hardware,9,clamp:1868,0,0,-0.4925069986064786,da7dubm0ukec73836cmg
clamp_pca4,clamp,pca,4,1,0,hardware,10,clamp:1614,0,0,-1.0027345728162125,da7dubm0ukec73836cmg
clamp_pca4,clamp,pca,4,1,0,hardware,11,clamp:1031,0,0,-0.3157886796454382,da7dubm0ukec73836cmg
clamp_pca4,clamp,pca,4,1,0,hardware,12,clamp:2247,0,0,-0.41901889478654486,da7dubm0ukec73836cmg
clamp_pca4,clamp,pca,4,1,0,hardware,13,clamp:991,0,0,-0.3806584088542092,da7dubm0ukec73836cmg
clamp_pca4,clamp,pca,4,1,0,hardware,14,clamp:319,0,0,-0.36496008164118066,da7dubm0ukec73836cmg
clamp_pca4,clamp,pca,4,1,0,hardware,15,clamp:1977,0,0,-0.48292051718381485,da7dubm0ukec73836cmg
clamp_pca4,clamp,pca,4,1,0,hardware,16,clamp:2233,0,0,-0.2651065870366375,da7dubm0ukec73836cmg
clamp_pca4,clamp,pca,4,1,0,hardware,17,clamp:1721,0,0,-0.674489908856773,da7dubm0ukec73836cmg
clamp_pca4,clamp,pca,4,1,0,hardware,18,clamp:2025,0,0,-0.4213264294368909,da7dubm0ukec73836cmg
clamp_pca4,clamp,pca,4,1,0,hardware,19,clamp:1173,0,0,-1.5306378776524574,da7dubm0ukec73836cmg
clamp_pca4,clamp,pca,4,1,0,hardware,20,clamp:1266,0,0,-0.4953516597291189,da7dubm0ukec73836cmg
clamp_pca4,clamp,pca,4,1,0,hardware,21,clamp:17,0,0,-0.010593149703185145,da7dubm0ukec73836cmg
clamp_pca4,clamp,pca,4,1,0,hardware,22,clamp:1192,0,0,-0.6792823044688782,da7dubm0ukec73836cmg
clamp_pca4,clamp,pca,4,1,0,hardware,23,clamp:1344,0,0,-0.5152508663983643,da7dubm0ukec73836cmg
clamp_pca4,clamp,pca,4,1,0,hardware,24,clamp:1067,0,0,-0.5565917762655027,da7dubm0ukec73836cmg
clamp_pca4,clamp,pca,4,1,0,hardware,25,clamp:2306,0,1,0.47551857301397926,da7dubm0ukec73836cmg
clamp_pca4,clamp,pca,4,1,0,hardware,26,clamp:1743,0,1,0.5335400331156105,da7dubm0ukec73836cmg
clamp_pca4,clamp,pca,4,1,0,hardware,27,clamp:1269,0,1,1.5286012470518497,da7dubm0ukec73836cmg
clamp_pca4,clamp,pca,4,1,0,hardware,28,clamp:151,0,0,-1.5516747268996496,da7dubm0ukec73836cmg
clamp_pca4,clamp,pca,4,1,0,hardware,29,clamp:173,0,0,-0.6772734099153067,da7dubm0ukec73836cmg
clamp_pca4,clamp,pca,4,1,0,hardware,30,clamp:190,0,0,-0.1447372567839854,da7dubm0ukec73836cmg
clamp_pca4,clamp,pca,4,1,0,hardware,31,clamp:1290,0,0,-1.2062385084090423,da7dubm0ukec73836cmg
clamp_pca4,clamp,pca,4,1,0,hardware,32,clamp:396,0,0,-0.2680160859349435,da7dubm0ukec73836cmg
clamp_pca4,clamp,pca,4,1,0,hardware,33,clamp:648,0,0,-1.0838883999387967,da7dubm0ukec73836cmg
clamp_pca4,clamp,pca,4,1,0,hardware,34,clamp:335,0,0,-0.27703676166174385,da7dubm0ukec73836cmg
clamp_pca4,clamp,pca,4,1,0,hardware,35,clamp:1165,0,0,-1.019744260730051,da7dubm0ukec73836cmg
clamp_pca4,clamp,pca,4,1,0,hardware,36,clamp:2010,0,1,0.7806307842821515,da7dubm0ukec73836cmg
clamp_pca4,clamp,pca,4,1,0,hardware,37,clamp:2298,0,0,-1.0289184061492154,da7dubm0ukec73836cmg
clamp_pca4,clamp,pca,4,1,0,hardware,38,clamp:9,0,0,-0.8528582291229956,da7dubm0ukec73836cmg
clamp_pca4,clamp,pca,4,1,0,hardware,39,clamp:767,0,1,0.1319333509773296,da7dubm0ukec73836cmg
clamp_pca4,clamp,pca,4,1,0,hardware,40,clamp:3063,1,1,0.14705537219603604,da7dubm0ukec73836cmg
clamp_pca4,clamp,pca,4,1,0,hardware,41,clamp:4446,1,1,0.5751749162949668,da7dubm0ukec73836cmg
clamp_pca4,clamp,pca,4,1,0,hardware,42,clamp:3605,1,0,-1.4203891660090293,da7dubm0ukec73836cmg
clamp_pca4,clamp,pca,4,1,0,hardware,43,clamp:4626,1,1,0.3889435505469282,da7dubm0ukec73836cmg
clamp_pca4,clamp,pca,4,1,0,hardware,44,clamp:3962,1,1,1.3604127290814843,da7dubm0ukec73836cmg
clamp_pca4,clamp,pca,4,1,0,hardware,45,clamp:3334,1,1,1.2289885870806758,da7dubm0ukec73836cmg
clamp_pca4,clamp,pca,4,1,0,hardware,46,clamp:4743,1,0,-0.08484482452039532,da7dubm0ukec73836cmg
clamp_pca4,clamp,pca,4,1,0,hardware,47,clamp:4693,1,1,1.1813540595841086,da7dubm0ukec73836cmg
clamp_pca4,clamp,pca,4,1,0,hardware,48,clamp:2697,1,1,0.5715173824958607,da7dubm0ukec73836cmg
clamp_pca4,clamp,pca,4,1,0,hardware,49,clamp:5134,1,1,1.5192747958111057,da7dubm0ukec73836cmg
clamp_pca4,clamp,pca,4,1,0,hardware,50,clamp:4302,1,1,1.3131307406676807,da7dubm0ukec73836cmg
clamp_pca4,clamp,pca,4,1,0,hardware,51,clamp:4568,1,1,0.037774240394091,da7dubm0ukec73836cmg
clamp_pca4,clamp,pca,4,1,0,hardware,52,clamp:4271,1,0,-0.023078485929667103,da7dubm0ukec73836cmg
clamp_pca4,clamp,pca,4,1,0,hardware,53,clamp:4139,1,1,0.07819353030019272,da7dubm0ukec73836cmg
clamp_pca4,clamp,pca,4,1,0,hardware,54,clamp:2895,1,0,-0.22046391584992442,da7dubm0ukec73836cmg
clamp_pca4,clamp,pca,4,1,0,hardware,55,clamp:4786,1,0,-0.6424846260008646,da7dubm0ukec73836cmg
clamp_pca4,clamp,pca,4,1,0,hardware,56,clamp:4253,1,1,1.3485676210251674,da7dubm0ukec73836cmg
clamp_pca4,clamp,pca,4,1,0,hardware,57,clamp:3234,1,1,1.2801438824915512,da7dubm0ukec73836cmg
clamp_pca4,clamp,pca,4,1,0,hardware,58,clamp:2870,1,0,-0.7356614026605649,da7dubm0ukec73836cmg
clamp_pca4,clamp,pca,4,1,0,hardware,59,clamp:4604,1,1,0.6264585066241052,da7dubm0ukec73836cmg
clamp_pca4,clamp,pca,4,1,0,hardware,60,clamp:3968,1,1,1.453727148226326,da7dubm0ukec73836cmg
clamp_pca4,clamp,pca,4,1,0,hardware,61,clamp:4188,1,1,0.3849022883435168,da7dubm0ukec73836cmg
clamp_pca4,clamp,pca,4,1,0,hardware,62,clamp:4212,1,1,0.5525853117833833,da7dubm0ukec73836cmg
clamp_pca4,clamp,pca,4,1,0,hardware,63,clamp:4352,1,1,0.5191798027063249,da7dubm0ukec73836cmg
clamp_pca4,clamp,pca,4,1,0,hardware,64,clamp:2979,1,1,0.007219414959056425,da7dubm0ukec73836cmg
clamp_pca4,clamp,pca,4,1,0,hardware,65,clamp:4563,1,1,1.5778053527918505,da7dubm0ukec73836cmg
clamp_pca4,clamp,pca,4,1,0,hardware,66,clamp:3718,1,1,0.6930858174925175,da7dubm0ukec73836cmg
clamp_pca4,clamp,pca,4,1,0,hardware,67,clamp:3088,1,1,1.5212838525453702,da7dubm0ukec73836cmg
clamp_pca4,clamp,pca,4,1,0,hardware,68,clamp:3471,1,1,1.5955542136555931,da7dubm0ukec73836cmg
clamp_pca4,clamp,pca,4,1,0,hardware,69,clamp:3338,1,1,1.5490796515055902,da7dubm0ukec73836cmg
clamp_pca4,clamp,pca,4,1,0,hardware,70,clamp:3936,1,0,-1.0517384601715727,da7dubm0ukec73836cmg
clamp_pca4,clamp,pca,4,1,0,hardware,71,clamp:5007,1,1,0.5998578133379714,da7dubm0ukec73836cmg
clamp_pca4,clamp,pca,4,1,0,hardware,72,clamp:2574,1,1,0.6921505990911027,da7dubm0ukec73836cmg
clamp_pca4,clamp,pca,4,1,0,hardware,73,clamp:3925,1,0,-0.3414234599926388,da7dubm0ukec73836cmg
clamp_pca4,clamp,pca,4,1,0,hardware,74,clamp:3039,1,1,0.5176397402075107,da7dubm0ukec73836cmg
clamp_pca4,clamp,pca,4,1,0,hardware,75,clamp:3624,1,1,0.3787105533488101,da7dubm0ukec73836cmg
clamp_pca4,clamp,pca,4,1,0,hardware,76,clamp:3541,1,1,0.9713827541095322,da7dubm0ukec73836cmg
clamp_pca4,clamp,pca,4,1,0,hardware,77,clamp:5031,1,0,-1.301329252586692,da7dubm0ukec73836cmg
clamp_pca4,clamp,pca,4,1,0,hardware,78,clamp:2648,1,0,-0.7894462548746141,da7dubm0ukec73836cmg
clamp_pca4,clamp,pca,4,1,0,hardware,79,clamp:3278,1,1,1.2743388074576618,da7dubm0ukec73836cmg
fabiana_pca4,fabiana,pca,4,1,0,hardware,0,fabiana:291,0,0,-0.9719549097817101,da7duc3sq5js73bjrdv0
fabiana_pca4,fabiana,pca,4,1,0,hardware,1,fabiana:530,0,0,-0.07865000698171654,da7duc3sq5js73bjrdv0
fabiana_pca4,fabiana,pca,4,1,0,hardware,2,fabiana:102,0,0,-0.46825766105289957,da7duc3sq5js73bjrdv0
fabiana_pca4,fabiana,pca,4,1,0,hardware,3,fabiana:504,0,0,-0.9700379500171955,da7duc3sq5js73bjrdv0
fabiana_pca4,fabiana,pca,4,1,0,hardware,4,fabiana:938,0,0,-1.244835388096785,da7duc3sq5js73bjrdv0
fabiana_pca4,fabiana,pca,4,1,0,hardware,5,fabiana:0,0,0,-0.9530408757491625,da7duc3sq5js73bjrdv0
fabiana_pca4,fabiana,pca,4,1,0,hardware,6,fabiana:1085,0,1,1.2947322615270855,da7duc3sq5js73bjrdv0
fabiana_pca4,fabiana,pca,4,1,0,hardware,7,fabiana:318,0,0,-1.2659257136539712,da7duc3sq5js73bjrdv0
fabiana_pca4,fabiana,pca,4,1,0,hardware,8,fabiana:703,0,0,-0.8424670544417051,da7duc3sq5js73bjrdv0
fabiana_pca4,fabiana,pca,4,1,0,hardware,9,fabiana:445,0,0,-1.3893418134756939,da7duc3sq5js73bjrdv0
fabiana_pca4,fabiana,pca,4,1,0,hardware,10,fabiana:874,0,0,-0.7150090978723574,da7duc3sq5js73bjrdv0
fabiana_pca4,fabiana,pca,4,1,0,hardware,11,fabiana:369,0,0,-1.303924940830485,da7duc3sq5js73bjrdv0
fabiana_pca4,fabiana,pca,4,1,0,hardware,12,fabiana:172,0,0,-0.8402146710965616,da7duc3sq5js73bjrdv0
fabiana_pca4,fabiana,pca,4,1,0,hardware,13,fabiana:1004,0,0,-1.12742251797366,da7duc3sq5js73bjrdv0
fabiana_pca4,fabiana,pca,4,1,0,hardware,14,fabiana:192,0,0,-1.0043554568960316,da7duc3sq5js73bjrdv0
fabiana_pca4,fabiana,pca,4,1,0,hardware,15,fabiana:809,0,0,-1.0231209154315883,da7duc3sq5js73bjrdv0
fabiana_pca4,fabiana,pca,4,1,0,hardware,16,fabiana:939,0,0,-0.7662094843165853,da7duc3sq5js73bjrdv0
fabiana_pca4,fabiana,pca,4,1,0,hardware,17,fabiana:394,0,0,-1.1515958445971006,da7duc3sq5js73bjrdv0
fabiana_pca4,fabiana,pca,4,1,0,hardware,18,fabiana:111,0,0,-1.5949927295129953,da7duc3sq5js73bjrdv0
fabiana_pca4,fabiana,pca,4,1,0,hardware,19,fabiana:1121,0,0,-0.7213588132141654,da7duc3sq5js73bjrdv0
fabiana_pca4,fabiana,pca,4,1,0,hardware,20,fabiana:1155,0,0,-1.0908188457673758,da7duc3sq5js73bjrdv0
fabiana_pca4,fabiana,pca,4,1,0,hardware,21,fabiana:937,0,0,-1.007541341194354,da7duc3sq5js73bjrdv0
fabiana_pca4,fabiana,pca,4,1,0,hardware,22,fabiana:215,0,0,-1.2426578298928526,da7duc3sq5js73bjrdv0
fabiana_pca4,fabiana,pca,4,1,0,hardware,23,fabiana:719,0,0,-1.083929305870658,da7duc3sq5js73bjrdv0
fabiana_pca4,fabiana,pca,4,1,0,hardware,24,fabiana:1145,0,0,-0.8779515286394203,da7duc3sq5js73bjrdv0
fabiana_pca4,fabiana,pca,4,1,0,hardware,25,fabiana:812,0,0,-0.9266009640435856,da7duc3sq5js73bjrdv0
fabiana_pca4,fabiana,pca,4,1,0,hardware,26,fabiana:66,0,0,-0.8348477587563009,da7duc3sq5js73bjrdv0
fabiana_pca4,fabiana,pca,4,1,0,hardware,27,fabiana:17,0,0,-1.1381471168564463,da7duc3sq5js73bjrdv0
fabiana_pca4,fabiana,pca,4,1,0,hardware,28,fabiana:1034,0,0,-0.9625012799023679,da7duc3sq5js73bjrdv0
fabiana_pca4,fabiana,pca,4,1,0,hardware,29,fabiana:794,0,0,-1.372013893437043,da7duc3sq5js73bjrdv0
fabiana_pca4,fabiana,pca,4,1,0,hardware,30,fabiana:797,0,0,-1.1995840489932217,da7duc3sq5js73bjrdv0
fabiana_pca4,fabiana,pca,4,1,0,hardware,31,fabiana:967,0,0,-1.0760266651277939,da7duc3sq5js73bjrdv0
fabiana_pca4,fabiana,pca,4,1,0,hardware,32,fabiana:1024,0,1,0.040961238888363005,da7duc3sq5js73bjrdv0
fabiana_pca4,fabiana,pca,4,1,0,hardware,33,fabiana:579,0,0,-1.417251402055434,da7duc3sq5js73bjrdv0
fabiana_pca4,fabiana,pca,4,1,0,hardware,34,fabiana:649,0,0,-1.2846987946086363,da7duc3sq5js73bjrdv0
fabiana_pca4,fabiana,pca,4,1,0,hardware,35,fabiana:551,0,0,-0.9898256607578099,da7duc3sq5js73bjrdv0
fabiana_pca4,fabiana,pca,4,1,0,hardware,36,fabiana:395,0,0,-1.0551417254778555,da7duc3sq5js73bjrdv0
fabiana_pca4,fabiana,pca,4,1,0,hardware,37,fabiana:1122,0,0,-1.2811024787602348,da7duc3sq5js73bjrdv0
fabiana_pca4,fabiana,pca,4,1,0,hardware,38,fabiana:639,0,0,-1.0841344462775075,da7duc3sq5js73bjrdv0
fabiana_pca4,fabiana,pca,4,1,0,hardware,39,fabiana:662,0,1,0.9978975323481538,da7duc3sq5js73bjrdv0
fabiana_pca4,fabiana,pca,4,1,0,hardware,40,fabiana:806,1,1,1.2740070986787009,da7duc3sq5js73bjrdv0
fabiana_pca4,fabiana,pca,4,1,0,hardware,41,fabiana:558,1,1,1.180732578394319,da7duc3sq5js73bjrdv0
fabiana_pca4,fabiana,pca,4,1,0,hardware,42,fabiana:871,1,1,1.345705549187885,da7duc3sq5js73bjrdv0
fabiana_pca4,fabiana,pca,4,1,0,hardware,43,fabiana:656,1,1,0.837209016177061,da7duc3sq5js73bjrdv0
fabiana_pca4,fabiana,pca,4,1,0,hardware,44,fabiana:98,1,1,1.0575854118006016,da7duc3sq5js73bjrdv0
fabiana_pca4,fabiana,pca,4,1,0,hardware,45,fabiana:316,1,1,1.1870484862826691,da7duc3sq5js73bjrdv0
fabiana_pca4,fabiana,pca,4,1,0,hardware,46,fabiana:101,1,1,0.5386704813069453,da7duc3sq5js73bjrdv0
fabiana_pca4,fabiana,pca,4,1,0,hardware,47,fabiana:278,1,1,1.0657710735045,da7duc3sq5js73bjrdv0
fabiana_pca4,fabiana,pca,4,1,0,hardware,48,fabiana:211,1,1,1.417812791921282,da7duc3sq5js73bjrdv0
fabiana_pca4,fabiana,pca,4,1,0,hardware,49,fabiana:1057,1,1,0.9234329195800275,da7duc3sq5js73bjrdv0
fabiana_pca4,fabiana,pca,4,1,0,hardware,50,fabiana:142,1,1,0.7701844337759736,da7duc3sq5js73bjrdv0
fabiana_pca4,fabiana,pca,4,1,0,hardware,51,fabiana:853,1,1,0.9887709088034339,da7duc3sq5js73bjrdv0
fabiana_pca4,fabiana,pca,4,1,0,hardware,52,fabiana:611,1,1,0.7202758875796835,da7duc3sq5js73bjrdv0
fabiana_pca4,fabiana,pca,4,1,0,hardware,53,fabiana:264,1,1,0.8112620410775149,da7duc3sq5js73bjrdv0
fabiana_pca4,fabiana,pca,4,1,0,hardware,54,fabiana:297,1,1,0.5670022365176002,da7duc3sq5js73bjrdv0
fabiana_pca4,fabiana,pca,4,1,0,hardware,55,fabiana:892,1,1,0.7797363323701898,da7duc3sq5js73bjrdv0
fabiana_pca4,fabiana,pca,4,1,0,hardware,56,fabiana:768,1,1,1.124327331361119,da7duc3sq5js73bjrdv0
fabiana_pca4,fabiana,pca,4,1,0,hardware,57,fabiana:721,1,1,0.753090668748376,da7duc3sq5js73bjrdv0
fabiana_pca4,fabiana,pca,4,1,0,hardware,58,fabiana:129,1,1,1.0638381207753413,da7duc3sq5js73bjrdv0
fabiana_pca4,fabiana,pca,4,1,0,hardware,59,fabiana:654,1,0,-0.5888596329735721,da7duc3sq5js73bjrdv0
fabiana_pca4,fabiana,pca,4,1,0,hardware,60,fabiana:391,1,1,1.1205745796996682,da7duc3sq5js73bjrdv0
fabiana_pca4,fabiana,pca,4,1,0,hardware,61,fabiana:107,1,0,-0.5713295027418698,da7duc3sq5js73bjrdv0
fabiana_pca4,fabiana,pca,4,1,0,hardware,62,fabiana:590,1,1,0.7713360648775598,da7duc3sq5js73bjrdv0
fabiana_pca4,fabiana,pca,4,1,0,hardware,63,fabiana:108,1,1,1.1317694003367995,da7duc3sq5js73bjrdv0
fabiana_pca4,fabiana,pca,4,1,0,hardware,64,fabiana:560,1,1,1.1739123923411816,da7duc3sq5js73bjrdv0
fabiana_pca4,fabiana,pca,4,1,0,hardware,65,fabiana:358,1,1,0.2497251343896224,da7duc3sq5js73bjrdv0
fabiana_pca4,fabiana,pca,4,1,0,hardware,66,fabiana:330,1,1,0.5060170328354434,da7duc3sq5js73bjrdv0
fabiana_pca4,fabiana,pca,4,1,0,hardware,67,fabiana:743,1,1,1.1270973899944212,da7duc3sq5js73bjrdv0
fabiana_pca4,fabiana,pca,4,1,0,hardware,68,fabiana:178,1,0,-0.040881933226943,da7duc3sq5js73bjrdv0
fabiana_pca4,fabiana,pca,4,1,0,hardware,69,fabiana:299,1,1,0.7231377583442185,da7duc3sq5js73bjrdv0
fabiana_pca4,fabiana,pca,4,1,0,hardware,70,fabiana:136,1,1,0.9985020596493692,da7duc3sq5js73bjrdv0
fabiana_pca4,fabiana,pca,4,1,0,hardware,71,fabiana:169,1,1,1.3468482562625792,da7duc3sq5js73bjrdv0
fabiana_pca4,fabiana,pca,4,1,0,hardware,72,fabiana:332,1,1,0.24626428673371242,da7duc3sq5js73bjrdv0
fabiana_pca4,fabiana,pca,4,1,0,hardware,73,fabiana:241,1,1,0.7070353748961117,da7duc3sq5js73bjrdv0
fabiana_pca4,fabiana,pca,4,1,0,hardware,74,fabiana:606,1,1,0.8433112525637991,da7duc3sq5js73bjrdv0
fabiana_pca4,fabiana,pca,4,1,0,hardware,75,fabiana:1,1,1,1.1303653118534123,da7duc3sq5js73bjrdv0
fabiana_pca4,fabiana,pca,4,1,0,hardware,76,fabiana:23,1,1,1.1067826816571473,da7duc3sq5js73bjrdv0
fabiana_pca4,fabiana,pca,4,1,0,hardware,77,fabiana:45,1,1,0.9941728663846361,da7duc3sq5js73bjrdv0
fabiana_pca4,fabiana,pca,4,1,0,hardware,78,fabiana:262,1,1,1.0533244249375158,da7duc3sq5js73bjrdv0
fabiana_pca4,fabiana,pca,4,1,0,hardware,79,fabiana:774,1,1,1.1236810441322256,da7duc3sq5js73bjrdv0
clamp_native10,clamp,native,10,1,0,hardware,0,clamp:1689,0,0,-1.255818153839869,da7duck6l22c73dnflv0
clamp_native10,clamp,native,10,1,0,hardware,1,clamp:1105,0,0,-0.36463988781760015,da7duck6l22c73dnflv0
clamp_native10,clamp,native,10,1,0,hardware,2,clamp:1060,0,0,-0.5673817739690685,da7duck6l22c73dnflv0
clamp_native10,clamp,native,10,1,0,hardware,3,clamp:531,0,0,-0.9587457483315983,da7duck6l22c73dnflv0
clamp_native10,clamp,native,10,1,0,hardware,4,clamp:1101,0,0,-0.05826301513417721,da7duck6l22c73dnflv0
clamp_native10,clamp,native,10,1,0,hardware,5,clamp:489,0,1,0.0804977489642057,da7duck6l22c73dnflv0
clamp_native10,clamp,native,10,1,0,hardware,6,clamp:232,0,0,-0.7919088558912715,da7duck6l22c73dnflv0
clamp_native10,clamp,native,10,1,0,hardware,7,clamp:1543,0,1,0.2843258552805484,da7duck6l22c73dnflv0
clamp_native10,clamp,native,10,1,0,hardware,8,clamp:491,0,1,0.038417567173280265,da7duck6l22c73dnflv0
clamp_native10,clamp,native,10,1,0,hardware,9,clamp:1868,0,0,-0.7942905136054819,da7duck6l22c73dnflv0
clamp_native10,clamp,native,10,1,0,hardware,10,clamp:1614,0,0,-0.17208916956734072,da7duck6l22c73dnflv0
clamp_native10,clamp,native,10,1,0,hardware,11,clamp:1031,0,0,-0.8436680079490424,da7duck6l22c73dnflv0
clamp_native10,clamp,native,10,1,0,hardware,12,clamp:2247,0,0,-0.5794181691309102,da7duck6l22c73dnflv0
clamp_native10,clamp,native,10,1,0,hardware,13,clamp:991,0,0,-0.2544737895349787,da7duck6l22c73dnflv0
clamp_native10,clamp,native,10,1,0,hardware,14,clamp:319,0,0,-0.6452482816026577,da7duck6l22c73dnflv0
clamp_native10,clamp,native,10,1,0,hardware,15,clamp:1977,0,0,-0.11009098094789836,da7duck6l22c73dnflv0
clamp_native10,clamp,native,10,1,0,hardware,16,clamp:2233,0,0,-0.3170909214423119,da7duck6l22c73dnflv0
clamp_native10,clamp,native,10,1,0,hardware,17,clamp:1721,0,0,-0.7037095442760202,da7duck6l22c73dnflv0
clamp_native10,clamp,native,10,1,0,hardware,18,clamp:2025,0,0,-0.8220628481022255,da7duck6l22c73dnflv0
clamp_native10,clamp,native,10,1,0,hardware,19,clamp:1173,0,0,-0.6307675331001623,da7duck6l22c73dnflv0
clamp_native10,clamp,native,10,1,0,hardware,20,clamp:1266,0,0,-0.7395597745505362,da7duck6l22c73dnflv0
clamp_native10,clamp,native,10,1,0,hardware,21,clamp:17,0,0,-0.9981753338425117,da7duck6l22c73dnflv0
clamp_native10,clamp,native,10,1,0,hardware,22,clamp:1192,0,0,-0.06527805649745214,da7duck6l22c73dnflv0
clamp_native10,clamp,native,10,1,0,hardware,23,clamp:1344,0,0,-0.6731332117256316,da7duck6l22c73dnflv0
clamp_native10,clamp,native,10,1,0,hardware,24,clamp:1067,0,0,-1.1404682695101007,da7duck6l22c73dnflv0
clamp_native10,clamp,native,10,1,0,hardware,25,clamp:2306,0,0,-0.7665287183446992,da7duck6l22c73dnflv0
clamp_native10,clamp,native,10,1,0,hardware,26,clamp:1743,0,0,-0.4594613195905731,da7duck6l22c73dnflv0
clamp_native10,clamp,native,10,1,0,hardware,27,clamp:1269,0,0,-0.04407187807107625,da7duck6l22c73dnflv0
clamp_native10,clamp,native,10,1,0,hardware,28,clamp:151,0,0,-0.4597687399922009,da7duck6l22c73dnflv0
clamp_native10,clamp,native,10,1,0,hardware,29,clamp:173,0,0,-0.7023847579133212,da7duck6l22c73dnflv0
clamp_native10,clamp,native,10,1,0,hardware,30,clamp:190,0,0,-0.621658424554769,da7duck6l22c73dnflv0
clamp_native10,clamp,native,10,1,0,hardware,31,clamp:1290,0,0,-0.30545780919530097,da7duck6l22c73dnflv0
clamp_native10,clamp,native,10,1,0,hardware,32,clamp:396,0,0,-0.8777417190346986,da7duck6l22c73dnflv0
clamp_native10,clamp,native,10,1,0,hardware,33,clamp:648,0,0,-0.5641533454567835,da7duck6l22c73dnflv0
clamp_native10,clamp,native,10,1,0,hardware,34,clamp:335,0,0,-1.1392825310602335,da7duck6l22c73dnflv0
clamp_native10,clamp,native,10,1,0,hardware,35,clamp:1165,0,1,0.13893229760114034,da7duck6l22c73dnflv0
clamp_native10,clamp,native,10,1,0,hardware,36,clamp:2010,0,0,-0.6979877918259728,da7duck6l22c73dnflv0
clamp_native10,clamp,native,10,1,0,hardware,37,clamp:2298,0,0,-0.5170622040754242,da7duck6l22c73dnflv0
clamp_native10,clamp,native,10,1,0,hardware,38,clamp:9,0,1,0.020206076660413713,da7duck6l22c73dnflv0
clamp_native10,clamp,native,10,1,0,hardware,39,clamp:767,0,0,-0.6802149698572129,da7duck6l22c73dnflv0
clamp_native10,clamp,native,10,1,0,hardware,40,clamp:3063,1,1,0.27464231904740716,da7duck6l22c73dnflv0
clamp_native10,clamp,native,10,1,0,hardware,41,clamp:4446,1,1,0.7510703662701379,da7duck6l22c73dnflv0
clamp_native10,clamp,native,10,1,0,hardware,42,clamp:3605,1,1,0.35426788370491413,da7duck6l22c73dnflv0
clamp_native10,clamp,native,10,1,0,hardware,43,clamp:4626,1,1,0.4638030350081188,da7duck6l22c73dnflv0
clamp_native10,clamp,native,10,1,0,hardware,44,clamp:3962,1,1,1.0449081319917402,da7duck6l22c73dnflv0
clamp_native10,clamp,native,10,1,0,hardware,45,clamp:3334,1,1,0.6599324562223501,da7duck6l22c73dnflv0
clamp_native10,clamp,native,10,1,0,hardware,46,clamp:4743,1,0,-0.5299401580988857,da7duck6l22c73dnflv0
clamp_native10,clamp,native,10,1,0,hardware,47,clamp:4693,1,1,0.6205455998306205,da7duck6l22c73dnflv0
clamp_native10,clamp,native,10,1,0,hardware,48,clamp:2697,1,1,0.862606690259974,da7duck6l22c73dnflv0
clamp_native10,clamp,native,10,1,0,hardware,49,clamp:5134,1,1,0.9212829071952464,da7duck6l22c73dnflv0
clamp_native10,clamp,native,10,1,0,hardware,50,clamp:4302,1,1,0.7211840217064893,da7duck6l22c73dnflv0
clamp_native10,clamp,native,10,1,0,hardware,51,clamp:4568,1,1,0.06786773514146763,da7duck6l22c73dnflv0
clamp_native10,clamp,native,10,1,0,hardware,52,clamp:4271,1,1,0.6783113284086878,da7duck6l22c73dnflv0
clamp_native10,clamp,native,10,1,0,hardware,53,clamp:4139,1,0,-0.7898719517860183,da7duck6l22c73dnflv0
clamp_native10,clamp,native,10,1,0,hardware,54,clamp:2895,1,1,0.6715041991714675,da7duck6l22c73dnflv0
clamp_native10,clamp,native,10,1,0,hardware,55,clamp:4786,1,1,0.7179259488900324,da7duck6l22c73dnflv0
clamp_native10,clamp,native,10,1,0,hardware,56,clamp:4253,1,1,0.9498502490653924,da7duck6l22c73dnflv0
clamp_native10,clamp,native,10,1,0,hardware,57,clamp:3234,1,1,0.7427104372933354,da7duck6l22c73dnflv0
clamp_native10,clamp,native,10,1,0,hardware,58,clamp:2870,1,0,-0.07911123138659132,da7duck6l22c73dnflv0
clamp_native10,clamp,native,10,1,0,hardware,59,clamp:4604,1,1,0.2665045289139114,da7duck6l22c73dnflv0
clamp_native10,clamp,native,10,1,0,hardware,60,clamp:3968,1,1,0.755671352088315,da7duck6l22c73dnflv0
clamp_native10,clamp,native,10,1,0,hardware,61,clamp:4188,1,1,0.3586269099217596,da7duck6l22c73dnflv0
clamp_native10,clamp,native,10,1,0,hardware,62,clamp:4212,1,1,0.9448937332866769,da7duck6l22c73dnflv0
clamp_native10,clamp,native,10,1,0,hardware,63,clamp:4352,1,1,0.3978295695018831,da7duck6l22c73dnflv0
clamp_native10,clamp,native,10,1,0,hardware,64,clamp:2979,1,0,-0.6497362073236884,da7duck6l22c73dnflv0
clamp_native10,clamp,native,10,1,0,hardware,65,clamp:4563,1,1,0.7277899945427599,da7duck6l22c73dnflv0
clamp_native10,clamp,native,10,1,0,hardware,66,clamp:3718,1,1,0.8333201662862774,da7duck6l22c73dnflv0
clamp_native10,clamp,native,10,1,0,hardware,67,clamp:3088,1,1,0.7569349313920782,da7duck6l22c73dnflv0
clamp_native10,clamp,native,10,1,0,hardware,68,clamp:3471,1,1,0.6781925005443137,da7duck6l22c73dnflv0
clamp_native10,clamp,native,10,1,0,hardware,69,clamp:3338,1,1,0.8582290663228367,da7duck6l22c73dnflv0
clamp_native10,clamp,native,10,1,0,hardware,70,clamp:3936,1,1,0.38237987129550843,da7duck6l22c73dnflv0
clamp_native10,clamp,native,10,1,0,hardware,71,clamp:5007,1,1,1.0730443615515064,da7duck6l22c73dnflv0
clamp_native10,clamp,native,10,1,0,hardware,72,clamp:2574,1,1,0.5434732967663226,da7duck6l22c73dnflv0
clamp_native10,clamp,native,10,1,0,hardware,73,clamp:3925,1,1,0.04959955142292416,da7duck6l22c73dnflv0
clamp_native10,clamp,native,10,1,0,hardware,74,clamp:3039,1,1,0.7879827653885078,da7duck6l22c73dnflv0
clamp_native10,clamp,native,10,1,0,hardware,75,clamp:3624,1,1,0.9140936464290763,da7duck6l22c73dnflv0
clamp_native10,clamp,native,10,1,0,hardware,76,clamp:3541,1,0,-0.177416312364494,da7duck6l22c73dnflv0
clamp_native10,clamp,native,10,1,0,hardware,77,clamp:5031,1,0,-0.06826821905262016,da7duck6l22c73dnflv0
clamp_native10,clamp,native,10,1,0,hardware,78,clamp:2648,1,1,0.14477933800938625,da7duck6l22c73dnflv0
clamp_native10,clamp,native,10,1,0,hardware,79,clamp:3278,1,1,0.6163812670834383,da7duck6l22c73dnflv0
cic_pca4,cic,pca,4,0,0,hardware,0,ARM:178942,0,0,-0.9592272715285082,da7dud46l22c73dnfm00
cic_pca4,cic,pca,4,0,0,hardware,1,ARM:198024,0,0,-0.8555487610448105,da7dud46l22c73dnfm00
cic_pca4,cic,pca,4,0,0,hardware,2,ARM:107253,0,0,-1.0008487310192518,da7dud46l22c73dnfm00
cic_pca4,cic,pca,4,0,0,hardware,3,ARM:66507,0,0,-0.7893529668610346,da7dud46l22c73dnfm00
cic_pca4,cic,pca,4,0,0,hardware,4,ARM:111503,0,0,-0.7725211428752077,da7dud46l22c73dnfm00
cic_pca4,cic,pca,4,0,0,hardware,5,ARM:20116,0,0,-0.5892823004667485,da7dud46l22c73dnfm00
cic_pca4,cic,pca,4,0,0,hardware,6,ARM:208197,0,0,-0.887969778063773,da7dud46l22c73dnfm00
cic_pca4,cic,pca,4,0,0,hardware,7,ARM:28695,0,0,-0.868685885746934,da7dud46l22c73dnfm00
cic_pca4,cic,pca,4,0,0,hardware,8,ARM:96276,0,0,-0.8171218818314736,da7dud46l22c73dnfm00
cic_pca4,cic,pca,4,0,0,hardware,9,ARM:7363,0,0,-0.8835683070080078,da7dud46l22c73dnfm00
cic_pca4,cic,pca,4,0,0,hardware,10,MIPS:219972,0,0,-1.141222613670226,da7dud46l22c73dnfm00
cic_pca4,cic,pca,4,0,0,hardware,11,MIPS:23001,0,0,-1.0910845610211817,da7dud46l22c73dnfm00
cic_pca4,cic,pca,4,0,0,hardware,12,MIPS:79478,0,0,-0.905825575774553,da7dud46l22c73dnfm00
cic_pca4,cic,pca,4,0,0,hardware,13,MIPS:34314,0,0,-0.7785372977372176,da7dud46l22c73dnfm00
cic_pca4,cic,pca,4,0,0,hardware,14,MIPS:28086,0,1,0.7872634672697172,da7dud46l22c73dnfm00
cic_pca4,cic,pca,4,0,0,hardware,15,MIPS:108768,0,1,0.7762382708990054,da7dud46l22c73dnfm00
cic_pca4,cic,pca,4,0,0,hardware,16,MIPS:205746,0,0,-1.4533112791253264,da7dud46l22c73dnfm00
cic_pca4,cic,pca,4,0,0,hardware,17,MIPS:249059,0,1,0.8561682994025205,da7dud46l22c73dnfm00
cic_pca4,cic,pca,4,0,0,hardware,18,MIPS:4617,0,1,0.9852934191045083,da7dud46l22c73dnfm00
cic_pca4,cic,pca,4,0,0,hardware,19,MIPS:140366,0,0,-0.9544617178614954,da7dud46l22c73dnfm00
cic_pca4,cic,pca,4,0,0,hardware,20,MIPSEL:171361,0,0,-0.9137596189253061,da7dud46l22c73dnfm00
cic_pca4,cic,pca,4,0,0,hardware,21,MIPSEL:178878,0,0,-0.7953307438924677,da7dud46l22c73dnfm00
cic_pca4,cic,pca,4,0,0,hardware,22,MIPSEL:106204,0,1,0.5642381314836453,da7dud46l22c73dnfm00
cic_pca4,cic,pca,4,0,0,hardware,23,MIPSEL:143561,0,0,-0.8320276475219774,da7dud46l22c73dnfm00
cic_pca4,cic,pca,4,0,0,hardware,24,MIPSEL:148601,0,0,-0.925526032729131,da7dud46l22c73dnfm00
cic_pca4,cic,pca,4,0,0,hardware,25,MIPSEL:243254,0,0,-0.9461725669677452,da7dud46l22c73dnfm00
cic_pca4,cic,pca,4,0,0,hardware,26,MIPSEL:131428,0,0,-0.18308410045045065,da7dud46l22c73dnfm00
cic_pca4,cic,pca,4,0,0,hardware,27,MIPSEL:236009,0,0,-1.0946082776807955,da7dud46l22c73dnfm00
cic_pca4,cic,pca,4,0,0,hardware,28,MIPSEL:131096,0,0,-0.8446697110423669,da7dud46l22c73dnfm00
cic_pca4,cic,pca,4,0,0,hardware,29,MIPSEL:77059,0,0,-0.9916846278103764,da7dud46l22c73dnfm00
cic_pca4,cic,pca,4,0,0,hardware,30,x86:287335,0,1,0.21841736437545428,da7dud46l22c73dnfm00
cic_pca4,cic,pca,4,0,0,hardware,31,x86:182137,0,1,0.9199421396105627,da7dud46l22c73dnfm00
cic_pca4,cic,pca,4,0,0,hardware,32,x86:60581,0,0,-1.05906838056259,da7dud46l22c73dnfm00
cic_pca4,cic,pca,4,0,0,hardware,33,x86:101616,0,1,0.5600456902782571,da7dud46l22c73dnfm00
cic_pca4,cic,pca,4,0,0,hardware,34,x86:55614,0,0,-1.0533263048999981,da7dud46l22c73dnfm00
cic_pca4,cic,pca,4,0,0,hardware,35,x86:279037,0,0,-0.7939246167995859,da7dud46l22c73dnfm00
cic_pca4,cic,pca,4,0,0,hardware,36,x86:293843,0,1,0.535304634739787,da7dud46l22c73dnfm00
cic_pca4,cic,pca,4,0,0,hardware,37,x86:142742,0,0,-1.0309403688006358,da7dud46l22c73dnfm00
cic_pca4,cic,pca,4,0,0,hardware,38,x86:194228,0,0,-0.8254389300870666,da7dud46l22c73dnfm00
cic_pca4,cic,pca,4,0,0,hardware,39,x86:132518,0,0,-0.9022191371350805,da7dud46l22c73dnfm00
cic_pca4,cic,pca,4,0,0,hardware,40,ARM:635222,1,0,-0.9146751952785468,da7dud46l22c73dnfm00
cic_pca4,cic,pca,4,0,0,hardware,41,ARM:347597,1,0,-0.8341704195251645,da7dud46l22c73dnfm00
cic_pca4,cic,pca,4,0,0,hardware,42,ARM:433265,1,0,-1.0066513701854747,da7dud46l22c73dnfm00
cic_pca4,cic,pca,4,0,0,hardware,43,ARM:434099,1,0,-0.8241554648806491,da7dud46l22c73dnfm00
cic_pca4,cic,pca,4,0,0,hardware,44,ARM:642671,1,1,0.4911258809414484,da7dud46l22c73dnfm00
cic_pca4,cic,pca,4,0,0,hardware,45,ARM:326109,1,0,-0.8726044750724995,da7dud46l22c73dnfm00
cic_pca4,cic,pca,4,0,0,hardware,46,ARM:509068,1,0,-0.9742584557968277,da7dud46l22c73dnfm00
cic_pca4,cic,pca,4,0,0,hardware,47,ARM:364789,1,0,-0.9323807621727256,da7dud46l22c73dnfm00
cic_pca4,cic,pca,4,0,0,hardware,48,ARM:507232,1,0,-0.857335396865506,da7dud46l22c73dnfm00
cic_pca4,cic,pca,4,0,0,hardware,49,ARM:618964,1,0,-0.9791412357347413,da7dud46l22c73dnfm00
cic_pca4,cic,pca,4,0,0,hardware,50,MIPS:278619,1,0,-0.8549130254407336,da7dud46l22c73dnfm00
cic_pca4,cic,pca,4,0,0,hardware,51,MIPS:284551,1,1,0.7863969604530258,da7dud46l22c73dnfm00
cic_pca4,cic,pca,4,0,0,hardware,52,MIPS:323524,1,1,0.24289796715491618,da7dud46l22c73dnfm00
cic_pca4,cic,pca,4,0,0,hardware,53,MIPS:256910,1,1,1.083812825718128,da7dud46l22c73dnfm00
cic_pca4,cic,pca,4,0,0,hardware,54,MIPS:323769,1,1,1.1513895203694693,da7dud46l22c73dnfm00
cic_pca4,cic,pca,4,0,0,hardware,55,MIPS:371520,1,1,0.6359481801745679,da7dud46l22c73dnfm00
cic_pca4,cic,pca,4,0,0,hardware,56,MIPS:391693,1,1,1.266785138839521,da7dud46l22c73dnfm00
cic_pca4,cic,pca,4,0,0,hardware,57,MIPS:385014,1,1,1.0483213415366162,da7dud46l22c73dnfm00
cic_pca4,cic,pca,4,0,0,hardware,58,MIPS:420404,1,1,1.0064325595285841,da7dud46l22c73dnfm00
cic_pca4,cic,pca,4,0,0,hardware,59,MIPS:393808,1,1,0.9716148954538647,da7dud46l22c73dnfm00
cic_pca4,cic,pca,4,0,0,hardware,60,MIPSEL:259546,1,1,1.2025383039255488,da7dud46l22c73dnfm00
cic_pca4,cic,pca,4,0,0,hardware,61,MIPSEL:514064,1,1,0.08172414741158862,da7dud46l22c73dnfm00
cic_pca4,cic,pca,4,0,0,hardware,62,MIPSEL:425905,1,0,-0.9802102003322746,da7dud46l22c73dnfm00
cic_pca4,cic,pca,4,0,0,hardware,63,MIPSEL:317630,1,1,1.0297111120548497,da7dud46l22c73dnfm00
cic_pca4,cic,pca,4,0,0,hardware,64,MIPSEL:452897,1,1,0.2520277132774069,da7dud46l22c73dnfm00
cic_pca4,cic,pca,4,0,0,hardware,65,MIPSEL:257344,1,1,1.0093377942701003,da7dud46l22c73dnfm00
cic_pca4,cic,pca,4,0,0,hardware,66,MIPSEL:352116,1,0,-0.7007672352985788,da7dud46l22c73dnfm00
cic_pca4,cic,pca,4,0,0,hardware,67,MIPSEL:390296,1,1,1.0247007740717038,da7dud46l22c73dnfm00
cic_pca4,cic,pca,4,0,0,hardware,68,MIPSEL:387578,1,1,1.0003498790031167,da7dud46l22c73dnfm00
cic_pca4,cic,pca,4,0,0,hardware,69,MIPSEL:336514,1,1,0.29998718011628633,da7dud46l22c73dnfm00
cic_pca4,cic,pca,4,0,0,hardware,70,x86:313435,1,1,0.8027617590113949,da7dud46l22c73dnfm00
cic_pca4,cic,pca,4,0,0,hardware,71,x86:326749,1,1,0.9786897195113967,da7dud46l22c73dnfm00
cic_pca4,cic,pca,4,0,0,hardware,72,x86:478730,1,1,1.0151559051461145,da7dud46l22c73dnfm00
cic_pca4,cic,pca,4,0,0,hardware,73,x86:481234,1,0,-0.8361182613393325,da7dud46l22c73dnfm00
cic_pca4,cic,pca,4,0,0,hardware,74,x86:470215,1,0,-0.9313829419878707,da7dud46l22c73dnfm00
cic_pca4,cic,pca,4,0,0,hardware,75,x86:443124,1,1,0.7297352162375333,da7dud46l22c73dnfm00
cic_pca4,cic,pca,4,0,0,hardware,76,x86:488347,1,1,0.8431070235340581,da7dud46l22c73dnfm00
cic_pca4,cic,pca,4,0,0,hardware,77,x86:386346,1,0,-0.5571139633238567,da7dud46l22c73dnfm00
cic_pca4,cic,pca,4,0,0,hardware,78,x86:318093,1,1,0.761203719020134,da7dud46l22c73dnfm00
cic_pca4,cic,pca,4,0,0,hardware,79,x86:448893,1,1,0.5927926515208924,da7dud46l22c73dnfm00
clamp_pca4,clamp,pca,4,2,0,hardware,0,clamp:1919,0,0,-0.8843671235387878,da7mj7rsq5js73bk50i0
clamp_pca4,clamp,pca,4,2,0,hardware,1,clamp:1226,0,0,-1.0291902513239586,da7mj7rsq5js73bk50i0
clamp_pca4,clamp,pca,4,2,0,hardware,2,clamp:2139,0,0,-0.734018406855206,da7mj7rsq5js73bk50i0
clamp_pca4,clamp,pca,4,2,0,hardware,3,clamp:1685,0,0,-0.7127501468521342,da7mj7rsq5js73bk50i0
clamp_pca4,clamp,pca,4,2,0,hardware,4,clamp:2261,0,0,-0.8327805413853036,da7mj7rsq5js73bk50i0
clamp_pca4,clamp,pca,4,2,0,hardware,5,clamp:2479,0,0,-0.7425258321468562,da7mj7rsq5js73bk50i0
clamp_pca4,clamp,pca,4,2,0,hardware,6,clamp:2288,0,1,1.047258336445398,da7mj7rsq5js73bk50i0
clamp_pca4,clamp,pca,4,2,0,hardware,7,clamp:783,0,0,-1.3042883413779516,da7mj7rsq5js73bk50i0
clamp_pca4,clamp,pca,4,2,0,hardware,8,clamp:1503,0,0,-1.6038478502875757,da7mj7rsq5js73bk50i0
clamp_pca4,clamp,pca,4,2,0,hardware,9,clamp:1324,0,0,-0.8377214808635773,da7mj7rsq5js73bk50i0
clamp_pca4,clamp,pca,4,2,0,hardware,10,clamp:1196,0,0,-1.1565366149744027,da7mj7rsq5js73bk50i0
clamp_pca4,clamp,pca,4,2,0,hardware,11,clamp:147,0,0,-1.3905597885143248,da7mj7rsq5js73bk50i0
clamp_pca4,clamp,pca,4,2,0,hardware,12,clamp:2029,0,0,-1.418702065830381,da7mj7rsq5js73bk50i0
clamp_pca4,clamp,pca,4,2,0,hardware,13,clamp:1133,0,0,-0.7012714008218266,da7mj7rsq5js73bk50i0
clamp_pca4,clamp,pca,4,2,0,hardware,14,clamp:812,0,1,0.34119901197292324,da7mj7rsq5js73bk50i0
clamp_pca4,clamp,pca,4,2,0,hardware,15,clamp:1820,0,1,0.9530482838487528,da7mj7rsq5js73bk50i0
clamp_pca4,clamp,pca,4,2,0,hardware,16,clamp:313,0,0,-0.8739198740274854,da7mj7rsq5js73bk50i0
clamp_pca4,clamp,pca,4,2,0,hardware,17,clamp:1358,0,0,-1.7107775327643482,da7mj7rsq5js73bk50i0
clamp_pca4,clamp,pca,4,2,0,hardware,18,clamp:1436,0,0,-1.4703517153397538,da7mj7rsq5js73bk50i0
clamp_pca4,clamp,pca,4,2,0,hardware,19,clamp:2326,0,0,-1.2973153600788236,da7mj7rsq5js73bk50i0
clamp_pca4,clamp,pca,4,2,0,hardware,20,clamp:1390,0,1,0.03751432380286984,da7mj7rsq5js73bk50i0
clamp_pca4,clamp,pca,4,2,0,hardware,21,clamp:473,0,0,-0.9318314357265878,da7mj7rsq5js73bk50i0
clamp_pca4,clamp,pca,4,2,0,hardware,22,clamp:2473,0,0,-1.585702867981005,da7mj7rsq5js73bk50i0
clamp_pca4,clamp,pca,4,2,0,hardware,23,clamp:377,0,0,-1.188197487306782,da7mj7rsq5js73bk50i0
clamp_pca4,clamp,pca,4,2,0,hardware,24,clamp:2303,0,1,0.7104437535556971,da7mj7rsq5js73bk50i0
clamp_pca4,clamp,pca,4,2,0,hardware,25,clamp:1962,0,0,-0.9525433644184398,da7mj7rsq5js73bk50i0
clamp_pca4,clamp,pca,4,2,0,hardware,26,clamp:2371,0,1,0.4917721448667986,da7mj7rsq5js73bk50i0
clamp_pca4,clamp,pca,4,2,0,hardware,27,clamp:2289,0,0,-0.7568227011638613,da7mj7rsq5js73bk50i0
clamp_pca4,clamp,pca,4,2,0,hardware,28,clamp:565,0,0,-0.9380338350831761,da7mj7rsq5js73bk50i0
clamp_pca4,clamp,pca,4,2,0,hardware,29,clamp:993,0,0,-1.0258202354971384,da7mj7rsq5js73bk50i0
clamp_pca4,clamp,pca,4,2,0,hardware,30,clamp:2110,0,0,-0.40185617579576777,da7mj7rsq5js73bk50i0
clamp_pca4,clamp,pca,4,2,0,hardware,31,clamp:628,0,0,-1.0577022675512697,da7mj7rsq5js73bk50i0
clamp_pca4,clamp,pca,4,2,0,hardware,32,clamp:1205,0,0,-1.2843770277747824,da7mj7rsq5js73bk50i0
clamp_pca4,clamp,pca,4,2,0,hardware,33,clamp:949,0,1,0.45487387312018174,da7mj7rsq5js73bk50i0
clamp_pca4,clamp,pca,4,2,0,hardware,34,clamp:1305,0,1,0.5714599497953978,da7mj7rsq5js73bk50i0
clamp_pca4,clamp,pca,4,2,0,hardware,35,clamp:1007,0,1,0.5015286187498927,da7mj7rsq5js73bk50i0
clamp_pca4,clamp,pca,4,2,0,hardware,36,clamp:682,0,1,0.3827544982349547,da7mj7rsq5js73bk50i0
clamp_pca4,clamp,pca,4,2,0,hardware,37,clamp:1306,0,0,-0.3995864460666188,da7mj7rsq5js73bk50i0
clamp_pca4,clamp,pca,4,2,0,hardware,38,clamp:1167,0,0,-0.9570806899540931,da7mj7rsq5js73bk50i0
clamp_pca4,clamp,pca,4,2,0,hardware,39,clamp:1976,0,0,-0.6877614705922006,da7mj7rsq5js73bk50i0
clamp_pca4,clamp,pca,4,2,0,hardware,40,clamp:2991,1,0,-0.4258763801066135,da7mj7rsq5js73bk50i0
clamp_pca4,clamp,pca,4,2,0,hardware,41,clamp:2689,1,0,-0.6258057534735426,da7mj7rsq5js73bk50i0
clamp_pca4,clamp,pca,4,2,0,hardware,42,clamp:3406,1,1,0.5098279620793598,da7mj7rsq5js73bk50i0
clamp_pca4,clamp,pca,4,2,0,hardware,43,clamp:2590,1,0,-0.14504337977267584,da7mj7rsq5js73bk50i0
clamp_pca4,clamp,pca,4,2,0,hardware,44,clamp:4971,1,1,1.1017920594331516,da7mj7rsq5js73bk50i0
clamp_pca4,clamp,pca,4,2,0,hardware,45,clamp:3117,1,0,-0.6191772719206181,da7mj7rsq5js73bk50i0
clamp_pca4,clamp,pca,4,2,0,hardware,46,clamp:4736,1,1,1.1239674904061425,da7mj7rsq5js73bk50i0
clamp_pca4,clamp,pca,4,2,0,hardware,47,clamp:3201,1,1,0.4299858720319419,da7mj7rsq5js73bk50i0
clamp_pca4,clamp,pca,4,2,0,hardware,48,clamp:2732,1,0,-0.9626239511975667,da7mj7rsq5js73bk50i0
clamp_pca4,clamp,pca,4,2,0,hardware,49,clamp:2652,1,1,0.4970403445520623,da7mj7rsq5js73bk50i0
clamp_pca4,clamp,pca,4,2,0,hardware,50,clamp:4072,1,1,0.8083471511819069,da7mj7rsq5js73bk50i0
clamp_pca4,clamp,pca,4,2,0,hardware,51,clamp:4932,1,1,1.087782648227781,da7mj7rsq5js73bk50i0
clamp_pca4,clamp,pca,4,2,0,hardware,52,clamp:3120,1,1,1.1889028088004818,da7mj7rsq5js73bk50i0
clamp_pca4,clamp,pca,4,2,0,hardware,53,clamp:2905,1,0,-0.41814061397490926,da7mj7rsq5js73bk50i0
clamp_pca4,clamp,pca,4,2,0,hardware,54,clamp:5130,1,1,0.8366229053951766,da7mj7rsq5js73bk50i0
clamp_pca4,clamp,pca,4,2,0,hardware,55,clamp:4303,1,0,-0.4601767959412178,da7mj7rsq5js73bk50i0
clamp_pca4,clamp,pca,4,2,0,hardware,56,clamp:4231,1,1,0.632810723668346,da7mj7rsq5js73bk50i0
clamp_pca4,clamp,pca,4,2,0,hardware,57,clamp:3847,1,1,0.692839163213097,da7mj7rsq5js73bk50i0
clamp_pca4,clamp,pca,4,2,0,hardware,58,clamp:3294,1,1,1.0900864299691175,da7mj7rsq5js73bk50i0
clamp_pca4,clamp,pca,4,2,0,hardware,59,clamp:5046,1,0,-0.2230279033020271,da7mj7rsq5js73bk50i0
clamp_pca4,clamp,pca,4,2,0,hardware,60,clamp:2548,1,0,-0.1857435283222268,da7mj7rsq5js73bk50i0
clamp_pca4,clamp,pca,4,2,0,hardware,61,clamp:5033,1,1,0.25242615676570845,da7mj7rsq5js73bk50i0
clamp_pca4,clamp,pca,4,2,0,hardware,62,clamp:2879,1,1,0.7858608769616324,da7mj7rsq5js73bk50i0
clamp_pca4,clamp,pca,4,2,0,hardware,63,clamp:3647,1,1,0.2824629297132711,da7mj7rsq5js73bk50i0
clamp_pca4,clamp,pca,4,2,0,hardware,64,clamp:3575,1,0,-0.8185514954997686,da7mj7rsq5js73bk50i0
clamp_pca4,clamp,pca,4,2,0,hardware,65,clamp:4297,1,0,-0.06030621714428569,da7mj7rsq5js73bk50i0
clamp_pca4,clamp,pca,4,2,0,hardware,66,clamp:4628,1,1,0.8805850325732323,da7mj7rsq5js73bk50i0
clamp_pca4,clamp,pca,4,2,0,hardware,67,clamp:3621,1,1,0.6171696029910714,da7mj7rsq5js73bk50i0
clamp_pca4,clamp,pca,4,2,0,hardware,68,clamp:5136,1,1,1.2495813911102036,da7mj7rsq5js73bk50i0
clamp_pca4,clamp,pca,4,2,0,hardware,69,clamp:4556,1,0,-0.5209978701829285,da7mj7rsq5js73bk50i0
clamp_pca4,clamp,pca,4,2,0,hardware,70,clamp:4535,1,1,0.7261716919688104,da7mj7rsq5js73bk50i0
clamp_pca4,clamp,pca,4,2,0,hardware,71,clamp:2956,1,1,0.9419427720352027,da7mj7rsq5js73bk50i0
clamp_pca4,clamp,pca,4,2,0,hardware,72,clamp:2685,1,1,0.10673799388476907,da7mj7rsq5js73bk50i0
clamp_pca4,clamp,pca,4,2,0,hardware,73,clamp:3300,1,1,1.3775320731926597,da7mj7rsq5js73bk50i0
clamp_pca4,clamp,pca,4,2,0,hardware,74,clamp:2856,1,0,-0.8016079961526663,da7mj7rsq5js73bk50i0
clamp_pca4,clamp,pca,4,2,0,hardware,75,clamp:2782,1,1,0.5467845413859811,da7mj7rsq5js73bk50i0
clamp_pca4,clamp,pca,4,2,0,hardware,76,clamp:4877,1,1,0.13530461018143475,da7mj7rsq5js73bk50i0
clamp_pca4,clamp,pca,4,2,0,hardware,77,clamp:2749,1,0,-0.12484477920152398,da7mj7rsq5js73bk50i0
clamp_pca4,clamp,pca,4,2,0,hardware,78,clamp:3653,1,1,1.047185257236745,da7mj7rsq5js73bk50i0
clamp_pca4,clamp,pca,4,2,0,hardware,79,clamp:4010,1,1,0.40477940515769617,da7mj7rsq5js73bk50i0
ember2018_pca4,ember2018,pca,4,2,0,hardware,0,ember2018:269163,0,1,0.33295696639186356,da7mj8c6l22c73dnpdq0
ember2018_pca4,ember2018,pca,4,2,0,hardware,1,ember2018:653806,0,1,0.4313966182884965,da7mj8c6l22c73dnpdq0
ember2018_pca4,ember2018,pca,4,2,0,hardware,2,ember2018:552478,0,1,0.5065442739889144,da7mj8c6l22c73dnpdq0
ember2018_pca4,ember2018,pca,4,2,0,hardware,3,ember2018:435679,0,0,-1.9503207075330744,da7mj8c6l22c73dnpdq0
ember2018_pca4,ember2018,pca,4,2,0,hardware,4,ember2018:30637,0,1,0.51084549670982,da7mj8c6l22c73dnpdq0
ember2018_pca4,ember2018,pca,4,2,0,hardware,5,ember2018:11043,0,0,-1.8832479706641112,da7mj8c6l22c73dnpdq0
ember2018_pca4,ember2018,pca,4,2,0,hardware,6,ember2018:544924,0,0,-0.34218745945476914,da7mj8c6l22c73dnpdq0
ember2018_pca4,ember2018,pca,4,2,0,hardware,7,ember2018:317868,0,0,-0.20841841497203367,da7mj8c6l22c73dnpdq0
ember2018_pca4,ember2018,pca,4,2,0,hardware,8,ember2018:14623,0,0,-2.228803231804558,da7mj8c6l22c73dnpdq0
ember2018_pca4,ember2018,pca,4,2,0,hardware,9,ember2018:337041,0,0,-1.972044050608695,da7mj8c6l22c73dnpdq0
ember2018_pca4,ember2018,pca,4,2,0,hardware,10,ember2018:399434,0,1,1.3092953977187816,da7mj8c6l22c73dnpdq0
ember2018_pca4,ember2018,pca,4,2,0,hardware,11,ember2018:678131,0,0,-1.1268298074539824,da7mj8c6l22c73dnpdq0
ember2018_pca4,ember2018,pca,4,2,0,hardware,12,ember2018:405206,0,0,-1.5414099033615334,da7mj8c6l22c73dnpdq0
ember2018_pca4,ember2018,pca,4,2,0,hardware,13,ember2018:215160,0,1,0.9139248333127502,da7mj8c6l22c73dnpdq0
ember2018_pca4,ember2018,pca,4,2,0,hardware,14,ember2018:289018,0,1,0.42057349091114815,da7mj8c6l22c73dnpdq0
ember2018_pca4,ember2018,pca,4,2,0,hardware,15,ember2018:626748,0,0,-0.32887518499492774,da7mj8c6l22c73dnpdq0
ember2018_pca4,ember2018,pca,4,2,0,hardware,16,ember2018:679823,0,1,0.930117288648686,da7mj8c6l22c73dnpdq0
ember2018_pca4,ember2018,pca,4,2,0,hardware,17,ember2018:210824,0,0,-0.7799435752503211,da7mj8c6l22c73dnpdq0
ember2018_pca4,ember2018,pca,4,2,0,hardware,18,ember2018:480589,0,0,-1.022258037394189,da7mj8c6l22c73dnpdq0
ember2018_pca4,ember2018,pca,4,2,0,hardware,19,ember2018:154745,0,0,-0.409127808870946,da7mj8c6l22c73dnpdq0
ember2018_pca4,ember2018,pca,4,2,0,hardware,20,ember2018:716864,0,1,0.2373180459015951,da7mj8c6l22c73dnpdq0
ember2018_pca4,ember2018,pca,4,2,0,hardware,21,ember2018:721086,0,1,1.1553300641002577,da7mj8c6l22c73dnpdq0
ember2018_pca4,ember2018,pca,4,2,0,hardware,22,ember2018:592393,0,1,0.45280954832659326,da7mj8c6l22c73dnpdq0
ember2018_pca4,ember2018,pca,4,2,0,hardware,23,ember2018:663409,0,0,-0.5905403987475895,da7mj8c6l22c73dnpdq0
ember2018_pca4,ember2018,pca,4,2,0,hardware,24,ember2018:232093,0,0,-1.858596941672488,da7mj8c6l22c73dnpdq0
ember2018_pca4,ember2018,pca,4,2,0,hardware,25,ember2018:629477,0,1,1.1157764632574048,da7mj8c6l22c73dnpdq0
ember2018_pca4,ember2018,pca,4,2,0,hardware,26,ember2018:504920,0,1,0.4091280128273491,da7mj8c6l22c73dnpdq0
ember2018_pca4,ember2018,pca,4,2,0,hardware,27,ember2018:602550,0,0,-0.007320321823439446,da7mj8c6l22c73dnpdq0
ember2018_pca4,ember2018,pca,4,2,0,hardware,28,ember2018:272008,0,1,1.3573964477363671,da7mj8c6l22c73dnpdq0
ember2018_pca4,ember2018,pca,4,2,0,hardware,29,ember2018:27347,0,0,-1.5144241678902977,da7mj8c6l22c73dnpdq0
ember2018_pca4,ember2018,pca,4,2,0,hardware,30,ember2018:265741,0,1,0.5941588713281863,da7mj8c6l22c73dnpdq0
ember2018_pca4,ember2018,pca,4,2,0,hardware,31,ember2018:612943,0,1,0.5050011113227365,da7mj8c6l22c73dnpdq0
ember2018_pca4,ember2018,pca,4,2,0,hardware,32,ember2018:17119,0,0,-1.8968279345114638,da7mj8c6l22c73dnpdq0
ember2018_pca4,ember2018,pca,4,2,0,hardware,33,ember2018:478952,0,0,-0.6060598755639885,da7mj8c6l22c73dnpdq0
ember2018_pca4,ember2018,pca,4,2,0,hardware,34,ember2018:680438,0,1,0.3964740947468658,da7mj8c6l22c73dnpdq0
ember2018_pca4,ember2018,pca,4,2,0,hardware,35,ember2018:372015,0,1,0.7737616820415975,da7mj8c6l22c73dnpdq0
ember2018_pca4,ember2018,pca,4,2,0,hardware,36,ember2018:461781,0,0,-1.803580391755002,da7mj8c6l22c73dnpdq0
ember2018_pca4,ember2018,pca,4,2,0,hardware,37,ember2018:674893,0,1,0.3924993497405388,da7mj8c6l22c73dnpdq0
ember2018_pca4,ember2018,pca,4,2,0,hardware,38,ember2018:42518,0,0,-0.7613052642815707,da7mj8c6l22c73dnpdq0
ember2018_pca4,ember2018,pca,4,2,0,hardware,39,ember2018:19668,0,0,-1.902582583872098,da7mj8c6l22c73dnpdq0
ember2018_pca4,ember2018,pca,4,2,0,hardware,40,ember2018:567615,1,1,1.0601888957570678,da7mj8c6l22c73dnpdq0
ember2018_pca4,ember2018,pca,4,2,0,hardware,41,ember2018:171927,1,0,-0.23753226476712885,da7mj8c6l22c73dnpdq0
ember2018_pca4,ember2018,pca,4,2,0,hardware,42,ember2018:177601,1,0,-0.3656327344768754,da7mj8c6l22c73dnpdq0
ember2018_pca4,ember2018,pca,4,2,0,hardware,43,ember2018:500731,1,1,0.13549501216865123,da7mj8c6l22c73dnpdq0
ember2018_pca4,ember2018,pca,4,2,0,hardware,44,ember2018:360831,1,1,0.7760876654946133,da7mj8c6l22c73dnpdq0
ember2018_pca4,ember2018,pca,4,2,0,hardware,45,ember2018:527230,1,0,-0.023778491638026922,da7mj8c6l22c73dnpdq0
ember2018_pca4,ember2018,pca,4,2,0,hardware,46,ember2018:761406,1,0,-0.3186042213623238,da7mj8c6l22c73dnpdq0
ember2018_pca4,ember2018,pca,4,2,0,hardware,47,ember2018:324922,1,1,1.5583037615808544,da7mj8c6l22c73dnpdq0
ember2018_pca4,ember2018,pca,4,2,0,hardware,48,ember2018:778623,1,1,1.486282894903705,da7mj8c6l22c73dnpdq0
ember2018_pca4,ember2018,pca,4,2,0,hardware,49,ember2018:784553,1,0,-1.4207935129855644,da7mj8c6l22c73dnpdq0
ember2018_pca4,ember2018,pca,4,2,0,hardware,50,ember2018:249457,1,0,-0.7590900597394783,da7mj8c6l22c73dnpdq0
ember2018_pca4,ember2018,pca,4,2,0,hardware,51,ember2018:592620,1,1,1.0099868571699986,da7mj8c6l22c73dnpdq0
ember2018_pca4,ember2018,pca,4,2,0,hardware,52,ember2018:772576,1,1,1.5556591013369028,da7mj8c6l22c73dnpdq0
ember2018_pca4,ember2018,pca,4,2,0,hardware,53,ember2018:420813,1,1,0.3047527260222047,da7mj8c6l22c73dnpdq0
ember2018_pca4,ember2018,pca,4,2,0,hardware,54,ember2018:738198,1,1,0.22063472598253575,da7mj8c6l22c73dnpdq0
ember2018_pca4,ember2018,pca,4,2,0,hardware,55,ember2018:595219,1,1,0.9162940118117789,da7mj8c6l22c73dnpdq0
ember2018_pca4,ember2018,pca,4,2,0,hardware,56,ember2018:144124,1,1,1.6006697288293772,da7mj8c6l22c73dnpdq0
ember2018_pca4,ember2018,pca,4,2,0,hardware,57,ember2018:127536,1,0,-0.17307365714563316,da7mj8c6l22c73dnpdq0
ember2018_pca4,ember2018,pca,4,2,0,hardware,58,ember2018:592484,1,1,1.183835295449386,da7mj8c6l22c73dnpdq0
ember2018_pca4,ember2018,pca,4,2,0,hardware,59,ember2018:156507,1,1,1.5355908821987612,da7mj8c6l22c73dnpdq0
ember2018_pca4,ember2018,pca,4,2,0,hardware,60,ember2018:716720,1,1,0.6582264060487738,da7mj8c6l22c73dnpdq0
ember2018_pca4,ember2018,pca,4,2,0,hardware,61,ember2018:181695,1,1,0.0019267884852181005,da7mj8c6l22c73dnpdq0
ember2018_pca4,ember2018,pca,4,2,0,hardware,62,ember2018:671748,1,0,-0.7915822809523074,da7mj8c6l22c73dnpdq0
ember2018_pca4,ember2018,pca,4,2,0,hardware,63,ember2018:325051,1,1,1.1503866179438123,da7mj8c6l22c73dnpdq0
ember2018_pca4,ember2018,pca,4,2,0,hardware,64,ember2018:415736,1,1,1.3273110121756773,da7mj8c6l22c73dnpdq0
ember2018_pca4,ember2018,pca,4,2,0,hardware,65,ember2018:291346,1,1,1.228162739543241,da7mj8c6l22c73dnpdq0
ember2018_pca4,ember2018,pca,4,2,0,hardware,66,ember2018:468193,1,1,0.8826534488633476,da7mj8c6l22c73dnpdq0
ember2018_pca4,ember2018,pca,4,2,0,hardware,67,ember2018:151419,1,1,1.226900604645924,da7mj8c6l22c73dnpdq0
ember2018_pca4,ember2018,pca,4,2,0,hardware,68,ember2018:473297,1,0,-0.5619657214493996,da7mj8c6l22c73dnpdq0
ember2018_pca4,ember2018,pca,4,2,0,hardware,69,ember2018:688038,1,0,-0.23349056974489585,da7mj8c6l22c73dnpdq0
ember2018_pca4,ember2018,pca,4,2,0,hardware,70,ember2018:281507,1,1,1.3721016770311172,da7mj8c6l22c73dnpdq0
ember2018_pca4,ember2018,pca,4,2,0,hardware,71,ember2018:774217,1,1,1.6644050293880377,da7mj8c6l22c73dnpdq0
ember2018_pca4,ember2018,pca,4,2,0,hardware,72,ember2018:476962,1,0,-0.3518153716648301,da7mj8c6l22c73dnpdq0
ember2018_pca4,ember2018,pca,4,2,0,hardware,73,ember2018:624213,1,1,0.7942707401157624,da7mj8c6l22c73dnpdq0
ember2018_pca4,ember2018,pca,4,2,0,hardware,74,ember2018:124625,1,1,1.5264634513019226,da7mj8c6l22c73dnpdq0
ember2018_pca4,ember2018,pca,4,2,0,hardware,75,ember2018:236919,1,1,1.25771600410754,da7mj8c6l22c73dnpdq0
ember2018_pca4,ember2018,pca,4,2,0,hardware,76,ember2018:728225,1,1,1.5204454640935854,da7mj8c6l22c73dnpdq0
ember2018_pca4,ember2018,pca,4,2,0,hardware,77,ember2018:742501,1,0,-0.24849052413548955,da7mj8c6l22c73dnpdq0
ember2018_pca4,ember2018,pca,4,2,0,hardware,78,ember2018:603816,1,1,0.3775664695787766,da7mj8c6l22c73dnpdq0
ember2018_pca4,ember2018,pca,4,2,0,hardware,79,ember2018:299672,1,1,1.2368585377889354,da7mj8c6l22c73dnpdq0
fabiana_pca4,fabiana,pca,4,2,0,hardware,0,fabiana:539,0,0,-1.5384434231042168,da7mj8rsq5js73bk50jg
fabiana_pca4,fabiana,pca,4,2,0,hardware,1,fabiana:465,0,0,-1.7892208789389674,da7mj8rsq5js73bk50jg
fabiana_pca4,fabiana,pca,4,2,0,hardware,2,fabiana:725,0,1,0.07222065956225188,da7mj8rsq5js73bk50jg
fabiana_pca4,fabiana,pca,4,2,0,hardware,3,fabiana:879,0,0,-0.9674557108597226,da7mj8rsq5js73bk50jg
fabiana_pca4,fabiana,pca,4,2,0,hardware,4,fabiana:243,0,0,-1.4027539594492415,da7mj8rsq5js73bk50jg
fabiana_pca4,fabiana,pca,4,2,0,hardware,5,fabiana:552,0,0,-0.9400108592897025,da7mj8rsq5js73bk50jg
fabiana_pca4,fabiana,pca,4,2,0,hardware,6,fabiana:1018,0,0,-1.3104028434738237,da7mj8rsq5js73bk50jg
fabiana_pca4,fabiana,pca,4,2,0,hardware,7,fabiana:664,0,0,-1.070135793812253,da7mj8rsq5js73bk50jg
fabiana_pca4,fabiana,pca,4,2,0,hardware,8,fabiana:34,0,0,-1.1862384746923138,da7mj8rsq5js73bk50jg
fabiana_pca4,fabiana,pca,4,2,0,hardware,9,fabiana:168,0,0,-1.5390936857679052,da7mj8rsq5js73bk50jg
fabiana_pca4,fabiana,pca,4,2,0,hardware,10,fabiana:534,0,0,-0.20247648461357814,da7mj8rsq5js73bk50jg
fabiana_pca4,fabiana,pca,4,2,0,hardware,11,fabiana:165,0,0,-1.0763962312372493,da7mj8rsq5js73bk50jg
fabiana_pca4,fabiana,pca,4,2,0,hardware,12,fabiana:477,0,0,-0.8650349719048649,da7mj8rsq5js73bk50jg
fabiana_pca4,fabiana,pca,4,2,0,hardware,13,fabiana:235,0,0,-1.0961474336704173,da7mj8rsq5js73bk50jg
fabiana_pca4,fabiana,pca,4,2,0,hardware,14,fabiana:336,0,0,-0.9359162999739199,da7mj8rsq5js73bk50jg
fabiana_pca4,fabiana,pca,4,2,0,hardware,15,fabiana:681,0,0,-1.2522632383332133,da7mj8rsq5js73bk50jg
fabiana_pca4,fabiana,pca,4,2,0,hardware,16,fabiana:925,0,0,-0.5200720081180765,da7mj8rsq5js73bk50jg
fabiana_pca4,fabiana,pca,4,2,0,hardware,17,fabiana:834,0,0,-0.8938597907016157,da7mj8rsq5js73bk50jg
fabiana_pca4,fabiana,pca,4,2,0,hardware,18,fabiana:614,0,0,-1.203526324738064,da7mj8rsq5js73bk50jg
fabiana_pca4,fabiana,pca,4,2,0,hardware,19,fabiana:404,0,0,-1.468566022363692,da7mj8rsq5js73bk50jg
fabiana_pca4,fabiana,pca,4,2,0,hardware,20,fabiana:481,0,0,-1.7162478797460998,da7mj8rsq5js73bk50jg
fabiana_pca4,fabiana,pca,4,2,0,hardware,21,fabiana:515,0,0,-1.5042269344589323,da7mj8rsq5js73bk50jg
fabiana_pca4,fabiana,pca,4,2,0,hardware,22,fabiana:341,0,0,-1.009317353873122,da7mj8rsq5js73bk50jg
fabiana_pca4,fabiana,pca,4,2,0,hardware,23,fabiana:4,0,0,-1.5292136838087116,da7mj8rsq5js73bk50jg
fabiana_pca4,fabiana,pca,4,2,0,hardware,24,fabiana:838,0,0,-1.1481731339648549,da7mj8rsq5js73bk50jg
fabiana_pca4,fabiana,pca,4,2,0,hardware,25,fabiana:213,0,0,-1.0649617936482116,da7mj8rsq5js73bk50jg
fabiana_pca4,fabiana,pca,4,2,0,hardware,26,fabiana:37,0,0,-0.8570162326382897,da7mj8rsq5js73bk50jg
fabiana_pca4,fabiana,pca,4,2,0,hardware,27,fabiana:1008,0,0,-1.0231168583354906,da7mj8rsq5js73bk50jg
fabiana_pca4,fabiana,pca,4,2,0,hardware,28,fabiana:970,0,0,-1.5640787034508807,da7mj8rsq5js73bk50jg
fabiana_pca4,fabiana,pca,4,2,0,hardware,29,fabiana:166,0,0,-0.9961756768740657,da7mj8rsq5js73bk50jg
fabiana_pca4,fabiana,pca,4,2,0,hardware,30,fabiana:652,0,0,-1.6510919633025487,da7mj8rsq5js73bk50jg
fabiana_pca4,fabiana,pca,4,2,0,hardware,31,fabiana:224,0,0,-1.1910139080740068,da7mj8rsq5js73bk50jg
fabiana_pca4,fabiana,pca,4,2,0,hardware,32,fabiana:377,0,0,-0.8130314300700461,da7mj8rsq5js73bk50jg
fabiana_pca4,fabiana,pca,4,2,0,hardware,33,fabiana:946,0,0,-0.9012593358619188,da7mj8rsq5js73bk50jg
fabiana_pca4,fabiana,pca,4,2,0,hardware,34,fabiana:989,0,0,-1.0978437017846938,da7mj8rsq5js73bk50jg
fabiana_pca4,fabiana,pca,4,2,0,hardware,35,fabiana:657,0,0,-0.8530886508087714,da7mj8rsq5js73bk50jg
fabiana_pca4,fabiana,pca,4,2,0,hardware,36,fabiana:343,0,0,-0.933780275600655,da7mj8rsq5js73bk50jg
fabiana_pca4,fabiana,pca,4,2,0,hardware,37,fabiana:284,0,0,-1.0998433771753269,da7mj8rsq5js73bk50jg
fabiana_pca4,fabiana,pca,4,2,0,hardware,38,fabiana:705,0,0,-1.5811610494650108,da7mj8rsq5js73bk50jg
fabiana_pca4,fabiana,pca,4,2,0,hardware,39,fabiana:164,0,0,-1.6522250200664594,da7mj8rsq5js73bk50jg
fabiana_pca4,fabiana,pca,4,2,0,hardware,40,fabiana:91,1,1,0.9717247274597228,da7mj8rsq5js73bk50jg
fabiana_pca4,fabiana,pca,4,2,0,hardware,41,fabiana:88,1,1,0.4413971061229075,da7mj8rsq5js73bk50jg
fabiana_pca4,fabiana,pca,4,2,0,hardware,42,fabiana:886,1,1,1.0020386510000456,da7mj8rsq5js73bk50jg
fabiana_pca4,fabiana,pca,4,2,0,hardware,43,fabiana:529,1,1,0.9848317818497208,da7mj8rsq5js73bk50jg
fabiana_pca4,fabiana,pca,4,2,0,hardware,44,fabiana:1019,1,1,0.9685851926328934,da7mj8rsq5js73bk50jg
fabiana_pca4,fabiana,pca,4,2,0,hardware,45,fabiana:1138,1,1,1.1551454466929558,da7mj8rsq5js73bk50jg
fabiana_pca4,fabiana,pca,4,2,0,hardware,46,fabiana:1014,1,1,1.2627788775345143,da7mj8rsq5js73bk50jg
fabiana_pca4,fabiana,pca,4,2,0,hardware,47,fabiana:1016,1,0,-0.3202628934619841,da7mj8rsq5js73bk50jg
fabiana_pca4,fabiana,pca,4,2,0,hardware,48,fabiana:1045,1,1,0.922800461713759,da7mj8rsq5js73bk50jg
fabiana_pca4,fabiana,pca,4,2,0,hardware,49,fabiana:31,1,1,1.0382914847995033,da7mj8rsq5js73bk50jg
fabiana_pca4,fabiana,pca,4,2,0,hardware,50,fabiana:152,1,1,0.910828395716159,da7mj8rsq5js73bk50jg
fabiana_pca4,fabiana,pca,4,2,0,hardware,51,fabiana:588,1,0,-0.5922519868649265,da7mj8rsq5js73bk50jg
fabiana_pca4,fabiana,pca,4,2,0,hardware,52,fabiana:944,1,1,1.0461909094100705,da7mj8rsq5js73bk50jg
fabiana_pca4,fabiana,pca,4,2,0,hardware,53,fabiana:123,1,1,1.1301685666279284,da7mj8rsq5js73bk50jg
fabiana_pca4,fabiana,pca,4,2,0,hardware,54,fabiana:438,1,1,1.1133049125660879,da7mj8rsq5js73bk50jg
fabiana_pca4,fabiana,pca,4,2,0,hardware,55,fabiana:1078,1,1,0.9824246002514256,da7mj8rsq5js73bk50jg
fabiana_pca4,fabiana,pca,4,2,0,hardware,56,fabiana:640,1,1,0.9513225947359534,da7mj8rsq5js73bk50jg
fabiana_pca4,fabiana,pca,4,2,0,hardware,57,fabiana:697,1,1,1.0791962845428014,da7mj8rsq5js73bk50jg
fabiana_pca4,fabiana,pca,4,2,0,hardware,58,fabiana:524,1,1,1.1107444353411529,da7mj8rsq5js73bk50jg
fabiana_pca4,fabiana,pca,4,2,0,hardware,59,fabiana:405,1,1,0.9329678676278592,da7mj8rsq5js73bk50jg
fabiana_pca4,fabiana,pca,4,2,0,hardware,60,fabiana:475,1,1,1.081873175507232,da7mj8rsq5js73bk50jg
fabiana_pca4,fabiana,pca,4,2,0,hardware,61,fabiana:538,1,1,0.8793057500468899,da7mj8rsq5js73bk50jg
fabiana_pca4,fabiana,pca,4,2,0,hardware,62,fabiana:244,1,1,0.9891605606381249,da7mj8rsq5js73bk50jg
fabiana_pca4,fabiana,pca,4,2,0,hardware,63,fabiana:298,1,1,0.915757112965525,da7mj8rsq5js73bk50jg
fabiana_pca4,fabiana,pca,4,2,0,hardware,64,fabiana:109,1,1,0.852688800714716,da7mj8rsq5js73bk50jg
fabiana_pca4,fabiana,pca,4,2,0,hardware,65,fabiana:753,1,1,0.803772690597332,da7mj8rsq5js73bk50jg
fabiana_pca4,fabiana,pca,4,2,0,hardware,66,fabiana:544,1,0,-1.3148236600133771,da7mj8rsq5js73bk50jg
fabiana_pca4,fabiana,pca,4,2,0,hardware,67,fabiana:366,1,1,1.0712055981276545,da7mj8rsq5js73bk50jg
fabiana_pca4,fabiana,pca,4,2,0,hardware,68,fabiana:344,1,1,1.0667909349174618,da7mj8rsq5js73bk50jg
fabiana_pca4,fabiana,pca,4,2,0,hardware,69,fabiana:533,1,1,0.47803709270496086,da7mj8rsq5js73bk50jg
fabiana_pca4,fabiana,pca,4,2,0,hardware,70,fabiana:22,1,1,1.0493057295747676,da7mj8rsq5js73bk50jg
fabiana_pca4,fabiana,pca,4,2,0,hardware,71,fabiana:893,1,1,1.0866478042066225,da7mj8rsq5js73bk50jg
fabiana_pca4,fabiana,pca,4,2,0,hardware,72,fabiana:1010,1,1,0.9828306912194972,da7mj8rsq5js73bk50jg
fabiana_pca4,fabiana,pca,4,2,0,hardware,73,fabiana:300,1,1,0.9204410452204029,da7mj8rsq5js73bk50jg
fabiana_pca4,fabiana,pca,4,2,0,hardware,74,fabiana:462,1,0,-0.6262625183927035,da7mj8rsq5js73bk50jg
fabiana_pca4,fabiana,pca,4,2,0,hardware,75,fabiana:763,1,1,1.0883767832087163,da7mj8rsq5js73bk50jg
fabiana_pca4,fabiana,pca,4,2,0,hardware,76,fabiana:826,1,0,-1.0470963302333878,da7mj8rsq5js73bk50jg
fabiana_pca4,fabiana,pca,4,2,0,hardware,77,fabiana:680,1,1,0.941450109936995,da7mj8rsq5js73bk50jg
fabiana_pca4,fabiana,pca,4,2,0,hardware,78,fabiana:61,1,1,1.0268243653569649,da7mj8rsq5js73bk50jg
fabiana_pca4,fabiana,pca,4,2,0,hardware,79,fabiana:456,1,1,1.0883372291104565,da7mj8rsq5js73bk50jg
ember2018_pca4,ember2018,pca,4,1,0,hardware,0,ember2018:644070,0,1,0.5060555682630397,da7mj9bsq5js73bk50kg
ember2018_pca4,ember2018,pca,4,1,0,hardware,1,ember2018:619863,0,1,0.2844632068500051,da7mj9bsq5js73bk50kg
ember2018_pca4,ember2018,pca,4,1,0,hardware,2,ember2018:540751,0,0,-0.6109319133132027,da7mj9bsq5js73bk50kg
ember2018_pca4,ember2018,pca,4,1,0,hardware,3,ember2018:569218,0,1,1.3596620152760357,da7mj9bsq5js73bk50kg
ember2018_pca4,ember2018,pca,4,1,0,hardware,4,ember2018:121008,0,0,-0.5272473475813533,da7mj9bsq5js73bk50kg
ember2018_pca4,ember2018,pca,4,1,0,hardware,5,ember2018:502584,0,1,0.5048377252538678,da7mj9bsq5js73bk50kg
ember2018_pca4,ember2018,pca,4,1,0,hardware,6,ember2018:129461,0,1,1.008915200543188,da7mj9bsq5js73bk50kg
ember2018_pca4,ember2018,pca,4,1,0,hardware,7,ember2018:504365,0,0,-0.1805282887702992,da7mj9bsq5js73bk50kg
ember2018_pca4,ember2018,pca,4,1,0,hardware,8,ember2018:7580,0,1,0.7127622258318707,da7mj9bsq5js73bk50kg
ember2018_pca4,ember2018,pca,4,1,0,hardware,9,ember2018:403791,0,0,-0.06793011919793396,da7mj9bsq5js73bk50kg
ember2018_pca4,ember2018,pca,4,1,0,hardware,10,ember2018:351049,0,1,0.8018479407948256,da7mj9bsq5js73bk50kg
ember2018_pca4,ember2018,pca,4,1,0,hardware,11,ember2018:235288,0,0,-0.1498547339283826,da7mj9bsq5js73bk50kg
ember2018_pca4,ember2018,pca,4,1,0,hardware,12,ember2018:263320,0,1,0.8484740498898231,da7mj9bsq5js73bk50kg
ember2018_pca4,ember2018,pca,4,1,0,hardware,13,ember2018:116100,0,1,0.09241277597834291,da7mj9bsq5js73bk50kg
ember2018_pca4,ember2018,pca,4,1,0,hardware,14,ember2018:576747,0,1,0.7026335578378933,da7mj9bsq5js73bk50kg
ember2018_pca4,ember2018,pca,4,1,0,hardware,15,ember2018:512301,0,0,-0.3058027655603603,da7mj9bsq5js73bk50kg
ember2018_pca4,ember2018,pca,4,1,0,hardware,16,ember2018:538171,0,0,-0.6050795621248705,da7mj9bsq5js73bk50kg
ember2018_pca4,ember2018,pca,4,1,0,hardware,17,ember2018:37245,0,1,0.6073014935431893,da7mj9bsq5js73bk50kg
ember2018_pca4,ember2018,pca,4,1,0,hardware,18,ember2018:675700,0,0,-0.2635159384509564,da7mj9bsq5js73bk50kg
ember2018_pca4,ember2018,pca,4,1,0,hardware,19,ember2018:416511,0,1,0.8142824708244134,da7mj9bsq5js73bk50kg
ember2018_pca4,ember2018,pca,4,1,0,hardware,20,ember2018:447872,0,0,-0.019795389280992726,da7mj9bsq5js73bk50kg
ember2018_pca4,ember2018,pca,4,1,0,hardware,21,ember2018:548236,0,0,-1.2938624819562292,da7mj9bsq5js73bk50kg
ember2018_pca4,ember2018,pca,4,1,0,hardware,22,ember2018:15912,0,1,0.22548627177374575,da7mj9bsq5js73bk50kg
ember2018_pca4,ember2018,pca,4,1,0,hardware,23,ember2018:8246,0,1,0.10294420913004326,da7mj9bsq5js73bk50kg
ember2018_pca4,ember2018,pca,4,1,0,hardware,24,ember2018:30775,0,0,-0.3319691551140875,da7mj9bsq5js73bk50kg
ember2018_pca4,ember2018,pca,4,1,0,hardware,25,ember2018:729310,0,1,0.5568064425976029,da7mj9bsq5js73bk50kg
ember2018_pca4,ember2018,pca,4,1,0,hardware,26,ember2018:476616,0,1,0.9049620932679647,da7mj9bsq5js73bk50kg
ember2018_pca4,ember2018,pca,4,1,0,hardware,27,ember2018:784065,0,0,-0.48610790228784956,da7mj9bsq5js73bk50kg
ember2018_pca4,ember2018,pca,4,1,0,hardware,28,ember2018:9386,0,1,0.509169980922876,da7mj9bsq5js73bk50kg
ember2018_pca4,ember2018,pca,4,1,0,hardware,29,ember2018:33124,0,1,0.13448048562931664,da7mj9bsq5js73bk50kg
ember2018_pca4,ember2018,pca,4,1,0,hardware,30,ember2018:317971,0,1,0.17827445188468755,da7mj9bsq5js73bk50kg
ember2018_pca4,ember2018,pca,4,1,0,hardware,31,ember2018:657695,0,1,0.2019452531841322,da7mj9bsq5js73bk50kg
ember2018_pca4,ember2018,pca,4,1,0,hardware,32,ember2018:595887,0,0,-0.4409422552142654,da7mj9bsq5js73bk50kg
ember2018_pca4,ember2018,pca,4,1,0,hardware,33,ember2018:154238,0,1,0.3688104425894095,da7mj9bsq5js73bk50kg
ember2018_pca4,ember2018,pca,4,1,0,hardware,34,ember2018:40813,0,0,-0.15025294398268402,da7mj9bsq5js73bk50kg
ember2018_pca4,ember2018,pca,4,1,0,hardware,35,ember2018:280284,0,0,-0.776092487206095,da7mj9bsq5js73bk50kg
ember2018_pca4,ember2018,pca,4,1,0,hardware,36,ember2018:416799,0,0,-0.3445907898554658,da7mj9bsq5js73bk50kg
ember2018_pca4,ember2018,pca,4,1,0,hardware,37,ember2018:423964,0,0,-1.0257629853552233,da7mj9bsq5js73bk50kg
ember2018_pca4,ember2018,pca,4,1,0,hardware,38,ember2018:426418,0,0,-0.6752797568542991,da7mj9bsq5js73bk50kg
ember2018_pca4,ember2018,pca,4,1,0,hardware,39,ember2018:340332,0,1,0.5331988807584755,da7mj9bsq5js73bk50kg
ember2018_pca4,ember2018,pca,4,1,0,hardware,40,ember2018:540848,1,1,0.14627510852000075,da7mj9bsq5js73bk50kg
ember2018_pca4,ember2018,pca,4,1,0,hardware,41,ember2018:452177,1,1,0.3524359004726116,da7mj9bsq5js73bk50kg
ember2018_pca4,ember2018,pca,4,1,0,hardware,42,ember2018:256520,1,1,0.436304887633376,da7mj9bsq5js73bk50kg
ember2018_pca4,ember2018,pca,4,1,0,hardware,43,ember2018:746270,1,1,1.1647212279524823,da7mj9bsq5js73bk50kg
ember2018_pca4,ember2018,pca,4,1,0,hardware,44,ember2018:745744,1,1,1.2242730648488664,da7mj9bsq5js73bk50kg
ember2018_pca4,ember2018,pca,4,1,0,hardware,45,ember2018:404338,1,1,0.7644228704244449,da7mj9bsq5js73bk50kg
ember2018_pca4,ember2018,pca,4,1,0,hardware,46,ember2018:554607,1,1,0.7087091880214138,da7mj9bsq5js73bk50kg
ember2018_pca4,ember2018,pca,4,1,0,hardware,47,ember2018:385521,1,1,0.8706655398146506,da7mj9bsq5js73bk50kg
ember2018_pca4,ember2018,pca,4,1,0,hardware,48,ember2018:133747,1,1,1.0326224530213464,da7mj9bsq5js73bk50kg
ember2018_pca4,ember2018,pca,4,1,0,hardware,49,ember2018:205960,1,0,-0.3409514120580374,da7mj9bsq5js73bk50kg
ember2018_pca4,ember2018,pca,4,1,0,hardware,50,ember2018:285038,1,1,1.1597171847747996,da7mj9bsq5js73bk50kg
ember2018_pca4,ember2018,pca,4,1,0,hardware,51,ember2018:514722,1,1,0.277476545571209,da7mj9bsq5js73bk50kg
ember2018_pca4,ember2018,pca,4,1,0,hardware,52,ember2018:59603,1,1,0.3922124380974524,da7mj9bsq5js73bk50kg
ember2018_pca4,ember2018,pca,4,1,0,hardware,53,ember2018:792653,1,1,1.3725325481193649,da7mj9bsq5js73bk50kg
ember2018_pca4,ember2018,pca,4,1,0,hardware,54,ember2018:309290,1,1,0.6231364450128629,da7mj9bsq5js73bk50kg
ember2018_pca4,ember2018,pca,4,1,0,hardware,55,ember2018:182703,1,0,-0.4336668304180466,da7mj9bsq5js73bk50kg
ember2018_pca4,ember2018,pca,4,1,0,hardware,56,ember2018:152413,1,1,0.7442080094362997,da7mj9bsq5js73bk50kg
ember2018_pca4,ember2018,pca,4,1,0,hardware,57,ember2018:307850,1,1,1.0189130558486155,da7mj9bsq5js73bk50kg
ember2018_pca4,ember2018,pca,4,1,0,hardware,58,ember2018:417751,1,1,1.124250867993247,da7mj9bsq5js73bk50kg
ember2018_pca4,ember2018,pca,4,1,0,hardware,59,ember2018:662315,1,1,0.7044516571956889,da7mj9bsq5js73bk50kg
ember2018_pca4,ember2018,pca,4,1,0,hardware,60,ember2018:267593,1,1,0.04643309736696605,da7mj9bsq5js73bk50kg
ember2018_pca4,ember2018,pca,4,1,0,hardware,61,ember2018:619943,1,1,1.0598686194909583,da7mj9bsq5js73bk50kg
ember2018_pca4,ember2018,pca,4,1,0,hardware,62,ember2018:340223,1,1,0.42266954816978125,da7mj9bsq5js73bk50kg
ember2018_pca4,ember2018,pca,4,1,0,hardware,63,ember2018:253590,1,1,0.3291292027954225,da7mj9bsq5js73bk50kg
ember2018_pca4,ember2018,pca,4,1,0,hardware,64,ember2018:97582,1,1,0.28615633237330634,da7mj9bsq5js73bk50kg
ember2018_pca4,ember2018,pca,4,1,0,hardware,65,ember2018:74212,1,1,0.8503908598360745,da7mj9bsq5js73bk50kg
ember2018_pca4,ember2018,pca,4,1,0,hardware,66,ember2018:638121,1,1,0.7416317573090683,da7mj9bsq5js73bk50kg
ember2018_pca4,ember2018,pca,4,1,0,hardware,67,ember2018:316593,1,0,-1.3988269435134477,da7mj9bsq5js73bk50kg
ember2018_pca4,ember2018,pca,4,1,0,hardware,68,ember2018:101561,1,1,0.9873468773970668,da7mj9bsq5js73bk50kg
ember2018_pca4,ember2018,pca,4,1,0,hardware,69,ember2018:775364,1,1,0.35187708638339893,da7mj9bsq5js73bk50kg
ember2018_pca4,ember2018,pca,4,1,0,hardware,70,ember2018:307600,1,1,0.48883411573837815,da7mj9bsq5js73bk50kg
ember2018_pca4,ember2018,pca,4,1,0,hardware,71,ember2018:234681,1,0,-0.04940276089403234,da7mj9bsq5js73bk50kg
ember2018_pca4,ember2018,pca,4,1,0,hardware,72,ember2018:305140,1,0,-0.0070432172829534845,da7mj9bsq5js73bk50kg
ember2018_pca4,ember2018,pca,4,1,0,hardware,73,ember2018:157220,1,1,1.010959133207951,da7mj9bsq5js73bk50kg
ember2018_pca4,ember2018,pca,4,1,0,hardware,74,ember2018:295698,1,1,1.11705959985064,da7mj9bsq5js73bk50kg
ember2018_pca4,ember2018,pca,4,1,0,hardware,75,ember2018:479324,1,0,-0.3715360628509418,da7mj9bsq5js73bk50kg
ember2018_pca4,ember2018,pca,4,1,0,hardware,76,ember2018:331793,1,1,0.13237419547148638,da7mj9bsq5js73bk50kg
ember2018_pca4,ember2018,pca,4,1,0,hardware,77,ember2018:516244,1,1,0.282200803477269,da7mj9bsq5js73bk50kg
ember2018_pca4,ember2018,pca,4,1,0,hardware,78,ember2018:538196,1,1,1.0629118091699474,da7mj9bsq5js73bk50kg
ember2018_pca4,ember2018,pca,4,1,0,hardware,79,ember2018:223995,1,0,-0.29511108587533136,da7mj9bsq5js73bk50kg
cic_pca4,cic,pca,4,2,0,hardware,0,ARM:149599,0,0,-0.8660008598799349,da7mj9u0ukec7383g060
cic_pca4,cic,pca,4,2,0,hardware,1,ARM:218248,0,0,-0.40494433110694344,da7mj9u0ukec7383g060
cic_pca4,cic,pca,4,2,0,hardware,2,ARM:39778,0,0,-0.8861302745927127,da7mj9u0ukec7383g060
cic_pca4,cic,pca,4,2,0,hardware,3,ARM:103327,0,0,-0.17344144220697216,da7mj9u0ukec7383g060
cic_pca4,cic,pca,4,2,0,hardware,4,ARM:217150,0,0,-0.9586872570435925,da7mj9u0ukec7383g060
cic_pca4,cic,pca,4,2,0,hardware,5,ARM:217970,0,1,0.6311824597195352,da7mj9u0ukec7383g060
cic_pca4,cic,pca,4,2,0,hardware,6,ARM:44535,0,0,-0.8633058271722815,da7mj9u0ukec7383g060
cic_pca4,cic,pca,4,2,0,hardware,7,ARM:123274,0,0,-1.047607467131453,da7mj9u0ukec7383g060
cic_pca4,cic,pca,4,2,0,hardware,8,ARM:135757,0,0,-0.8350655358221017,da7mj9u0ukec7383g060
cic_pca4,cic,pca,4,2,0,hardware,9,ARM:133851,0,0,-1.0972445247028082,da7mj9u0ukec7383g060
cic_pca4,cic,pca,4,2,0,hardware,10,MIPS:108958,0,0,-1.1502043880519373,da7mj9u0ukec7383g060
cic_pca4,cic,pca,4,2,0,hardware,11,MIPS:88579,0,0,-1.1020544478817675,da7mj9u0ukec7383g060
cic_pca4,cic,pca,4,2,0,hardware,12,MIPS:57867,0,0,-1.0598775661194453,da7mj9u0ukec7383g060
cic_pca4,cic,pca,4,2,0,hardware,13,MIPS:168002,0,0,-1.0077319935813014,da7mj9u0ukec7383g060
cic_pca4,cic,pca,4,2,0,hardware,14,MIPS:213771,0,1,0.9168550107528468,da7mj9u0ukec7383g060
cic_pca4,cic,pca,4,2,0,hardware,15,MIPS:91932,0,1,0.504997877220741,da7mj9u0ukec7383g060
cic_pca4,cic,pca,4,2,0,hardware,16,MIPS:205244,0,1,0.34732638439957153,da7mj9u0ukec7383g060
cic_pca4,cic,pca,4,2,0,hardware,17,MIPS:198964,0,0,-0.06194639685353859,da7mj9u0ukec7383g060
cic_pca4,cic,pca,4,2,0,hardware,18,MIPS:80312,0,0,-1.1139868548009546,da7mj9u0ukec7383g060
cic_pca4,cic,pca,4,2,0,hardware,19,MIPS:176507,0,1,0.9179781870489523,da7mj9u0ukec7383g060
cic_pca4,cic,pca,4,2,0,hardware,20,MIPSEL:221237,0,0,-1.1350709938750068,da7mj9u0ukec7383g060
cic_pca4,cic,pca,4,2,0,hardware,21,MIPSEL:207150,0,0,-1.215588390504636,da7mj9u0ukec7383g060
cic_pca4,cic,pca,4,2,0,hardware,22,MIPSEL:129775,0,0,-0.3099576010773754,da7mj9u0ukec7383g060
cic_pca4,cic,pca,4,2,0,hardware,23,MIPSEL:239257,0,0,-1.1430734120369184,da7mj9u0ukec7383g060
cic_pca4,cic,pca,4,2,0,hardware,24,MIPSEL:1772,0,1,0.48198185348973865,da7mj9u0ukec7383g060
cic_pca4,cic,pca,4,2,0,hardware,25,MIPSEL:183815,0,0,-1.1027176976820157,da7mj9u0ukec7383g060
cic_pca4,cic,pca,4,2,0,hardware,26,MIPSEL:80849,0,0,-0.8178019553175071,da7mj9u0ukec7383g060
cic_pca4,cic,pca,4,2,0,hardware,27,MIPSEL:170223,0,0,-0.801523139843235,da7mj9u0ukec7383g060
cic_pca4,cic,pca,4,2,0,hardware,28,MIPSEL:175013,0,0,-1.1729825315551285,da7mj9u0ukec7383g060
cic_pca4,cic,pca,4,2,0,hardware,29,MIPSEL:188355,0,0,-0.6958266890995584,da7mj9u0ukec7383g060
cic_pca4,cic,pca,4,2,0,hardware,30,x86:104520,0,0,-1.3964319448239166,da7mj9u0ukec7383g060
cic_pca4,cic,pca,4,2,0,hardware,31,x86:1403,0,0,-1.2492670751105046,da7mj9u0ukec7383g060
cic_pca4,cic,pca,4,2,0,hardware,32,x86:242449,0,1,0.20653218590613232,da7mj9u0ukec7383g060
cic_pca4,cic,pca,4,2,0,hardware,33,x86:110149,0,0,-1.2714679438673058,da7mj9u0ukec7383g060
cic_pca4,cic,pca,4,2,0,hardware,34,x86:234374,0,0,-0.16139871786026283,da7mj9u0ukec7383g060
cic_pca4,cic,pca,4,2,0,hardware,35,x86:283681,0,1,0.1230323469657042,da7mj9u0ukec7383g060
cic_pca4,cic,pca,4,2,0,hardware,36,x86:47615,0,0,-0.9189432473050625,da7mj9u0ukec7383g060
cic_pca4,cic,pca,4,2,0,hardware,37,x86:269301,0,1,0.29535585227749844,da7mj9u0ukec7383g060
cic_pca4,cic,pca,4,2,0,hardware,38,x86:275701,0,0,-1.1301820225353763,da7mj9u0ukec7383g060
cic_pca4,cic,pca,4,2,0,hardware,39,x86:43789,0,0,-1.3681739489318048,da7mj9u0ukec7383g060
cic_pca4,cic,pca,4,2,0,hardware,40,ARM:351875,1,0,-1.0007438910796922,da7mj9u0ukec7383g060
cic_pca4,cic,pca,4,2,0,hardware,41,ARM:490964,1,0,-1.012252101571482,da7mj9u0ukec7383g060
cic_pca4,cic,pca,4,2,0,hardware,42,ARM:639821,1,1,1.069271938637085,da7mj9u0ukec7383g060
cic_pca4,cic,pca,4,2,0,hardware,43,ARM:465690,1,1,0.899526571139325,da7mj9u0ukec7383g060
cic_pca4,cic,pca,4,2,0,hardware,44,ARM:545331,1,1,0.47945699804880115,da7mj9u0ukec7383g060
cic_pca4,cic,pca,4,2,0,hardware,45,ARM:236702,1,1,0.3664845440003497,da7mj9u0ukec7383g060
cic_pca4,cic,pca,4,2,0,hardware,46,ARM:529279,1,1,0.9802974758750982,da7mj9u0ukec7383g060
cic_pca4,cic,pca,4,2,0,hardware,47,ARM:623571,1,1,1.4540538172357462,da7mj9u0ukec7383g060
cic_pca4,cic,pca,4,2,0,hardware,48,ARM:577874,1,0,-0.8082397137890867,da7mj9u0ukec7383g060
cic_pca4,cic,pca,4,2,0,hardware,49,ARM:586094,1,1,1.39314911786343,da7mj9u0ukec7383g060
cic_pca4,cic,pca,4,2,0,hardware,50,MIPS:408236,1,1,0.8087109120249396,da7mj9u0ukec7383g060
cic_pca4,cic,pca,4,2,0,hardware,51,MIPS:404681,1,0,-0.028445489314209815,da7mj9u0ukec7383g060
cic_pca4,cic,pca,4,2,0,hardware,52,MIPS:369025,1,1,0.4475952009126595,da7mj9u0ukec7383g060
cic_pca4,cic,pca,4,2,0,hardware,53,MIPS:358976,1,1,0.9442587154163022,da7mj9u0ukec7383g060
cic_pca4,cic,pca,4,2,0,hardware,54,MIPS:393250,1,0,-0.7613443656467855,da7mj9u0ukec7383g060
cic_pca4,cic,pca,4,2,0,hardware,55,MIPS:303152,1,1,1.1625319832110215,da7mj9u0ukec7383g060
cic_pca4,cic,pca,4,2,0,hardware,56,MIPS:317959,1,1,0.2925701564573092,da7mj9u0ukec7383g060
cic_pca4,cic,pca,4,2,0,hardware,57,MIPS:418293,1,1,0.650431851093616,da7mj9u0ukec7383g060
cic_pca4,cic,pca,4,2,0,hardware,58,MIPS:277139,1,1,1.1071102270017477,da7mj9u0ukec7383g060
cic_pca4,cic,pca,4,2,0,hardware,59,MIPS:280557,1,1,0.9658395089029759,da7mj9u0ukec7383g060
cic_pca4,cic,pca,4,2,0,hardware,60,MIPSEL:338846,1,0,-1.1066354430601388,da7mj9u0ukec7383g060
cic_pca4,cic,pca,4,2,0,hardware,61,MIPSEL:432527,1,1,0.9265337325274072,da7mj9u0ukec7383g060
cic_pca4,cic,pca,4,2,0,hardware,62,MIPSEL:258708,1,1,0.2779769621938178,da7mj9u0ukec7383g060
cic_pca4,cic,pca,4,2,0,hardware,63,MIPSEL:433648,1,1,0.3305248717698602,da7mj9u0ukec7383g060
cic_pca4,cic,pca,4,2,0,hardware,64,MIPSEL:276511,1,0,-0.8582664747517355,da7mj9u0ukec7383g060
cic_pca4,cic,pca,4,2,0,hardware,65,MIPSEL:282981,1,1,0.24673845071522194,da7mj9u0ukec7383g060
cic_pca4,cic,pca,4,2,0,hardware,66,MIPSEL:321355,1,1,0.7517148630581955,da7mj9u0ukec7383g060
cic_pca4,cic,pca,4,2,0,hardware,67,MIPSEL:296347,1,1,0.34112786881288243,da7mj9u0ukec7383g060
cic_pca4,cic,pca,4,2,0,hardware,68,MIPSEL:457719,1,1,0.349147911181972,da7mj9u0ukec7383g060
cic_pca4,cic,pca,4,2,0,hardware,69,MIPSEL:285436,1,1,0.5634102542977075,da7mj9u0ukec7383g060
cic_pca4,cic,pca,4,2,0,hardware,70,x86:459134,1,0,-1.2811441704608757,da7mj9u0ukec7383g060
cic_pca4,cic,pca,4,2,0,hardware,71,x86:387725,1,1,0.7402125797754582,da7mj9u0ukec7383g060
cic_pca4,cic,pca,4,2,0,hardware,72,x86:479702,1,1,0.8381627677999486,da7mj9u0ukec7383g060
cic_pca4,cic,pca,4,2,0,hardware,73,x86:311891,1,1,0.13027817948339812,da7mj9u0ukec7383g060
cic_pca4,cic,pca,4,2,0,hardware,74,x86:368526,1,1,0.8045183438733363,da7mj9u0ukec7383g060
cic_pca4,cic,pca,4,2,0,hardware,75,x86:417078,1,0,-0.16759154901552992,da7mj9u0ukec7383g060
cic_pca4,cic,pca,4,2,0,hardware,76,x86:471066,1,1,0.5476676957822775,da7mj9u0ukec7383g060
cic_pca4,cic,pca,4,2,0,hardware,77,x86:517565,1,0,-1.1963961866539228,da7mj9u0ukec7383g060
cic_pca4,cic,pca,4,2,0,hardware,78,x86:310303,1,0,-0.3652819279007021,da7mj9u0ukec7383g060
cic_pca4,cic,pca,4,2,0,hardware,79,x86:372805,1,1,1.100977170373634,da7mj9u0ukec7383g060
clamp_native10,clamp,native,10,2,0,hardware,0,clamp:1919,0,0,-0.9494958252438459,da7mja6sidac73afi320
clamp_native10,clamp,native,10,2,0,hardware,1,clamp:1226,0,0,-1.1934188080314285,da7mja6sidac73afi320
clamp_native10,clamp,native,10,2,0,hardware,2,clamp:2139,0,0,-0.5447844119646776,da7mja6sidac73afi320
clamp_native10,clamp,native,10,2,0,hardware,3,clamp:1685,0,0,-0.7719368088834121,da7mja6sidac73afi320
clamp_native10,clamp,native,10,2,0,hardware,4,clamp:2261,0,0,-0.48288818253166543,da7mja6sidac73afi320
clamp_native10,clamp,native,10,2,0,hardware,5,clamp:2479,0,0,-1.187625622020778,da7mja6sidac73afi320
clamp_native10,clamp,native,10,2,0,hardware,6,clamp:2288,0,1,0.7568597302918872,da7mja6sidac73afi320
clamp_native10,clamp,native,10,2,0,hardware,7,clamp:783,0,0,-0.46632425450898274,da7mja6sidac73afi320
clamp_native10,clamp,native,10,2,0,hardware,8,clamp:1503,0,0,-0.8092386674199721,da7mja6sidac73afi320
clamp_native10,clamp,native,10,2,0,hardware,9,clamp:1324,0,0,-0.30375260269488835,da7mja6sidac73afi320
clamp_native10,clamp,native,10,2,0,hardware,10,clamp:1196,0,0,-0.1983052346026833,da7mja6sidac73afi320
clamp_native10,clamp,native,10,2,0,hardware,11,clamp:147,0,0,-0.9273169394797247,da7mja6sidac73afi320
clamp_native10,clamp,native,10,2,0,hardware,12,clamp:2029,0,0,-0.8557093710883164,da7mja6sidac73afi320
clamp_native10,clamp,native,10,2,0,hardware,13,clamp:1133,0,0,-0.2727518273425502,da7mja6sidac73afi320
clamp_native10,clamp,native,10,2,0,hardware,14,clamp:812,0,1,0.4956935875091969,da7mja6sidac73afi320
clamp_native10,clamp,native,10,2,0,hardware,15,clamp:1820,0,0,-0.27502930225754724,da7mja6sidac73afi320
clamp_native10,clamp,native,10,2,0,hardware,16,clamp:313,0,0,-0.629691903762718,da7mja6sidac73afi320
clamp_native10,clamp,native,10,2,0,hardware,17,clamp:1358,0,0,-0.6907780225745462,da7mja6sidac73afi320
clamp_native10,clamp,native,10,2,0,hardware,18,clamp:1436,0,0,-0.6509163781289814,da7mja6sidac73afi320
clamp_native10,clamp,native,10,2,0,hardware,19,clamp:2326,0,0,-0.23505631503754487,da7mja6sidac73afi320
clamp_native10,clamp,native,10,2,0,hardware,20,clamp:1390,0,0,-0.5298909810928816,da7mja6sidac73afi320
clamp_native10,clamp,native,10,2,0,hardware,21,clamp:473,0,0,-0.511794380175405,da7mja6sidac73afi320
clamp_native10,clamp,native,10,2,0,hardware,22,clamp:2473,0,0,-0.6319659740665585,da7mja6sidac73afi320
clamp_native10,clamp,native,10,2,0,hardware,23,clamp:377,0,0,-0.20654370301730263,da7mja6sidac73afi320
clamp_native10,clamp,native,10,2,0,hardware,24,clamp:2303,0,1,0.17036869767391563,da7mja6sidac73afi320
clamp_native10,clamp,native,10,2,0,hardware,25,clamp:1962,0,0,-1.1280973291853587,da7mja6sidac73afi320
clamp_native10,clamp,native,10,2,0,hardware,26,clamp:2371,0,0,-0.25567087301447666,da7mja6sidac73afi320
clamp_native10,clamp,native,10,2,0,hardware,27,clamp:2289,0,0,-0.11571816736732515,da7mja6sidac73afi320
clamp_native10,clamp,native,10,2,0,hardware,28,clamp:565,0,0,-0.1616178674829177,da7mja6sidac73afi320
clamp_native10,clamp,native,10,2,0,hardware,29,clamp:993,0,0,-0.3862659191453456,da7mja6sidac73afi320
clamp_native10,clamp,native,10,2,0,hardware,30,clamp:2110,0,0,-0.11161101917573905,da7mja6sidac73afi320
clamp_native10,clamp,native,10,2,0,hardware,31,clamp:628,0,0,-0.5200895756096983,da7mja6sidac73afi320
clamp_native10,clamp,native,10,2,0,hardware,32,clamp:1205,0,0,-0.6037298309257516,da7mja6sidac73afi320
clamp_native10,clamp,native,10,2,0,hardware,33,clamp:949,0,0,-0.6244583662677315,da7mja6sidac73afi320
clamp_native10,clamp,native,10,2,0,hardware,34,clamp:1305,0,0,-0.16787583861495262,da7mja6sidac73afi320
clamp_native10,clamp,native,10,2,0,hardware,35,clamp:1007,0,1,0.49609942986810285,da7mja6sidac73afi320
clamp_native10,clamp,native,10,2,0,hardware,36,clamp:682,0,0,-0.12871997798467422,da7mja6sidac73afi320
clamp_native10,clamp,native,10,2,0,hardware,37,clamp:1306,0,0,-0.5732222115799194,da7mja6sidac73afi320
clamp_native10,clamp,native,10,2,0,hardware,38,clamp:1167,0,0,-0.26834826920705146,da7mja6sidac73afi320
clamp_native10,clamp,native,10,2,0,hardware,39,clamp:1976,0,0,-0.11056425295537199,da7mja6sidac73afi320
clamp_native10,clamp,native,10,2,0,hardware,40,clamp:2991,1,1,0.02667625619313102,da7mja6sidac73afi320
clamp_native10,clamp,native,10,2,0,hardware,41,clamp:2689,1,1,0.028310916387503382,da7mja6sidac73afi320
clamp_native10,clamp,native,10,2,0,hardware,42,clamp:3406,1,1,0.9151739004648916,da7mja6sidac73afi320
clamp_native10,clamp,native,10,2,0,hardware,43,clamp:2590,1,1,0.30509476028154403,da7mja6sidac73afi320
clamp_native10,clamp,native,10,2,0,hardware,44,clamp:4971,1,1,0.5406379417678715,da7mja6sidac73afi320
clamp_native10,clamp,native,10,2,0,hardware,45,clamp:3117,1,1,0.18694694559433503,da7mja6sidac73afi320
clamp_native10,clamp,native,10,2,0,hardware,46,clamp:4736,1,1,0.718335199145862,da7mja6sidac73afi320
clamp_native10,clamp,native,10,2,0,hardware,47,clamp:3201,1,1,0.23469039986676696,da7mja6sidac73afi320
clamp_native10,clamp,native,10,2,0,hardware,48,clamp:2732,1,1,0.09482748567904484,da7mja6sidac73afi320
clamp_native10,clamp,native,10,2,0,hardware,49,clamp:2652,1,0,-0.15862470297160816,da7mja6sidac73afi320
clamp_native10,clamp,native,10,2,0,hardware,50,clamp:4072,1,1,0.0017948990677927879,da7mja6sidac73afi320
clamp_native10,clamp,native,10,2,0,hardware,51,clamp:4932,1,1,0.8140683345468128,da7mja6sidac73afi320
clamp_native10,clamp,native,10,2,0,hardware,52,clamp:3120,1,1,0.07459155472151052,da7mja6sidac73afi320
clamp_native10,clamp,native,10,2,0,hardware,53,clamp:2905,1,0,-0.14874633152382724,da7mja6sidac73afi320
clamp_native10,clamp,native,10,2,0,hardware,54,clamp:5130,1,1,0.47487606001733695,da7mja6sidac73afi320
clamp_native10,clamp,native,10,2,0,hardware,55,clamp:4303,1,1,0.31572073934244416,da7mja6sidac73afi320
clamp_native10,clamp,native,10,2,0,hardware,56,clamp:4231,1,1,0.9719006190225279,da7mja6sidac73afi320
clamp_native10,clamp,native,10,2,0,hardware,57,clamp:3847,1,1,0.7932113677268694,da7mja6sidac73afi320
clamp_native10,clamp,native,10,2,0,hardware,58,clamp:3294,1,1,0.7604342145986068,da7mja6sidac73afi320
clamp_native10,clamp,native,10,2,0,hardware,59,clamp:5046,1,1,0.11902531954260795,da7mja6sidac73afi320
clamp_native10,clamp,native,10,2,0,hardware,60,clamp:2548,1,1,0.3420142718969825,da7mja6sidac73afi320
clamp_native10,clamp,native,10,2,0,hardware,61,clamp:5033,1,0,-0.1466303843564697,da7mja6sidac73afi320
clamp_native10,clamp,native,10,2,0,hardware,62,clamp:2879,1,1,0.914435686852441,da7mja6sidac73afi320
clamp_native10,clamp,native,10,2,0,hardware,63,clamp:3647,1,1,0.43101973460064835,da7mja6sidac73afi320
clamp_native10,clamp,native,10,2,0,hardware,64,clamp:3575,1,0,-1.0196128962786772,da7mja6sidac73afi320
clamp_native10,clamp,native,10,2,0,hardware,65,clamp:4297,1,0,-0.025633766634104577,da7mja6sidac73afi320
clamp_native10,clamp,native,10,2,0,hardware,66,clamp:4628,1,1,0.17655392042667542,da7mja6sidac73afi320
clamp_native10,clamp,native,10,2,0,hardware,67,clamp:3621,1,1,0.26153935413564433,da7mja6sidac73afi320
clamp_native10,clamp,native,10,2,0,hardware,68,clamp:5136,1,1,0.23865840562235938,da7mja6sidac73afi320
clamp_native10,clamp,native,10,2,0,hardware,69,clamp:4556,1,1,0.07134563345406292,da7mja6sidac73afi320
clamp_native10,clamp,native,10,2,0,hardware,70,clamp:4535,1,1,0.906581397918619,da7mja6sidac73afi320
clamp_native10,clamp,native,10,2,0,hardware,71,clamp:2956,1,1,0.5668882329793347,da7mja6sidac73afi320
clamp_native10,clamp,native,10,2,0,hardware,72,clamp:2685,1,1,0.2707201242391585,da7mja6sidac73afi320
clamp_native10,clamp,native,10,2,0,hardware,73,clamp:3300,1,1,0.5358460784184349,da7mja6sidac73afi320
clamp_native10,clamp,native,10,2,0,hardware,74,clamp:2856,1,0,-0.3165393034116061,da7mja6sidac73afi320
clamp_native10,clamp,native,10,2,0,hardware,75,clamp:2782,1,0,-0.2325863875210738,da7mja6sidac73afi320
clamp_native10,clamp,native,10,2,0,hardware,76,clamp:4877,1,1,0.0562201199802935,da7mja6sidac73afi320
clamp_native10,clamp,native,10,2,0,hardware,77,clamp:2749,1,0,-0.4484488274300349,da7mja6sidac73afi320
clamp_native10,clamp,native,10,2,0,hardware,78,clamp:3653,1,1,0.7852549753062155,da7mja6sidac73afi320
clamp_native10,clamp,native,10,2,0,hardware,79,clamp:4010,1,1,0.27523510979727395,da7mja6sidac73afi320
clamp_native10,clamp,native,10,0,1,hardware,0,clamp:240,0,0,-0.2586377976253138,da7mjajsq5js73bk50mg
clamp_native10,clamp,native,10,0,1,hardware,1,clamp:369,0,1,0.7150562768537037,da7mjajsq5js73bk50mg
clamp_native10,clamp,native,10,0,1,hardware,2,clamp:719,0,0,-0.37396500389728765,da7mjajsq5js73bk50mg
clamp_native10,clamp,native,10,0,1,hardware,3,clamp:1336,0,0,-0.7768904147384432,da7mjajsq5js73bk50mg
clamp_native10,clamp,native,10,0,1,hardware,4,clamp:1605,0,0,-0.6987867087225886,da7mjajsq5js73bk50mg
clamp_native10,clamp,native,10,0,1,hardware,5,clamp:1417,0,0,-0.37944916782966864,da7mjajsq5js73bk50mg
clamp_native10,clamp,native,10,0,1,hardware,6,clamp:2339,0,0,-0.2784568492778543,da7mjajsq5js73bk50mg
clamp_native10,clamp,native,10,0,1,hardware,7,clamp:2379,0,0,-0.2756074062107218,da7mjajsq5js73bk50mg
clamp_native10,clamp,native,10,0,1,hardware,8,clamp:102,0,0,-0.7414573429583062,da7mjajsq5js73bk50mg
clamp_native10,clamp,native,10,0,1,hardware,9,clamp:1859,0,0,-0.5445403866285633,da7mjajsq5js73bk50mg
clamp_native10,clamp,native,10,0,1,hardware,10,clamp:1158,0,0,-0.7064105400446167,da7mjajsq5js73bk50mg
clamp_native10,clamp,native,10,0,1,hardware,11,clamp:1610,0,0,-1.050593458689615,da7mjajsq5js73bk50mg
clamp_native10,clamp,native,10,0,1,hardware,12,clamp:862,0,0,-0.42674679034280605,da7mjajsq5js73bk50mg
clamp_native10,clamp,native,10,0,1,hardware,13,clamp:607,0,0,-0.4173905888534983,da7mjajsq5js73bk50mg
clamp_native10,clamp,native,10,0,1,hardware,14,clamp:139,0,0,-0.28762734820480057,da7mjajsq5js73bk50mg
clamp_native10,clamp,native,10,0,1,hardware,15,clamp:1856,0,0,-0.37766366001470175,da7mjajsq5js73bk50mg
clamp_native10,clamp,native,10,0,1,hardware,16,clamp:2028,0,0,-0.26648797054979895,da7mjajsq5js73bk50mg
clamp_native10,clamp,native,10,0,1,hardware,17,clamp:1312,0,0,-0.5209694574865716,da7mjajsq5js73bk50mg
clamp_native10,clamp,native,10,0,1,hardware,18,clamp:950,0,0,-0.19823482401760556,da7mjajsq5js73bk50mg
clamp_native10,clamp,native,10,0,1,hardware,19,clamp:1568,0,0,-0.6462689806175883,da7mjajsq5js73bk50mg
clamp_native10,clamp,native,10,0,1,hardware,20,clamp:922,0,1,0.22672242088596947,da7mjajsq5js73bk50mg
clamp_native10,clamp,native,10,0,1,hardware,21,clamp:958,0,0,-0.38466901717901286,da7mjajsq5js73bk50mg
clamp_native10,clamp,native,10,0,1,hardware,22,clamp:2073,0,0,-0.27192328690155537,da7mjajsq5js73bk50mg
clamp_native10,clamp,native,10,0,1,hardware,23,clamp:109,0,1,0.35139732466818596,da7mjajsq5js73bk50mg
clamp_native10,clamp,native,10,0,1,hardware,24,clamp:1291,0,0,-0.6241423338146082,da7mjajsq5js73bk50mg
clamp_native10,clamp,native,10,0,1,hardware,25,clamp:1197,0,0,-0.4870140099696031,da7mjajsq5js73bk50mg
clamp_native10,clamp,native,10,0,1,hardware,26,clamp:2459,0,0,-0.6970060376004402,da7mjajsq5js73bk50mg
clamp_native10,clamp,native,10,0,1,hardware,27,clamp:1683,0,1,0.31900161703605734,da7mjajsq5js73bk50mg
clamp_native10,clamp,native,10,0,1,hardware,28,clamp:320,0,0,-0.18355169346742228,da7mjajsq5js73bk50mg
clamp_native10,clamp,native,10,0,1,hardware,29,clamp:927,0,0,-0.46505411493796767,da7mjajsq5js73bk50mg
clamp_native10,clamp,native,10,0,1,hardware,30,clamp:1424,0,0,-0.33311271157232375,da7mjajsq5js73bk50mg
clamp_native10,clamp,native,10,0,1,hardware,31,clamp:1832,0,0,-1.1863320356957627,da7mjajsq5js73bk50mg
clamp_native10,clamp,native,10,0,1,hardware,32,clamp:1796,0,0,-0.5313335858623053,da7mjajsq5js73bk50mg
clamp_native10,clamp,native,10,0,1,hardware,33,clamp:1154,0,0,-0.4135025233343033,da7mjajsq5js73bk50mg
clamp_native10,clamp,native,10,0,1,hardware,34,clamp:744,0,0,-0.5008115358737157,da7mjajsq5js73bk50mg
clamp_native10,clamp,native,10,0,1,hardware,35,clamp:759,0,0,-0.4431746663872529,da7mjajsq5js73bk50mg
clamp_native10,clamp,native,10,0,1,hardware,36,clamp:1082,0,0,-0.6451124247202181,da7mjajsq5js73bk50mg
clamp_native10,clamp,native,10,0,1,hardware,37,clamp:1936,0,0,-0.18129818930709116,da7mjajsq5js73bk50mg
clamp_native10,clamp,native,10,0,1,hardware,38,clamp:834,0,0,-0.6060247927356169,da7mjajsq5js73bk50mg
clamp_native10,clamp,native,10,0,1,hardware,39,clamp:360,0,0,-0.5723337764336546,da7mjajsq5js73bk50mg
clamp_native10,clamp,native,10,0,1,hardware,40,clamp:3556,1,1,0.13659378745647785,da7mjajsq5js73bk50mg
clamp_native10,clamp,native,10,0,1,hardware,41,clamp:3741,1,1,0.729989425521127,da7mjajsq5js73bk50mg
clamp_native10,clamp,native,10,0,1,hardware,42,clamp:3085,1,1,1.0636456641781111,da7mjajsq5js73bk50mg
clamp_native10,clamp,native,10,0,1,hardware,43,clamp:4967,1,1,0.6145921195241139,da7mjajsq5js73bk50mg
clamp_native10,clamp,native,10,0,1,hardware,44,clamp:5000,1,1,1.2135673966406686,da7mjajsq5js73bk50mg
clamp_native10,clamp,native,10,0,1,hardware,45,clamp:3359,1,0,-0.6164298872458525,da7mjajsq5js73bk50mg
clamp_native10,clamp,native,10,0,1,hardware,46,clamp:3832,1,1,0.3894482829971414,da7mjajsq5js73bk50mg
clamp_native10,clamp,native,10,0,1,hardware,47,clamp:2609,1,0,-0.04094859951103022,da7mjajsq5js73bk50mg
clamp_native10,clamp,native,10,0,1,hardware,48,clamp:3804,1,1,0.8136543594854896,da7mjajsq5js73bk50mg
clamp_native10,clamp,native,10,0,1,hardware,49,clamp:4549,1,0,-0.46562848962184944,da7mjajsq5js73bk50mg
clamp_native10,clamp,native,10,0,1,hardware,50,clamp:2965,1,1,0.4966637892835585,da7mjajsq5js73bk50mg
clamp_native10,clamp,native,10,0,1,hardware,51,clamp:4655,1,0,-0.08305302465819103,da7mjajsq5js73bk50mg
clamp_native10,clamp,native,10,0,1,hardware,52,clamp:3567,1,1,1.1017237425906854,da7mjajsq5js73bk50mg
clamp_native10,clamp,native,10,0,1,hardware,53,clamp:2683,1,1,0.03322045647097785,da7mjajsq5js73bk50mg
clamp_native10,clamp,native,10,0,1,hardware,54,clamp:3472,1,1,0.07104046914081982,da7mjajsq5js73bk50mg
clamp_native10,clamp,native,10,0,1,hardware,55,clamp:3277,1,0,-0.3178926250640896,da7mjajsq5js73bk50mg
clamp_native10,clamp,native,10,0,1,hardware,56,clamp:3562,1,1,1.0392054180321408,da7mjajsq5js73bk50mg
clamp_native10,clamp,native,10,0,1,hardware,57,clamp:4226,1,1,0.38741627457430616,da7mjajsq5js73bk50mg
clamp_native10,clamp,native,10,0,1,hardware,58,clamp:2539,1,1,1.2093216962415825,da7mjajsq5js73bk50mg
clamp_native10,clamp,native,10,0,1,hardware,59,clamp:5043,1,1,0.5917980941444211,da7mjajsq5js73bk50mg
clamp_native10,clamp,native,10,0,1,hardware,60,clamp:3041,1,1,0.18834340783043454,da7mjajsq5js73bk50mg
clamp_native10,clamp,native,10,0,1,hardware,61,clamp:2790,1,0,-0.021180930898238692,da7mjajsq5js73bk50mg
clamp_native10,clamp,native,10,0,1,hardware,62,clamp:4513,1,1,1.1980129822783188,da7mjajsq5js73bk50mg
clamp_native10,clamp,native,10,0,1,hardware,63,clamp:2800,1,1,1.1720718962354344,da7mjajsq5js73bk50mg
clamp_native10,clamp,native,10,0,1,hardware,64,clamp:4086,1,1,0.5271771126278607,da7mjajsq5js73bk50mg
clamp_native10,clamp,native,10,0,1,hardware,65,clamp:3323,1,1,1.0477983816488858,da7mjajsq5js73bk50mg
clamp_native10,clamp,native,10,0,1,hardware,66,clamp:4083,1,1,0.01479352932072292,da7mjajsq5js73bk50mg
clamp_native10,clamp,native,10,0,1,hardware,67,clamp:3502,1,1,0.06552341095840061,da7mjajsq5js73bk50mg
clamp_native10,clamp,native,10,0,1,hardware,68,clamp:2942,1,1,1.154066459179367,da7mjajsq5js73bk50mg
clamp_native10,clamp,native,10,0,1,hardware,69,clamp:2736,1,1,0.44442438953957675,da7mjajsq5js73bk50mg
clamp_native10,clamp,native,10,0,1,hardware,70,clamp:3934,1,0,-0.16995406085575182,da7mjajsq5js73bk50mg
clamp_native10,clamp,native,10,0,1,hardware,71,clamp:3604,1,0,-0.1400151808851004,da7mjajsq5js73bk50mg
clamp_native10,clamp,native,10,0,1,hardware,72,clamp:3106,1,1,0.8246464935121894,da7mjajsq5js73bk50mg
clamp_native10,clamp,native,10,0,1,hardware,73,clamp:2810,1,1,0.7983512974486445,da7mjajsq5js73bk50mg
clamp_native10,clamp,native,10,0,1,hardware,74,clamp:4020,1,1,0.38291566662904386,da7mjajsq5js73bk50mg
clamp_native10,clamp,native,10,0,1,hardware,75,clamp:3687,1,0,-0.14461943500626467,da7mjajsq5js73bk50mg
clamp_native10,clamp,native,10,0,1,hardware,76,clamp:4062,1,1,0.888116994367773,da7mjajsq5js73bk50mg
clamp_native10,clamp,native,10,0,1,hardware,77,clamp:3438,1,1,1.1157487811893938,da7mjajsq5js73bk50mg
clamp_native10,clamp,native,10,0,1,hardware,78,clamp:3533,1,1,0.16453392584370116,da7mjajsq5js73bk50mg
clamp_native10,clamp,native,10,0,1,hardware,79,clamp:4210,1,1,1.0266683622087942,da7mjajsq5js73bk50mg
clamp_pca4,clamp,pca,4,0,1,hardware,0,clamp:240,0,0,-0.14440923675390804,da7mjb60ukec7383g08g
clamp_pca4,clamp,pca,4,0,1,hardware,1,clamp:369,0,1,1.4109177656637633,da7mjb60ukec7383g08g
clamp_pca4,clamp,pca,4,0,1,hardware,2,clamp:719,0,0,-0.3148006208542213,da7mjb60ukec7383g08g
clamp_pca4,clamp,pca,4,0,1,hardware,3,clamp:1336,0,0,-0.6133897950093936,da7mjb60ukec7383g08g
clamp_pca4,clamp,pca,4,0,1,hardware,4,clamp:1605,0,0,-1.0417849572432165,da7mjb60ukec7383g08g
clamp_pca4,clamp,pca,4,0,1,hardware,5,clamp:1417,0,0,-1.1901505854930559,da7mjb60ukec7383g08g
clamp_pca4,clamp,pca,4,0,1,hardware,6,clamp:2339,0,0,-1.733355503971325,da7mjb60ukec7383g08g
clamp_pca4,clamp,pca,4,0,1,hardware,7,clamp:2379,0,0,-0.8256505850232196,da7mjb60ukec7383g08g
clamp_pca4,clamp,pca,4,0,1,hardware,8,clamp:102,0,0,-0.32719906014245836,da7mjb60ukec7383g08g
clamp_pca4,clamp,pca,4,0,1,hardware,9,clamp:1859,0,0,-1.3789632783371193,da7mjb60ukec7383g08g
clamp_pca4,clamp,pca,4,0,1,hardware,10,clamp:1158,0,0,-0.8127260280233424,da7mjb60ukec7383g08g
clamp_pca4,clamp,pca,4,0,1,hardware,11,clamp:1610,0,0,-0.9997793360968865,da7mjb60ukec7383g08g
clamp_pca4,clamp,pca,4,0,1,hardware,12,clamp:862,0,0,-1.1270147478584878,da7mjb60ukec7383g08g
clamp_pca4,clamp,pca,4,0,1,hardware,13,clamp:607,0,0,-0.9509465634336771,da7mjb60ukec7383g08g
clamp_pca4,clamp,pca,4,0,1,hardware,14,clamp:139,0,0,-0.04264424666019507,da7mjb60ukec7383g08g
clamp_pca4,clamp,pca,4,0,1,hardware,15,clamp:1856,0,1,0.8459233289120429,da7mjb60ukec7383g08g
clamp_pca4,clamp,pca,4,0,1,hardware,16,clamp:2028,0,0,-0.6734560203692128,da7mjb60ukec7383g08g
clamp_pca4,clamp,pca,4,0,1,hardware,17,clamp:1312,0,0,-0.502013582796307,da7mjb60ukec7383g08g
clamp_pca4,clamp,pca,4,0,1,hardware,18,clamp:950,0,0,-0.6825074126730166,da7mjb60ukec7383g08g
clamp_pca4,clamp,pca,4,0,1,hardware,19,clamp:1568,0,0,-0.7383746480768925,da7mjb60ukec7383g08g
clamp_pca4,clamp,pca,4,0,1,hardware,20,clamp:922,0,1,0.5875452291762904,da7mjb60ukec7383g08g
clamp_pca4,clamp,pca,4,0,1,hardware,21,clamp:958,0,0,-1.5097042442858142,da7mjb60ukec7383g08g
clamp_pca4,clamp,pca,4,0,1,hardware,22,clamp:2073,0,1,0.7631271915430662,da7mjb60ukec7383g08g
clamp_pca4,clamp,pca,4,0,1,hardware,23,clamp:109,0,1,0.8081724458503912,da7mjb60ukec7383g08g
clamp_pca4,clamp,pca,4,0,1,hardware,24,clamp:1291,0,0,-0.9277363166180024,da7mjb60ukec7383g08g
clamp_pca4,clamp,pca,4,0,1,hardware,25,clamp:1197,0,1,0.5437572271456994,da7mjb60ukec7383g08g
clamp_pca4,clamp,pca,4,0,1,hardware,26,clamp:2459,0,0,-2.3480323480980863,da7mjb60ukec7383g08g
clamp_pca4,clamp,pca,4,0,1,hardware,27,clamp:1683,0,1,0.28118574254996265,da7mjb60ukec7383g08g
clamp_pca4,clamp,pca,4,0,1,hardware,28,clamp:320,0,0,-0.10792859575173552,da7mjb60ukec7383g08g
clamp_pca4,clamp,pca,4,0,1,hardware,29,clamp:927,0,1,0.9568592632636317,da7mjb60ukec7383g08g
clamp_pca4,clamp,pca,4,0,1,hardware,30,clamp:1424,0,0,-0.9170924135806535,da7mjb60ukec7383g08g
clamp_pca4,clamp,pca,4,0,1,hardware,31,clamp:1832,0,0,-0.956450949319338,da7mjb60ukec7383g08g
clamp_pca4,clamp,pca,4,0,1,hardware,32,clamp:1796,0,0,-0.9287315454697449,da7mjb60ukec7383g08g
clamp_pca4,clamp,pca,4,0,1,hardware,33,clamp:1154,0,0,-1.7345243874096523,da7mjb60ukec7383g08g
clamp_pca4,clamp,pca,4,0,1,hardware,34,clamp:744,0,0,-1.4408064193553138,da7mjb60ukec7383g08g
clamp_pca4,clamp,pca,4,0,1,hardware,35,clamp:759,0,0,-0.9048293828247571,da7mjb60ukec7383g08g
clamp_pca4,clamp,pca,4,0,1,hardware,36,clamp:1082,0,0,-1.3379075181382412,da7mjb60ukec7383g08g
clamp_pca4,clamp,pca,4,0,1,hardware,37,clamp:1936,0,0,-0.010784062919305983,da7mjb60ukec7383g08g
clamp_pca4,clamp,pca,4,0,1,hardware,38,clamp:834,0,0,-1.4717307761182439,da7mjb60ukec7383g08g
clamp_pca4,clamp,pca,4,0,1,hardware,39,clamp:360,0,0,-0.5408949819219258,da7mjb60ukec7383g08g
clamp_pca4,clamp,pca,4,0,1,hardware,40,clamp:3556,1,0,-0.9558455405643884,da7mjb60ukec7383g08g
clamp_pca4,clamp,pca,4,0,1,hardware,41,clamp:3741,1,1,0.2148696692508314,da7mjb60ukec7383g08g
clamp_pca4,clamp,pca,4,0,1,hardware,42,clamp:3085,1,1,0.8248899802101266,da7mjb60ukec7383g08g
clamp_pca4,clamp,pca,4,0,1,hardware,43,clamp:4967,1,1,0.4911462045666557,da7mjb60ukec7383g08g
clamp_pca4,clamp,pca,4,0,1,hardware,44,clamp:5000,1,1,1.2774774387162675,da7mjb60ukec7383g08g
clamp_pca4,clamp,pca,4,0,1,hardware,45,clamp:3359,1,0,-0.7208663215497997,da7mjb60ukec7383g08g
clamp_pca4,clamp,pca,4,0,1,hardware,46,clamp:3832,1,0,-0.5296830687780023,da7mjb60ukec7383g08g
clamp_pca4,clamp,pca,4,0,1,hardware,47,clamp:2609,1,1,0.024630913213224158,da7mjb60ukec7383g08g
clamp_pca4,clamp,pca,4,0,1,hardware,48,clamp:3804,1,1,1.1209805228775898,da7mjb60ukec7383g08g
clamp_pca4,clamp,pca,4,0,1,hardware,49,clamp:4549,1,0,-0.6112217832198454,da7mjb60ukec7383g08g
clamp_pca4,clamp,pca,4,0,1,hardware,50,clamp:2965,1,0,-0.23515348702812666,da7mjb60ukec7383g08g
clamp_pca4,clamp,pca,4,0,1,hardware,51,clamp:4655,1,1,0.9171321256473841,da7mjb60ukec7383g08g
clamp_pca4,clamp,pca,4,0,1,hardware,52,clamp:3567,1,1,0.9590826443691036,da7mjb60ukec7383g08g
clamp_pca4,clamp,pca,4,0,1,hardware,53,clamp:2683,1,0,-1.3610956354177732,da7mjb60ukec7383g08g
clamp_pca4,clamp,pca,4,0,1,hardware,54,clamp:3472,1,1,0.6665148560661556,da7mjb60ukec7383g08g
clamp_pca4,clamp,pca,4,0,1,hardware,55,clamp:3277,1,0,-0.30935927399664864,da7mjb60ukec7383g08g
clamp_pca4,clamp,pca,4,0,1,hardware,56,clamp:3562,1,1,0.27751553501048143,da7mjb60ukec7383g08g
clamp_pca4,clamp,pca,4,0,1,hardware,57,clamp:4226,1,0,-0.0823648023180068,da7mjb60ukec7383g08g
clamp_pca4,clamp,pca,4,0,1,hardware,58,clamp:2539,1,1,1.1874726841379586,da7mjb60ukec7383g08g
clamp_pca4,clamp,pca,4,0,1,hardware,59,clamp:5043,1,1,0.38258106310418993,da7mjb60ukec7383g08g
clamp_pca4,clamp,pca,4,0,1,hardware,60,clamp:3041,1,1,0.8165252737582862,da7mjb60ukec7383g08g
clamp_pca4,clamp,pca,4,0,1,hardware,61,clamp:2790,1,1,0.3399933963470979,da7mjb60ukec7383g08g
clamp_pca4,clamp,pca,4,0,1,hardware,62,clamp:4513,1,1,1.3477970930489036,da7mjb60ukec7383g08g
clamp_pca4,clamp,pca,4,0,1,hardware,63,clamp:2800,1,1,1.4042922639504543,da7mjb60ukec7383g08g
clamp_pca4,clamp,pca,4,0,1,hardware,64,clamp:4086,1,1,1.4307792303758944,da7mjb60ukec7383g08g
clamp_pca4,clamp,pca,4,0,1,hardware,65,clamp:3323,1,1,1.474335236291507,da7mjb60ukec7383g08g
clamp_pca4,clamp,pca,4,0,1,hardware,66,clamp:4083,1,0,-1.2329413610619806,da7mjb60ukec7383g08g
clamp_pca4,clamp,pca,4,0,1,hardware,67,clamp:3502,1,0,-0.5018556494456121,da7mjb60ukec7383g08g
clamp_pca4,clamp,pca,4,0,1,hardware,68,clamp:2942,1,1,0.9177666947767509,da7mjb60ukec7383g08g
clamp_pca4,clamp,pca,4,0,1,hardware,69,clamp:2736,1,0,-0.27216572784536286,da7mjb60ukec7383g08g
clamp_pca4,clamp,pca,4,0,1,hardware,70,clamp:3934,1,0,-0.16135889351605215,da7mjb60ukec7383g08g
clamp_pca4,clamp,pca,4,0,1,hardware,71,clamp:3604,1,1,0.4441186235360508,da7mjb60ukec7383g08g
clamp_pca4,clamp,pca,4,0,1,hardware,72,clamp:3106,1,1,1.3536594218428761,da7mjb60ukec7383g08g
clamp_pca4,clamp,pca,4,0,1,hardware,73,clamp:2810,1,0,-0.07545042210930664,da7mjb60ukec7383g08g
clamp_pca4,clamp,pca,4,0,1,hardware,74,clamp:4020,1,1,1.2191578349998815,da7mjb60ukec7383g08g
clamp_pca4,clamp,pca,4,0,1,hardware,75,clamp:3687,1,1,0.10567399917932457,da7mjb60ukec7383g08g
clamp_pca4,clamp,pca,4,0,1,hardware,76,clamp:4062,1,1,1.162534448507966,da7mjb60ukec7383g08g
clamp_pca4,clamp,pca,4,0,1,hardware,77,clamp:3438,1,1,1.3445913164287733,da7mjb60ukec7383g08g
clamp_pca4,clamp,pca,4,0,1,hardware,78,clamp:3533,1,0,-0.33660033705262427,da7mjb60ukec7383g08g
clamp_pca4,clamp,pca,4,0,1,hardware,79,clamp:4210,1,1,1.3174547060354942,da7mjb60ukec7383g08g
fabiana_native8,fabiana,native,8,0,1,hardware,0,fabiana:591,0,0,-1.002775761263817,da7mjbmsidac73afi33g
fabiana_native8,fabiana,native,8,0,1,hardware,1,fabiana:77,0,0,-1.1447835485734128,da7mjbmsidac73afi33g
fabiana_native8,fabiana,native,8,0,1,hardware,2,fabiana:742,0,0,-1.0549620413320686,da7mjbmsidac73afi33g
fabiana_native8,fabiana,native,8,0,1,hardware,3,fabiana:627,0,0,-0.26922063165305676,da7mjbmsidac73afi33g
fabiana_native8,fabiana,native,8,0,1,hardware,4,fabiana:390,0,1,0.7420500642786301,da7mjbmsidac73afi33g
fabiana_native8,fabiana,native,8,0,1,hardware,5,fabiana:1063,0,0,-1.14567180368761,da7mjbmsidac73afi33g
fabiana_native8,fabiana,native,8,0,1,hardware,6,fabiana:951,0,0,-0.9872408802691507,da7mjbmsidac73afi33g
fabiana_native8,fabiana,native,8,0,1,hardware,7,fabiana:723,0,0,-0.8293043465811577,da7mjbmsidac73afi33g
fabiana_native8,fabiana,native,8,0,1,hardware,8,fabiana:68,0,0,-0.9818908362995523,da7mjbmsidac73afi33g
fabiana_native8,fabiana,native,8,0,1,hardware,9,fabiana:584,0,0,-1.148756221982553,da7mjbmsidac73afi33g
fabiana_native8,fabiana,native,8,0,1,hardware,10,fabiana:618,0,0,-1.1196132290048806,da7mjbmsidac73afi33g
fabiana_native8,fabiana,native,8,0,1,hardware,11,fabiana:6,0,0,-1.1214598202850627,da7mjbmsidac73afi33g
fabiana_native8,fabiana,native,8,0,1,hardware,12,fabiana:314,0,0,-1.1392410886697606,da7mjbmsidac73afi33g
fabiana_native8,fabiana,native,8,0,1,hardware,13,fabiana:320,0,0,-1.073000487330284,da7mjbmsidac73afi33g
fabiana_native8,fabiana,native,8,0,1,hardware,14,fabiana:1106,0,0,-1.0657685690161198,da7mjbmsidac73afi33g
fabiana_native8,fabiana,native,8,0,1,hardware,15,fabiana:1009,0,0,-1.060979575072507,da7mjbmsidac73afi33g
fabiana_native8,fabiana,native,8,0,1,hardware,16,fabiana:486,0,0,-1.0749175948415504,da7mjbmsidac73afi33g
fabiana_native8,fabiana,native,8,0,1,hardware,17,fabiana:837,0,0,-0.9974139608507203,da7mjbmsidac73afi33g
fabiana_native8,fabiana,native,8,0,1,hardware,18,fabiana:909,0,0,-0.7634998509644199,da7mjbmsidac73afi33g
fabiana_native8,fabiana,native,8,0,1,hardware,19,fabiana:65,0,0,-0.7153427483534115,da7mjbmsidac73afi33g
fabiana_native8,fabiana,native,8,0,1,hardware,20,fabiana:353,0,0,-0.7635723828686062,da7mjbmsidac73afi33g
fabiana_native8,fabiana,native,8,0,1,hardware,21,fabiana:991,0,0,-1.0043656881516019,da7mjbmsidac73afi33g
fabiana_native8,fabiana,native,8,0,1,hardware,22,fabiana:756,0,0,-0.902481059906764,da7mjbmsidac73afi33g
fabiana_native8,fabiana,native,8,0,1,hardware,23,fabiana:557,0,0,-0.9294006524101005,da7mjbmsidac73afi33g
fabiana_native8,fabiana,native,8,0,1,hardware,24,fabiana:589,0,0,-0.708389305310091,da7mjbmsidac73afi33g
fabiana_native8,fabiana,native,8,0,1,hardware,25,fabiana:770,0,0,-1.0850114094168988,da7mjbmsidac73afi33g
fabiana_native8,fabiana,native,8,0,1,hardware,26,fabiana:542,0,0,-0.9900488763401102,da7mjbmsidac73afi33g
fabiana_native8,fabiana,native,8,0,1,hardware,27,fabiana:516,0,0,-1.065347091322152,da7mjbmsidac73afi33g
fabiana_native8,fabiana,native,8,0,1,hardware,28,fabiana:1112,0,0,-1.0363291612588426,da7mjbmsidac73afi33g
fabiana_native8,fabiana,native,8,0,1,hardware,29,fabiana:602,0,0,-1.0071463806426832,da7mjbmsidac73afi33g
fabiana_native8,fabiana,native,8,0,1,hardware,30,fabiana:1054,0,0,-1.022579119685219,da7mjbmsidac73afi33g
fabiana_native8,fabiana,native,8,0,1,hardware,31,fabiana:1000,0,0,-0.7928583657994243,da7mjbmsidac73afi33g
fabiana_native8,fabiana,native,8,0,1,hardware,32,fabiana:158,0,0,-0.995910157396975,da7mjbmsidac73afi33g
fabiana_native8,fabiana,native,8,0,1,hardware,33,fabiana:441,0,0,-1.0329131616382234,da7mjbmsidac73afi33g
fabiana_native8,fabiana,native,8,0,1,hardware,34,fabiana:342,0,0,-1.0362832465091234,da7mjbmsidac73afi33g
fabiana_native8,fabiana,native,8,0,1,hardware,35,fabiana:803,0,0,-0.93965292174021,da7mjbmsidac73afi33g
fabiana_native8,fabiana,native,8,0,1,hardware,36,fabiana:269,0,0,-1.0001674531928701,da7mjbmsidac73afi33g
fabiana_native8,fabiana,native,8,0,1,hardware,37,fabiana:1133,0,0,-1.0062231006177753,da7mjbmsidac73afi33g
fabiana_native8,fabiana,native,8,0,1,hardware,38,fabiana:210,0,0,-0.8193847705212568,da7mjbmsidac73afi33g
fabiana_native8,fabiana,native,8,0,1,hardware,39,fabiana:1038,0,0,-1.014500760089991,da7mjbmsidac73afi33g
fabiana_native8,fabiana,native,8,0,1,hardware,40,fabiana:429,1,1,0.937306185081624,da7mjbmsidac73afi33g
fabiana_native8,fabiana,native,8,0,1,hardware,41,fabiana:1118,1,1,0.878433224291691,da7mjbmsidac73afi33g
fabiana_native8,fabiana,native,8,0,1,hardware,42,fabiana:454,1,1,0.7624761808151459,da7mjbmsidac73afi33g
fabiana_native8,fabiana,native,8,0,1,hardware,43,fabiana:487,1,1,0.9740078375280782,da7mjbmsidac73afi33g
fabiana_native8,fabiana,native,8,0,1,hardware,44,fabiana:274,1,1,0.9838690315799351,da7mjbmsidac73afi33g
fabiana_native8,fabiana,native,8,0,1,hardware,45,fabiana:183,1,1,0.9566312815441982,da7mjbmsidac73afi33g
fabiana_native8,fabiana,native,8,0,1,hardware,46,fabiana:965,1,1,1.0003791541369988,da7mjbmsidac73afi33g
fabiana_native8,fabiana,native,8,0,1,hardware,47,fabiana:830,1,1,1.1174592052070513,da7mjbmsidac73afi33g
fabiana_native8,fabiana,native,8,0,1,hardware,48,fabiana:911,1,1,0.8538481709581811,da7mjbmsidac73afi33g
fabiana_native8,fabiana,native,8,0,1,hardware,49,fabiana:578,1,1,1.0335247499558946,da7mjbmsidac73afi33g
fabiana_native8,fabiana,native,8,0,1,hardware,50,fabiana:75,1,1,0.7547015519001743,da7mjbmsidac73afi33g
fabiana_native8,fabiana,native,8,0,1,hardware,51,fabiana:828,1,1,0.8455047972847456,da7mjbmsidac73afi33g
fabiana_native8,fabiana,native,8,0,1,hardware,52,fabiana:573,1,1,0.7953866763016442,da7mjbmsidac73afi33g
fabiana_native8,fabiana,native,8,0,1,hardware,53,fabiana:722,1,1,0.7305762573344095,da7mjbmsidac73afi33g
fabiana_native8,fabiana,native,8,0,1,hardware,54,fabiana:942,1,1,0.8357521190832207,da7mjbmsidac73afi33g
fabiana_native8,fabiana,native,8,0,1,hardware,55,fabiana:675,1,1,0.8199633390267955,da7mjbmsidac73afi33g
fabiana_native8,fabiana,native,8,0,1,hardware,56,fabiana:365,1,1,0.6486479510197898,da7mjbmsidac73afi33g
fabiana_native8,fabiana,native,8,0,1,hardware,57,fabiana:179,1,1,0.8716933223333676,da7mjbmsidac73afi33g
fabiana_native8,fabiana,native,8,0,1,hardware,58,fabiana:661,1,1,0.8881862964756619,da7mjbmsidac73afi33g
fabiana_native8,fabiana,native,8,0,1,hardware,59,fabiana:891,1,1,0.6566999901496682,da7mjbmsidac73afi33g
fabiana_native8,fabiana,native,8,0,1,hardware,60,fabiana:200,1,1,0.9235331910826651,da7mjbmsidac73afi33g
fabiana_native8,fabiana,native,8,0,1,hardware,61,fabiana:550,1,1,0.4980000748227486,da7mjbmsidac73afi33g
fabiana_native8,fabiana,native,8,0,1,hardware,62,fabiana:1090,1,1,0.8632607780821828,da7mjbmsidac73afi33g
fabiana_native8,fabiana,native,8,0,1,hardware,63,fabiana:1036,1,1,0.8368982758432986,da7mjbmsidac73afi33g
fabiana_native8,fabiana,native,8,0,1,hardware,64,fabiana:48,1,1,0.7229296465770088,da7mjbmsidac73afi33g
fabiana_native8,fabiana,native,8,0,1,hardware,65,fabiana:587,1,1,0.8506496526500977,da7mjbmsidac73afi33g
fabiana_native8,fabiana,native,8,0,1,hardware,66,fabiana:186,1,1,0.839851014366314,da7mjbmsidac73afi33g
fabiana_native8,fabiana,native,8,0,1,hardware,67,fabiana:492,1,1,0.8808030990128145,da7mjbmsidac73afi33g
fabiana_native8,fabiana,native,8,0,1,hardware,68,fabiana:512,1,1,1.0698383839897756,da7mjbmsidac73afi33g
fabiana_native8,fabiana,native,8,0,1,hardware,69,fabiana:835,1,1,0.8401950031556676,da7mjbmsidac73afi33g
fabiana_native8,fabiana,native,8,0,1,hardware,70,fabiana:790,1,1,0.824052312525229,da7mjbmsidac73afi33g
fabiana_native8,fabiana,native,8,0,1,hardware,71,fabiana:700,1,1,0.4946619053136961,da7mjbmsidac73afi33g
fabiana_native8,fabiana,native,8,0,1,hardware,72,fabiana:668,1,1,0.6062487940904042,da7mjbmsidac73afi33g
fabiana_native8,fabiana,native,8,0,1,hardware,73,fabiana:842,1,1,0.8461238114620749,da7mjbmsidac73afi33g
fabiana_native8,fabiana,native,8,0,1,hardware,74,fabiana:205,1,1,0.880260836449144,da7mjbmsidac73afi33g
fabiana_native8,fabiana,native,8,0,1,hardware,75,fabiana:222,1,1,0.9245349902199895,da7mjbmsidac73afi33g
fabiana_native8,fabiana,native,8,0,1,hardware,76,fabiana:402,1,1,0.9353057583276421,da7mjbmsidac73afi33g
fabiana_native8,fabiana,native,8,0,1,hardware,77,fabiana:141,1,1,0.957643332998843,da7mjbmsidac73afi33g
fabiana_native8,fabiana,native,8,0,1,hardware,78,fabiana:116,1,1,0.9635511845950073,da7mjbmsidac73afi33g
fabiana_native8,fabiana,native,8,0,1,hardware,79,fabiana:117,1,1,0.5406425490948918,da7mjbmsidac73afi33g
